id,street,city,postcode
ADR_000001,654 Jason Track,Chiang Mai,44619
ADR_000002,407 Teresa Lane Apt. 849,Mumbai,47901
ADR_000003,341 Michelle Light,Istanbul,36935
ADR_000004,192 Frank Light Suite 835,Dubai,07832
ADR_000005,39537 Wilkerson Row Suite 242,Abu Dhabi,32826
ADR_000006,653 William Course Apt. 122,Chiang Mai,89693
ADR_000007,184 Rodriguez Mews,Bangkok,21231
ADR_000008,281 Skinner Parkways Apt. 252,Phuket,71198
ADR_000009,15430 Natalie Common Apt. 718,Bangkok,16984
ADR_000010,346 Kim Path,Sharjah,59678
ADR_000011,98393 Chad Roads Apt. 310,Ankara,43810
ADR_000012,82997 Kristen Valley Suite 311,Mumbai,86875
ADR_000013,106 Mcbride Coves,Dubai,33092
ADR_000014,7317 Brent Plains,Singapore,02435
ADR_000015,7736 Franklin Alley,Mumbai,51674
ADR_000016,872 Kenneth Centers Apt. 500,Mumbai,77070
ADR_000017,81219 Emma Freeway,Phuket,53424
ADR_000018,909 Robert Prairie,Bangkok,74586
ADR_000019,47510 Howell Port Apt. 183,New Delhi,66808
ADR_000020,2784 Elizabeth Plaza Suite 124,Chiang Mai,15630
ADR_000021,740 Cynthia Village Suite 005,Ankara,17647
ADR_000022,680 Charles Spurs Apt. 805,Singapore,76851
ADR_000023,5053 Elizabeth Knoll,Istanbul,73886
ADR_000024,26025 Pham Way,Dubai,96846
ADR_000025,0733 Bailey View,New Delhi,30332
ADR_000026,5868 Crosby Crescent,Abu Dhabi,34738
ADR_000027,655 Obrien Pass,Sharjah,15658
ADR_000028,88356 Stacy Isle Suite 148,Singapore,41039
ADR_000029,66299 Sullivan Village,Mumbai,00554
ADR_000030,7738 Leon Underpass Apt. 148,Bengaluru,87513
ADR_000031,32003 Carr Trafficway Apt. 769,Bangkok,25986
ADR_000032,20163 Linda Square Suite 083,Singapore,16407
ADR_000033,9868 Merritt Summit Suite 743,New Delhi,84080
ADR_000034,7143 Rogers Plains,Chiang Mai,11062
ADR_000035,66587 Brown Village,Chennai,55570
ADR_000036,0546 Medina Street Apt. 734,Mumbai,57626
ADR_000037,2980 Vargas Shore,Chennai,04053
ADR_000038,5375 Juarez Light Suite 641,Bangkok,62145
ADR_000039,10033 Christine Garden Apt. 719,Chiang Mai,29070
ADR_000040,99124 Beth Inlet Suite 631,Sharjah,78108
ADR_000041,919 Michael Meadow Suite 185,Phuket,02159
ADR_000042,262 Gilbert Plain Suite 769,Singapore,35680
ADR_000043,79965 Troy Islands Apt. 735,Ankara,34363
ADR_000044,083 John Lodge Suite 837,Singapore,85160
ADR_000045,63495 Tran Key Suite 855,Istanbul,92625
ADR_000046,82337 Hardy Trace Suite 134,Chennai,30317
ADR_000047,0084 Dana Terrace,Istanbul,64841
ADR_000048,5204 Wilson Circles Suite 719,Singapore,83003
ADR_000049,31869 Kimberly Light Suite 749,Singapore,56708
ADR_000050,34123 Andrea Estate,New Delhi,00851
ADR_000051,44713 French Road,Mumbai,77805
ADR_000052,2102 Larson Views,Antalya,75108
ADR_000053,648 Kim Rapid Apt. 659,New Delhi,33317
ADR_000054,490 Thomas Run,Singapore,58464
ADR_000055,717 Ortiz Islands Apt. 256,Bangkok,91422
ADR_000056,1545 Tara Lodge,Chiang Mai,67950
ADR_000057,770 Joseph Curve Suite 771,Abu Dhabi,04284
ADR_000058,8086 Jeffrey Ville,Dubai,15372
ADR_000059,4846 Baird Gardens,Chennai,60372
ADR_000060,46584 Justin Hills,Singapore,77432
ADR_000061,8755 Gibson Islands,Abu Dhabi,25228
ADR_000062,57662 Hanna Crossroad Suite 171,Dubai,69438
ADR_000063,2174 Hanson Locks,Chennai,85676
ADR_000064,091 Crystal Heights Apt. 161,Dubai,83567
ADR_000065,05045 Jordan Gardens Suite 922,Singapore,23447
ADR_000066,9237 Stevens Shores,Sharjah,01732
ADR_000067,821 Landry Radial Suite 647,Ankara,40100
ADR_000068,9594 Johnson Village,Chennai,86776
ADR_000069,743 Robinson Field,Singapore,81882
ADR_000070,104 Johnson Lakes,Phuket,96492
ADR_000071,85884 Jonathan Views,Singapore,63657
ADR_000072,685 Krystal Bridge,Chiang Mai,35164
ADR_000073,651 Thomas River Suite 931,Singapore,83784
ADR_000074,04711 Paige Dale,Ankara,51441
ADR_000075,261 Gilbert Harbors Apt. 537,Bangkok,58788
ADR_000076,64317 Elizabeth Row Apt. 053,Antalya,17006
ADR_000077,335 Kristina Ranch,Phuket,00872
ADR_000078,10205 Brianna Brook Apt. 402,Mumbai,97719
ADR_000079,917 Sonia Cape Suite 700,Chennai,63282
ADR_000080,15921 Joshua Roads Suite 698,Chennai,39153
ADR_000081,7365 Ross Stream,Dubai,12964
ADR_000082,61528 Brenda Points,New Delhi,74121
ADR_000083,604 Bell Ports Apt. 273,Istanbul,14685
ADR_000084,8998 Chelsea Shoals,New Delhi,91395
ADR_000085,5022 Jones Streets Apt. 183,Chiang Mai,49809
ADR_000086,22901 Ramos Manors,Singapore,64157
ADR_000087,156 Justin Springs,New Delhi,78244
ADR_000088,34324 Murphy Avenue,Dubai,65694
ADR_000089,60607 Michelle Ports Suite 966,Mumbai,38448
ADR_000090,97516 John Radial Suite 816,Chennai,41169
ADR_000091,81883 Bell Viaduct,Sharjah,85100
ADR_000092,77997 Lin Road,Chennai,41937
ADR_000093,449 Michael Cliffs Suite 770,Mumbai,07957
ADR_000094,986 Carpenter Turnpike,Antalya,97352
ADR_000095,782 Shannon Valleys Suite 182,Phuket,05631
ADR_000096,892 Watson Haven Suite 659,Singapore,07364
ADR_000097,4925 Brandi Divide Suite 462,New Delhi,78494
ADR_000098,81685 Michael Falls Apt. 573,Bengaluru,30194
ADR_000099,880 Walter River,Mumbai,17677
ADR_000100,706 Rhodes Freeway,Ankara,58723
ADR_000101,347 Micheal Ports,Sharjah,58250
ADR_000102,39240 Sawyer Plaza Apt. 814,Chennai,11494
ADR_000103,1375 Robert Locks,Chennai,66300
ADR_000104,52204 Horton Dam Suite 790,Istanbul,10885
ADR_000105,986 Kimberly Freeway,Dubai,39973
ADR_000106,79808 Jennifer Highway,Sharjah,56762
ADR_000107,18518 Peter Mountains Apt. 654,Ankara,98453
ADR_000108,520 Payne Via,Singapore,84753
ADR_000109,221 Johnson Flats Apt. 305,New Delhi,41143
ADR_000110,0345 Michelle Isle Suite 156,Antalya,52932
ADR_000111,2775 Owen Stream Suite 169,Bengaluru,24153
ADR_000112,7962 Bell Canyon Suite 964,Sharjah,84317
ADR_000113,8202 Johnson Cliff Apt. 556,Singapore,74850
ADR_000114,5719 Alyssa Locks Suite 431,Bengaluru,03897
ADR_000115,144 Lewis Ridge Suite 731,Chiang Mai,18291
ADR_000116,55188 Vance Vista Apt. 258,Dubai,29892
ADR_000117,58957 Cheryl Corners Apt. 467,Phuket,69404
ADR_000118,177 Anderson Village Apt. 268,Sharjah,07764
ADR_000119,25358 Singleton Glen Apt. 842,Antalya,82423
ADR_000120,922 Kirby Port,Phuket,05900
ADR_000121,396 Tyler Road Suite 473,Ankara,90284
ADR_000122,7359 Larry Stravenue Suite 562,Singapore,49068
ADR_000123,1473 Colin Highway,Abu Dhabi,50852
ADR_000124,532 Ferrell Mountain Suite 470,Dubai,12303
ADR_000125,04797 Herrera Vista Apt. 624,Singapore,95856
ADR_000126,8416 Duran Harbors,Singapore,82190
ADR_000127,5585 James Pass,Antalya,53111
ADR_000128,8729 Mark Ridge Suite 269,Mumbai,97405
ADR_000129,409 Baker Shoal Apt. 097,Chiang Mai,22850
ADR_000130,30913 Scott Manor Apt. 636,Bangkok,66275
ADR_000131,283 Bolton Neck,Istanbul,69376
ADR_000132,549 Lee Gateway Suite 843,New Delhi,39509
ADR_000133,7584 Martinez Springs Suite 652,Singapore,38571
ADR_000134,733 Fitzpatrick Square Suite 219,New Delhi,97611
ADR_000135,16571 Adam Plaza,Phuket,21202
ADR_000136,5401 Amanda Stream,Istanbul,05389
ADR_000137,7240 Kenneth Rapids,Chiang Mai,14565
ADR_000138,15274 Alexis Junction Suite 932,Chiang Mai,80580
ADR_000139,516 Jack Dam Suite 530,Chiang Mai,34682
ADR_000140,5301 Parker Lodge,Chennai,90426
ADR_000141,145 Jeffrey Dale Suite 279,Ankara,49472
ADR_000142,91878 Miller Port,Bangkok,15208
ADR_000143,58713 Davis Pass,Singapore,58891
ADR_000144,087 Cummings Locks Suite 039,Bengaluru,10073
ADR_000145,70462 Katie Stream,Phuket,85157
ADR_000146,1825 Gregory Plain Suite 823,Singapore,00956
ADR_000147,633 Reed Harbor Apt. 106,New Delhi,81100
ADR_000148,079 John Cape,Chiang Mai,53226
ADR_000149,84395 Young Wells,Singapore,19278
ADR_000150,687 Teresa Row,Chiang Mai,88495
ADR_000151,2462 Allen Fork Suite 270,Sharjah,74214
ADR_000152,3435 Sandra Vista,Mumbai,49138
ADR_000153,39837 Molly Isle,Ankara,40240
ADR_000154,739 Randy Garden,Istanbul,72863
ADR_000155,1753 Edwards Cape Apt. 204,Bangkok,73024
ADR_000156,69378 Scott View Suite 772,New Delhi,96546
ADR_000157,80801 Kathy Loop Apt. 312,New Delhi,01699
ADR_000158,700 Smith Pines Suite 840,Abu Dhabi,66327
ADR_000159,18233 Ochoa Grove,Chiang Mai,52523
ADR_000160,341 Clayton Light,Singapore,49937
ADR_000161,5918 Jerry Ways Suite 401,Chennai,90210
ADR_000162,50392 Hickman Hills,New Delhi,21793
ADR_000163,2185 Connor Fort Apt. 599,New Delhi,78568
ADR_000164,477 Michael Lane,Phuket,57104
ADR_000165,11426 Jodi Island Suite 110,Chiang Mai,40906
ADR_000166,8886 Anthony Knoll Apt. 995,Mumbai,50994
ADR_000167,839 Gina Extension,Mumbai,18699
ADR_000168,4647 Michael Gateway,Chennai,94990
ADR_000169,40659 Brock Isle,Bangkok,58201
ADR_000170,5937 Thompson Locks,Bengaluru,42331
ADR_000171,6465 Sarah Flats,Singapore,78125
ADR_000172,737 Guerra Cliff,Mumbai,54128
ADR_000173,1797 Ferguson Ways Suite 805,Abu Dhabi,92465
ADR_000174,35290 Rasmussen Isle,Antalya,56921
ADR_000175,5679 Michael Burg,Ankara,63778
ADR_000176,254 Gibson Ford,Bengaluru,68804
ADR_000177,40105 Erica Expressway Apt. 828,Sharjah,21490
ADR_000178,66093 Vargas Loaf,Chennai,01084
ADR_000179,182 Nguyen Mount,Sharjah,15437
ADR_000180,696 Michael Vista Suite 924,New Delhi,81042
ADR_000181,52866 Bailey Manors,Istanbul,24848
ADR_000182,274 Jacob Ville,New Delhi,59614
ADR_000183,8876 Perry Ville,Bengaluru,58677
ADR_000184,40438 Jackson Mount,Istanbul,74641
ADR_000185,148 Weaver Throughway,Phuket,05954
ADR_000186,34074 Atkins Corners Suite 133,Chennai,97181
ADR_000187,233 Ashley Place,Antalya,37343
ADR_000188,126 Victoria Way Apt. 232,Mumbai,93744
ADR_000189,466 Jones Underpass,Bengaluru,12703
ADR_000190,7590 Jessica Mount Suite 186,Ankara,29052
ADR_000191,5892 Kramer Springs Apt. 017,Abu Dhabi,02635
ADR_000192,424 Diamond Glen,New Delhi,11304
ADR_000193,436 Jane Alley Apt. 712,Phuket,78315
ADR_000194,62713 Davis Valley Apt. 155,Dubai,39724
ADR_000195,218 Chelsey Expressway,Singapore,58185
ADR_000196,11219 Bell Meadow Suite 234,Chennai,84992
ADR_000197,043 Julie Hill Apt. 376,Sharjah,15278
ADR_000198,5269 Diaz Springs,Singapore,23146
ADR_000199,104 Bill Circle,New Delhi,52664
ADR_000200,6188 Joshua Inlet Apt. 832,Phuket,70806
ADR_000201,6303 Sandy Crescent,Phuket,59925
ADR_000202,02027 Mills Tunnel,Chennai,94973
ADR_000203,56481 Joseph Ports,Ankara,82752
ADR_000204,252 Ayala Ports Apt. 380,Singapore,06273
ADR_000205,635 Robert Stravenue,Chiang Mai,42435
ADR_000206,38061 Cline Trail,Ankara,41224
ADR_000207,937 Vargas Park Apt. 832,Chennai,01336
ADR_000208,0641 Alyssa Freeway,Ankara,55527
ADR_000209,410 Phyllis Pike,Bangkok,54641
ADR_000210,261 Ryan Curve,New Delhi,31535
ADR_000211,557 Hall Flats Apt. 912,Ankara,14349
ADR_000212,4741 Eric Spur,Phuket,40375
ADR_000213,13568 Erica Green Apt. 067,Dubai,73370
ADR_000214,21003 James Locks Suite 199,New Delhi,34425
ADR_000215,15107 Gary Ports Suite 670,Chiang Mai,50666
ADR_000216,4720 Deborah Parks,Antalya,54501
ADR_000217,63838 Veronica Tunnel Suite 787,Istanbul,45594
ADR_000218,2059 Anthony Valleys Suite 078,Bangkok,47350
ADR_000219,8039 Kelly Villages,Mumbai,23269
ADR_000220,599 Anna Field,Mumbai,65018
ADR_000221,03930 Smith Ridges,Istanbul,26907
ADR_000222,0029 Kim Vista,Antalya,69483
ADR_000223,154 Taylor Estate Suite 752,Singapore,93192
ADR_000224,92644 Gregory Alley Suite 902,New Delhi,79457
ADR_000225,917 Mark Club,Abu Dhabi,31695
ADR_000226,0433 Michael Turnpike Apt. 006,Ankara,57939
ADR_000227,8617 Francisco Cliffs Apt. 405,Bengaluru,34727
ADR_000228,2181 Wheeler Ridges,Bengaluru,63774
ADR_000229,01533 Terry Stravenue Suite 443,Singapore,13072
ADR_000230,61497 Collin Ford Apt. 417,Bengaluru,15640
ADR_000231,862 Mcclure Land,New Delhi,24956
ADR_000232,9021 Elizabeth Valley,Antalya,71469
ADR_000233,687 Thomas Common Suite 089,New Delhi,68241
ADR_000234,72233 Brad Common,Sharjah,90039
ADR_000235,1168 Arnold Walks Suite 870,Chiang Mai,92305
ADR_000236,991 Anna Courts,Chennai,37999
ADR_000237,6799 Johnson Harbor Suite 299,Singapore,89736
ADR_000238,307 Prince Brooks Suite 444,Antalya,64938
ADR_000239,47546 Jacob Forest,Phuket,53869
ADR_000240,214 Taylor Vista,Singapore,69220
ADR_000241,07053 Richardson Mountain,Istanbul,66708
ADR_000242,727 Cooper Villages Suite 140,Singapore,51168
ADR_000243,33468 Michelle Trafficway,Singapore,89918
ADR_000244,034 Marquez Station,Chiang Mai,84746
ADR_000245,4374 Silva Avenue Suite 899,New Delhi,37552
ADR_000246,544 Lopez Path Apt. 096,Istanbul,87078
ADR_000247,744 Sullivan Street,Bengaluru,05130
ADR_000248,3875 Bruce Ville,Istanbul,86695
ADR_000249,2482 Pena Forges,Chennai,47068
ADR_000250,4947 Thomas Way Apt. 738,Dubai,16205
ADR_000251,23569 Thomas Wall,Sharjah,94305
ADR_000252,007 Clark Trail Apt. 927,Bangkok,12040
ADR_000253,0083 Dodson Islands Apt. 003,Antalya,30158
ADR_000254,942 Madison Hills Suite 789,Ankara,69198
ADR_000255,7532 Smith Fork,Chiang Mai,95812
ADR_000256,0648 Brittney Causeway,Sharjah,87266
ADR_000257,167 Martinez Glen,Bangkok,62681
ADR_000258,6184 Robert Cove,Bangkok,67555
ADR_000259,73934 Michael Lodge,Phuket,39213
ADR_000260,3001 Mary Skyway Suite 218,Mumbai,10337
ADR_000261,374 Marshall Courts Apt. 045,Phuket,89206
ADR_000262,22557 Johns Course,Abu Dhabi,49341
ADR_000263,6762 David Stream Apt. 216,Istanbul,77931
ADR_000264,9027 Rodriguez Loop Suite 014,Phuket,86349
ADR_000265,588 Ryan Stream,Singapore,33082
ADR_000266,89002 Christian Ways Apt. 175,Singapore,32075
ADR_000267,663 Stephen Unions,Chennai,75609
ADR_000268,0166 Angela Alley,Ankara,12414
ADR_000269,755 Lisa Vista,Chiang Mai,60067
ADR_000270,305 Gallegos Union,Phuket,38771
ADR_000271,61493 David Walk Suite 373,Chennai,94451
ADR_000272,7982 Smith Street,Singapore,06867
ADR_000273,922 Paul Rapid,Chiang Mai,79951
ADR_000274,9346 Waller Mission Apt. 269,Chennai,92253
ADR_000275,833 Claudia Highway Suite 228,Ankara,71606
ADR_000276,968 Rich Manors Apt. 810,Ankara,50422
ADR_000277,4204 Karen Bypass,New Delhi,47514
ADR_000278,863 Schwartz Causeway,Phuket,50515
ADR_000279,004 Christine Tunnel Suite 359,Chiang Mai,72146
ADR_000280,12281 Williams Harbors Suite 229,Singapore,33926
ADR_000281,59094 Tyler Plaza,Ankara,47435
ADR_000282,268 Davis Forges,Singapore,28465
ADR_000283,015 Allen Row Apt. 056,Mumbai,15361
ADR_000284,877 Kenneth Run Apt. 581,Abu Dhabi,13078
ADR_000285,36138 Lucas Cliffs,New Delhi,98397
ADR_000286,24819 Rhonda Lodge,Abu Dhabi,51361
ADR_000287,091 Jaclyn Cliffs,Phuket,47385
ADR_000288,147 Foster Shore Apt. 728,Singapore,29319
ADR_000289,245 Angela Point Apt. 100,Dubai,75568
ADR_000290,68222 Christina Glen Apt. 129,Singapore,07629
ADR_000291,1413 Lynn Knolls,Bangkok,17306
ADR_000292,135 Hayes Ridges Suite 929,Abu Dhabi,74800
ADR_000293,3364 Taylor Street,Phuket,43959
ADR_000294,91428 Jose Road,Istanbul,10523
ADR_000295,969 Rebecca Plaza,Mumbai,34660
ADR_000296,6394 Steven Pass,Singapore,12370
ADR_000297,272 Ashley Port,New Delhi,86931
ADR_000298,0373 Joseph Fort Apt. 385,New Delhi,51369
ADR_000299,84498 Nicholas Lane Suite 918,Dubai,33476
ADR_000300,7908 Scott Forks Apt. 843,Mumbai,20193
ADR_000301,365 Timothy Neck,Chiang Mai,63287
ADR_000302,99228 Patricia Drive,Bangkok,07829
ADR_000303,904 Jay Rest Suite 723,Istanbul,54341
ADR_000304,842 Nielsen Ranch,Bengaluru,77911
ADR_000305,88629 Gregory Ridges,Sharjah,79119
ADR_000306,72980 Boyd Land,Antalya,06194
ADR_000307,9916 Jonathan Trafficway Apt. 149,Singapore,71768
ADR_000308,818 Nicholas Ford,Abu Dhabi,90647
ADR_000309,8695 Braun Locks Apt. 688,Mumbai,63739
ADR_000310,562 Julie Mission Apt. 138,Bengaluru,53003
ADR_000311,60127 Davis Greens,Antalya,29568
ADR_000312,849 Sonya Viaduct Apt. 770,Dubai,26939
ADR_000313,205 Diana Estate,Chennai,11883
ADR_000314,9380 Samantha Plaza Suite 895,Ankara,46045
ADR_000315,6904 Richard Coves,Bengaluru,73721
ADR_000316,947 Hart Trail Apt. 577,Phuket,77417
ADR_000317,335 Moses Path Apt. 434,Mumbai,12691
ADR_000318,5539 White Summit,Istanbul,90037
ADR_000319,343 James Gateway,Phuket,81581
ADR_000320,080 Watson Island Suite 947,Phuket,24470
ADR_000321,208 Mendoza Plains,Bengaluru,04769
ADR_000322,1875 Alexander Fords,Singapore,50233
ADR_000323,84347 Diaz Parks Suite 365,Phuket,48352
ADR_000324,43866 Dustin Streets,Abu Dhabi,20102
ADR_000325,885 Evans Points,Antalya,74928
ADR_000326,1754 Ward Point Suite 506,Bengaluru,16391
ADR_000327,5587 Preston Light,Phuket,80935
ADR_000328,56996 Christian Junctions,Singapore,30413
ADR_000329,7598 Gutierrez Ferry Apt. 234,Istanbul,98002
ADR_000330,17800 Warren Corner,Bangkok,14123
ADR_000331,3347 David Villages Apt. 005,New Delhi,43125
ADR_000332,728 Brittany Motorway Suite 884,Antalya,46005
ADR_000333,4564 Kevin Alley,Phuket,69093
ADR_000334,7807 Evans Trafficway Suite 493,Chennai,01447
ADR_000335,3266 Jose Manors Apt. 894,New Delhi,37814
ADR_000336,797 Graves Overpass,Singapore,25114
ADR_000337,14427 Jesse Drive,Antalya,02431
ADR_000338,5705 Megan Drive Apt. 461,Sharjah,71698
ADR_000339,0136 Wright Bypass Apt. 718,Singapore,87795
ADR_000340,08814 Little Flat Suite 031,Ankara,31429
ADR_000341,163 Tanya Prairie Suite 925,Bangkok,12229
ADR_000342,52812 Hall Point,Bangkok,84996
ADR_000343,2407 Hansen Plains Suite 392,Sharjah,71754
ADR_000344,82744 Gibson Trail,Antalya,84128
ADR_000345,593 Le Shoals,Antalya,71143
ADR_000346,456 Rodriguez Pike,Sharjah,86863
ADR_000347,73109 Barrett Pine,Bangkok,82286
ADR_000348,717 Michael Summit,Mumbai,55020
ADR_000349,014 Shirley Path Apt. 138,Istanbul,51007
ADR_000350,861 Craig Squares,Istanbul,87695
ADR_000351,528 Mahoney Island Suite 566,Mumbai,95641
ADR_000352,8457 Moyer Alley,Mumbai,95700
ADR_000353,43350 Ellison Pass Apt. 107,Dubai,47117
ADR_000354,44196 Jessica Stream,Istanbul,43059
ADR_000355,409 Miller Centers,Mumbai,44330
ADR_000356,39060 Warren Island Apt. 583,Singapore,20580
ADR_000357,4622 Miller Ports,Abu Dhabi,98190
ADR_000358,8622 Hansen Oval,Chennai,52316
ADR_000359,14659 Daniel Loop,Singapore,56015
ADR_000360,2597 Scott Viaduct,Singapore,31104
ADR_000361,03924 Matthew Unions,New Delhi,15086
ADR_000362,206 Jonathan Circle Suite 394,Bangkok,07458
ADR_000363,4510 Dillon Run,Ankara,51163
ADR_000364,7981 James Mount,Abu Dhabi,73991
ADR_000365,6205 Kelly Hollow Apt. 840,Mumbai,82524
ADR_000366,432 Prince Shoals,Abu Dhabi,18492
ADR_000367,3926 Browning Isle,Abu Dhabi,59374
ADR_000368,832 Barker Pine,Phuket,18228
ADR_000369,1881 Lonnie Drive,Phuket,95800
ADR_000370,4742 Daniel Ferry Apt. 994,New Delhi,79878
ADR_000371,72897 White Loaf Suite 722,Chiang Mai,25831
ADR_000372,33127 Watts Way Suite 366,Bengaluru,05983
ADR_000373,177 Natalie Gardens,New Delhi,68488
ADR_000374,680 Kelly Locks,Chennai,40419
ADR_000375,4908 Steven Rue,Phuket,59705
ADR_000376,826 Morris Burg,Chiang Mai,23946
ADR_000377,45211 Jasmin Roads Suite 186,Singapore,95773
ADR_000378,602 Cunningham Shoals Apt. 222,Istanbul,93830
ADR_000379,2123 Cindy Glen Apt. 777,Phuket,71738
ADR_000380,39776 Miller Rapid Apt. 384,Singapore,81734
ADR_000381,05020 Rivera Corners,Singapore,06927
ADR_000382,998 Tammy Summit Suite 014,Istanbul,42813
ADR_000383,8147 David Wall,Bangkok,36469
ADR_000384,019 Timothy Spurs,Phuket,79770
ADR_000385,8995 Christina Parks Suite 729,Phuket,31004
ADR_000386,07139 Gutierrez Isle,Sharjah,46330
ADR_000387,1448 Wang Crescent Suite 569,Mumbai,81240
ADR_000388,770 Timothy Road Suite 857,Chiang Mai,54758
ADR_000389,588 Jared Spur Suite 512,Istanbul,37261
ADR_000390,962 Michelle Terrace,Dubai,40908
ADR_000391,57438 Thompson Landing Apt. 317,Dubai,66822
ADR_000392,7845 Kayla Courts,Singapore,68153
ADR_000393,6810 Randolph Spur,Bangkok,78395
ADR_000394,94353 Justin Place Suite 714,Singapore,20072
ADR_000395,85854 Sherry Unions,Chiang Mai,37629
ADR_000396,702 Thomas Spring Apt. 160,Ankara,11788
ADR_000397,545 Jennifer Skyway Apt. 792,Phuket,12679
ADR_000398,74773 Douglas Ridges Suite 562,Chennai,92200
ADR_000399,7017 Michael Mountain Apt. 459,Bangkok,75825
ADR_000400,8148 Morales Loop,Istanbul,31771
ADR_000401,53966 Stephens Freeway Apt. 197,Singapore,15485
ADR_000402,2461 Gina Ranch,New Delhi,50165
ADR_000403,022 Schmidt Loaf,Bangkok,81185
ADR_000404,9465 Brandi Ridge Suite 240,Istanbul,48895
ADR_000405,40369 Garrett Station Suite 666,Bangkok,71950
ADR_000406,6242 Alexander Rue Apt. 276,Antalya,18297
ADR_000407,278 Arnold Mission Suite 532,Istanbul,56176
ADR_000408,846 Johnson Camp,New Delhi,74969
ADR_000409,84781 John Roads,Bangkok,97715
ADR_000410,058 Taylor Passage Suite 956,Bangkok,46758
ADR_000411,09494 Crystal Prairie Apt. 904,Singapore,97150
ADR_000412,2944 Smith Creek Apt. 927,Istanbul,48967
ADR_000413,29276 Young Mill Apt. 395,Sharjah,07621
ADR_000414,6747 Noah Squares,Phuket,51628
ADR_000415,7658 Connor Place,Antalya,84049
ADR_000416,4414 Murray Spring Apt. 938,Singapore,44725
ADR_000417,06181 Bell Stream,Singapore,37633
ADR_000418,391 Christopher Rapids,Bengaluru,17528
ADR_000419,24471 Livingston Harbor,Bangkok,56466
ADR_000420,14066 Ferrell Green Suite 271,New Delhi,64951
ADR_000421,86391 Baldwin Cove,Antalya,05070
ADR_000422,0720 Elizabeth Grove Apt. 569,Chiang Mai,00986
ADR_000423,1830 Finley Viaduct Suite 198,Ankara,47545
ADR_000424,158 Miller Mount,Singapore,38506
ADR_000425,3461 Tucker Roads,New Delhi,57908
ADR_000426,93761 Porter Village,Dubai,59392
ADR_000427,1387 Joyce Fort,New Delhi,09942
ADR_000428,032 Gerald Causeway Suite 179,Sharjah,22873
ADR_000429,79931 Ronald Valleys,Abu Dhabi,97222
ADR_000430,3092 Brown Harbor,Istanbul,19013
ADR_000431,3902 Kylie Roads,Singapore,80774
ADR_000432,00219 Butler Valley Suite 232,Istanbul,84364
ADR_000433,092 Salazar Corners,New Delhi,82708
ADR_000434,18195 Steven Road,Bangkok,86920
ADR_000435,772 Elizabeth Cape,Bangkok,07582
ADR_000436,701 Sara Fall Apt. 078,Antalya,15713
ADR_000437,53153 Joel Loop Apt. 631,Singapore,62234
ADR_000438,39726 Taylor Stravenue Apt. 543,New Delhi,44526
ADR_000439,6253 Munoz Turnpike Apt. 983,Istanbul,11835
ADR_000440,4063 Mark Prairie Apt. 929,Antalya,01166
ADR_000441,8671 Simpson Corner,Bangkok,73703
ADR_000442,54310 Caldwell Estates,Sharjah,92684
ADR_000443,62570 Paul Spurs Suite 804,Abu Dhabi,56324
ADR_000444,195 Zachary Spring,Abu Dhabi,48209
ADR_000445,9055 Deborah Squares Apt. 832,Bengaluru,44400
ADR_000446,355 Gordon Manors,Singapore,36826
ADR_000447,8847 Marsh Square,Chennai,09102
ADR_000448,62411 Joshua Square,Singapore,19893
ADR_000449,8275 Wallace Rue Apt. 431,Istanbul,03389
ADR_000450,9557 Ellis Port Apt. 424,Chiang Mai,30225
ADR_000451,7292 White Extensions Apt. 231,Bengaluru,05894
ADR_000452,5238 Elizabeth Key Apt. 578,Bengaluru,21812
ADR_000453,5208 Holland Hill,Bangkok,62617
ADR_000454,751 Mccullough Dam,Chennai,89368
ADR_000455,398 Kimberly Trafficway,Bangkok,36929
ADR_000456,186 Tracy Rapids Apt. 562,Singapore,94343
ADR_000457,5478 Jason Mills Suite 742,Bangkok,95921
ADR_000458,912 Kevin Ways,Mumbai,69353
ADR_000459,06462 Page Throughway Apt. 326,Antalya,38441
ADR_000460,8730 Eric Hills Suite 146,Abu Dhabi,24011
ADR_000461,1959 Cunningham Ways Suite 715,Mumbai,67678
ADR_000462,7252 Joseph Manor,Antalya,83895
ADR_000463,321 Amy Well,Antalya,41947
ADR_000464,5189 Morrow Bridge Apt. 845,Antalya,64057
ADR_000465,32833 Robert Club,Bengaluru,15779
ADR_000466,4527 Jackson Hollow Apt. 132,Chiang Mai,91496
ADR_000467,61107 Williams Coves,Abu Dhabi,04799
ADR_000468,14011 Briana Flats Apt. 501,Antalya,19579
ADR_000469,2893 Cory Prairie Apt. 833,Phuket,37444
ADR_000470,138 Richardson Radial,Chiang Mai,24765
ADR_000471,3836 Kathleen Island Apt. 718,Abu Dhabi,18315
ADR_000472,7164 Burke Inlet,Bangkok,90553
ADR_000473,6317 White Spring Suite 167,Phuket,69007
ADR_000474,215 Matthew Ranch,Mumbai,53491
ADR_000475,994 Kelly Shores Suite 784,Singapore,19817
ADR_000476,20101 Gregory Fall Suite 952,Singapore,40183
ADR_000477,3477 Daniels Valleys Apt. 061,Bengaluru,50784
ADR_000478,427 Taylor Stravenue,Antalya,51498
ADR_000479,8280 Baker Ramp Suite 954,New Delhi,42507
ADR_000480,1655 Bell Shore Apt. 334,Phuket,78165
ADR_000481,52085 Steven Way Suite 986,Singapore,35447
ADR_000482,9659 Lindsey Courts Apt. 578,Phuket,87976
ADR_000483,3718 Karl Causeway Suite 963,New Delhi,82364
ADR_000484,1987 Clark Underpass Apt. 484,Bangkok,57243
ADR_000485,4987 Nicole Road Apt. 973,Mumbai,87114
ADR_000486,8969 Alexa Lakes Suite 232,Abu Dhabi,98337
ADR_000487,364 Lucas Glens,Ankara,90528
ADR_000488,7786 Lucas Camp,Bangkok,26976
ADR_000489,8207 Brian Corner Suite 941,Chiang Mai,53848
ADR_000490,19818 Crawford Course,Ankara,31706
ADR_000491,363 Daniel Forest Suite 764,Dubai,77765
ADR_000492,3425 Baldwin View Suite 090,Ankara,97422
ADR_000493,8645 Amanda Freeway,Istanbul,58487
ADR_000494,1343 Ruth Roads Suite 604,Bangkok,10999
ADR_000495,48156 Chavez Burgs,Sharjah,07329
ADR_000496,3459 Daniel Gateway,Antalya,68182
ADR_000497,7724 Grace Views Suite 431,New Delhi,54829
ADR_000498,08931 Gonzalez Squares,Antalya,22620
ADR_000499,867 Wilson Station,Chiang Mai,27127
ADR_000500,7626 Carol View Suite 362,Dubai,54047
ADR_000501,97359 Miller Mountains Apt. 563,Singapore,93999
ADR_000502,18005 Thomas Knoll Apt. 048,Chennai,81720
ADR_000503,242 Conrad Wells,Phuket,61853
ADR_000504,41502 Savage Village Suite 564,Singapore,35001
ADR_000505,87032 Jerry Camp Suite 427,Bangkok,57704
ADR_000506,7121 Davis Ways Suite 228,Phuket,36256
ADR_000507,089 Robert Club,Abu Dhabi,32765
ADR_000508,5915 Anthony Mount,Sharjah,93261
ADR_000509,050 Nguyen Street Apt. 304,Antalya,42859
ADR_000510,64236 Andrew Fords Apt. 664,Sharjah,85326
ADR_000511,492 Wade Village Suite 837,Chiang Mai,58886
ADR_000512,65926 Davis Passage Suite 732,Istanbul,65423
ADR_000513,4224 Alexandra Hill,Istanbul,75020
ADR_000514,186 Davis Shore,Singapore,94913
ADR_000515,72260 Robert Squares,Ankara,39514
ADR_000516,452 Jacob Summit Suite 168,Antalya,02849
ADR_000517,776 Turner Via,Chennai,81338
ADR_000518,303 Wong Run,Dubai,32191
ADR_000519,47276 Darren Drives,Singapore,97334
ADR_000520,79334 Williams Branch Apt. 667,New Delhi,97111
ADR_000521,76789 Hall Circle Apt. 695,Bengaluru,73017
ADR_000522,576 Evan Stream Apt. 757,Mumbai,30923
ADR_000523,46657 Christy Haven Apt. 722,New Delhi,26647
ADR_000524,54522 Lindsay Junction,Bangkok,56943
ADR_000525,4550 Kemp Walk,Abu Dhabi,90958
ADR_000526,1199 Madison Canyon Apt. 213,Antalya,47901
ADR_000527,125 Fuentes Crossing Apt. 760,Istanbul,32655
ADR_000528,6532 Cobb Dam Suite 667,Antalya,68154
ADR_000529,5626 Phillip Camp,Sharjah,87031
ADR_000530,846 Blackwell Squares,Bangkok,73063
ADR_000531,926 Schneider Plains Suite 563,Singapore,40023
ADR_000532,288 Lewis Pass Suite 852,Antalya,03570
ADR_000533,681 Mckenzie Green Suite 101,Chiang Mai,59317
ADR_000534,4492 Stone Gateway,New Delhi,14293
ADR_000535,66110 Beasley Mountains,Istanbul,28653
ADR_000536,886 Silva Roads Suite 776,Antalya,21845
ADR_000537,377 Julie Points,Mumbai,48910
ADR_000538,59408 David Inlet,Antalya,49582
ADR_000539,96044 Isaac Streets,Istanbul,64568
ADR_000540,497 Harrington Mountains Apt. 287,Istanbul,59474
ADR_000541,3658 Susan Mills Suite 120,Phuket,75473
ADR_000542,181 Stephanie Plains Apt. 983,Phuket,98878
ADR_000543,43397 Lindsay Rest,Bangkok,42500
ADR_000544,6260 Reyes Course,Istanbul,15527
ADR_000545,209 White Station Apt. 461,Bengaluru,42449
ADR_000546,1033 Trevor Terrace Suite 140,Chiang Mai,42225
ADR_000547,304 John Point Apt. 496,Mumbai,58956
ADR_000548,58238 Ali Point,Chiang Mai,59711
ADR_000549,200 Nelson Glen Suite 539,Istanbul,67390
ADR_000550,1284 Clark Parkways,Abu Dhabi,42221
ADR_000551,3795 Robin Dale Apt. 970,Bangkok,01756
ADR_000552,8118 Patricia Via Suite 156,New Delhi,79316
ADR_000553,75370 Julia Trace,Singapore,37349
ADR_000554,337 Johnson Park Apt. 036,Bengaluru,15042
ADR_000555,83999 Cameron Crossroad Apt. 249,Sharjah,30380
ADR_000556,08948 Smith Meadow Apt. 566,Istanbul,36419
ADR_000557,304 Patel Island,Ankara,01177
ADR_000558,361 James Isle,Phuket,41238
ADR_000559,95431 Allen Junctions Apt. 583,Chiang Mai,10057
ADR_000560,00651 Bryan Unions,Mumbai,58424
ADR_000561,080 Horn Locks,Singapore,13061
ADR_000562,66933 Jones Harbor Apt. 619,Abu Dhabi,88622
ADR_000563,197 Donna Hills Apt. 897,Singapore,20643
ADR_000564,4176 Nancy Square,Abu Dhabi,64372
ADR_000565,76601 Kirby Street Suite 485,Bengaluru,55504
ADR_000566,96417 Obrien Ways Suite 091,Istanbul,77878
ADR_000567,0577 Shelby Via Suite 039,Ankara,24190
ADR_000568,5534 Bowers Islands Suite 423,Bangkok,73701
ADR_000569,1559 Leslie Inlet,Bengaluru,13778
ADR_000570,7557 Fischer Extension,Bangkok,42805
ADR_000571,9131 Jennifer Wells,Dubai,87426
ADR_000572,499 Mario Fork,New Delhi,58505
ADR_000573,37320 Sanchez Brooks,Singapore,80745
ADR_000574,546 Diaz Freeway Suite 851,Chiang Mai,91359
ADR_000575,519 Jennifer Stravenue Apt. 749,Ankara,07474
ADR_000576,780 Woods Squares,Bangkok,19883
ADR_000577,976 Valerie Forge,Singapore,87244
ADR_000578,89509 Jennifer Knolls Apt. 191,Chennai,69939
ADR_000579,07151 Sophia Ports,Phuket,92373
ADR_000580,5264 Davis Green,Phuket,53116
ADR_000581,90805 Gary Pines Apt. 056,New Delhi,40643
ADR_000582,972 Theresa Court,Chennai,90046
ADR_000583,270 Savannah Underpass,Chennai,16266
ADR_000584,73929 Pace Shoals,Bangkok,72325
ADR_000585,2373 Williams Circle,Bengaluru,63471
ADR_000586,589 Sherman Row,Singapore,26837
ADR_000587,6170 Garcia Points Suite 964,Chennai,65724
ADR_000588,982 Stevenson Place Apt. 046,Mumbai,25173
ADR_000589,503 Stephen Ferry,Chiang Mai,29542
ADR_000590,52635 Williams Divide,Singapore,78980
ADR_000591,46066 Ramirez Field Suite 490,Chiang Mai,82622
ADR_000592,27128 Jackson Streets,Bangkok,34120
ADR_000593,16318 Gonzalez Path Apt. 771,Bangkok,15103
ADR_000594,9572 Harper Canyon,Bangkok,87385
ADR_000595,4257 Rachel Centers,Mumbai,51791
ADR_000596,71398 Hawkins Divide Suite 011,Abu Dhabi,54230
ADR_000597,13060 Lisa Trafficway,Chennai,74812
ADR_000598,649 Cole Summit Apt. 794,New Delhi,45740
ADR_000599,42642 Singh Meadows,New Delhi,39803
ADR_000600,53666 Quinn Mills Suite 755,Singapore,43231
ADR_000601,8654 Philip Mountains Apt. 874,Singapore,82236
ADR_000602,70369 Joshua Summit Apt. 693,Bangkok,20251
ADR_000603,980 Kristin Corner Apt. 005,Singapore,12290
ADR_000604,597 Morgan Extensions Suite 418,Chennai,21447
ADR_000605,431 Regina Court Apt. 267,Singapore,50225
ADR_000606,927 Tara Skyway Suite 515,Mumbai,09530
ADR_000607,541 Morrison Union,Mumbai,65348
ADR_000608,075 Brett Garden Suite 476,Chennai,44740
ADR_000609,90904 Gonzalez Mountains,Dubai,50310
ADR_000610,5254 Tracy Grove Apt. 715,Ankara,67189
ADR_000611,93110 Jill Junctions,Antalya,81432
ADR_000612,102 Samantha Common,Chennai,24824
ADR_000613,165 Thomas Flat,Bengaluru,93331
ADR_000614,012 Jose Wells,Mumbai,71541
ADR_000615,26949 Hunter Heights Apt. 645,Singapore,96897
ADR_000616,75096 Emily Stravenue,Chiang Mai,58950
ADR_000617,457 Harmon Neck,Bangkok,49055
ADR_000618,7756 Melton Mountain Suite 226,Mumbai,55498
ADR_000619,5062 Brittany Ferry,Sharjah,28942
ADR_000620,48433 Lawson Parks Suite 627,Singapore,87767
ADR_000621,736 Smith Inlet,Phuket,83274
ADR_000622,5259 Brown Mission Suite 633,Istanbul,43256
ADR_000623,595 Rachel Islands Apt. 993,Chiang Mai,33150
ADR_000624,87794 Shannon Tunnel Apt. 425,Singapore,08237
ADR_000625,5759 Madison Rue,Sharjah,25168
ADR_000626,66044 Douglas Burg Apt. 615,Phuket,61441
ADR_000627,47439 Mitchell Radial Apt. 501,Phuket,07372
ADR_000628,562 Austin Trace Apt. 459,Bangkok,99655
ADR_000629,21823 Karen Knolls,Chennai,44824
ADR_000630,281 Shane Crescent Suite 330,Chennai,85010
ADR_000631,32285 Hughes Roads,Dubai,88353
ADR_000632,103 Jason Prairie Suite 051,Sharjah,76730
ADR_000633,8586 Mary Throughway Suite 535,Dubai,34624
ADR_000634,21061 James Port Suite 394,Ankara,47809
ADR_000635,0325 Victor Stravenue,Sharjah,51431
ADR_000636,319 Nicole Walk Apt. 900,Ankara,36445
ADR_000637,3365 Joshua Shoal,Abu Dhabi,03436
ADR_000638,07201 Jenny Motorway,Istanbul,76493
ADR_000639,66007 Rivas Loop,Chennai,23441
ADR_000640,473 Johnson Groves Apt. 370,Phuket,85721
ADR_000641,5195 Hoover Plains,Bangkok,21983
ADR_000642,96575 Hernandez Spring Suite 865,Bangkok,57086
ADR_000643,58295 Melissa Ports,Istanbul,18788
ADR_000644,190 Michael Shores,Singapore,22088
ADR_000645,686 Barbara Summit Suite 137,Antalya,20909
ADR_000646,2143 Turner Fords,Abu Dhabi,71537
ADR_000647,47165 Smith Ranch,Phuket,39850
ADR_000648,707 Bell Glens,Dubai,92334
ADR_000649,706 Sydney Trace Apt. 748,Abu Dhabi,12566
ADR_000650,705 Tran Squares,New Delhi,59640
ADR_000651,718 Steven Square,Phuket,74563
ADR_000652,74204 Simmons Spur Apt. 137,Istanbul,64234
ADR_000653,35973 Stokes Crescent Apt. 222,Dubai,97540
ADR_000654,85816 Johnson Mews Suite 111,New Delhi,34943
ADR_000655,02192 Sean Plains,Ankara,49432
ADR_000656,32426 Nathan Pass,Ankara,02095
ADR_000657,3377 Lewis Extensions,Bengaluru,51338
ADR_000658,78192 Courtney Loop,Ankara,82502
ADR_000659,279 Lucas Throughway,Phuket,83776
ADR_000660,120 Ramirez Harbors,Antalya,61384
ADR_000661,769 Taylor Course Suite 588,Antalya,81289
ADR_000662,5393 Compton Fields,Bangkok,44409
ADR_000663,435 Harris Mountain,Singapore,76752
ADR_000664,75367 Randolph Mount Suite 249,Singapore,09944
ADR_000665,7789 Dixon Manor,New Delhi,26609
ADR_000666,22150 Melanie Harbors Apt. 884,Singapore,17202
ADR_000667,33999 Reilly Knoll Apt. 208,Mumbai,77062
ADR_000668,99471 John Lodge,Singapore,29464
ADR_000669,46996 Lewis Courts,Bangkok,11248
ADR_000670,84376 Morris Parks Suite 793,Chennai,49385
ADR_000671,5643 Roach Light,New Delhi,79201
ADR_000672,0695 James Overpass,Bangkok,57686
ADR_000673,7223 Meghan Light Suite 031,Antalya,93182
ADR_000674,2426 Pitts Ferry Apt. 642,Istanbul,68725
ADR_000675,30391 Kendra Grove Apt. 817,Bengaluru,73041
ADR_000676,8088 Phillip Expressway,Singapore,06837
ADR_000677,3721 Fernando Rest Apt. 162,Ankara,00576
ADR_000678,785 Walton Pine Suite 287,Chennai,17047
ADR_000679,6450 Freeman Terrace Apt. 362,Mumbai,59475
ADR_000680,03747 Owens Mountain,Bengaluru,49203
ADR_000681,5057 Eaton Well,Bengaluru,57305
ADR_000682,55348 Alex Courts Apt. 840,Abu Dhabi,03736
ADR_000683,9545 Laurie Prairie Apt. 776,Ankara,67868
ADR_000684,7422 Christopher Lights Suite 630,Phuket,06269
ADR_000685,8943 Vickie Estates,Dubai,05411
ADR_000686,17595 Sosa Green Suite 582,Bangkok,88024
ADR_000687,06745 Porter Stream,Abu Dhabi,53547
ADR_000688,37218 Gutierrez Locks,Bangkok,55458
ADR_000689,66626 Good Isle Suite 143,Ankara,64270
ADR_000690,3925 Carly Ramp,New Delhi,49895
ADR_000691,200 Thompson Dale,Istanbul,38698
ADR_000692,45109 Vanessa Ridges,Bengaluru,00528
ADR_000693,819 Taylor Mountain Suite 281,New Delhi,65567
ADR_000694,5844 Butler Freeway Suite 533,Phuket,60962
ADR_000695,21455 Jennifer Mews Suite 189,Istanbul,40156
ADR_000696,04627 Barrett Locks,Singapore,93449
ADR_000697,202 Perry Oval Suite 202,Singapore,31961
ADR_000698,559 Rogers Cove,Abu Dhabi,63782
ADR_000699,689 Ryan Street Apt. 798,Ankara,38537
ADR_000700,6799 Sandra Village,Sharjah,77950
ADR_000701,4083 Jeffrey View Suite 360,Chennai,56863
ADR_000702,490 Zhang Forest,New Delhi,70505
ADR_000703,83061 Lucas Neck Apt. 124,Singapore,22655
ADR_000704,1448 Charles Drives,Sharjah,16418
ADR_000705,17518 Dixon Orchard Suite 151,Singapore,46800
ADR_000706,22528 Timothy Throughway,Istanbul,83282
ADR_000707,23979 Theresa Summit Apt. 787,Abu Dhabi,51261
ADR_000708,55605 Miller Ville Apt. 988,Chennai,15770
ADR_000709,534 Carter Walks,Bangkok,14469
ADR_000710,45618 Jones Inlet Suite 600,Bangkok,37876
ADR_000711,14551 Barbara Prairie Apt. 304,Bangkok,41328
ADR_000712,416 Larry Wells Suite 154,Ankara,97637
ADR_000713,75681 Moore Points Apt. 152,Istanbul,24766
ADR_000714,228 Veronica Avenue,Bengaluru,89814
ADR_000715,63963 Cooper Lodge,Antalya,77934
ADR_000716,970 Richard Field Suite 292,Chiang Mai,84494
ADR_000717,016 Tammy Harbor,Istanbul,15261
ADR_000718,3722 Misty Islands,Bengaluru,54388
ADR_000719,3377 Kim Glen Apt. 672,Istanbul,08549
ADR_000720,2442 Hammond Mountains,Ankara,69915
ADR_000721,6427 Samuel Dale Apt. 376,Mumbai,29189
ADR_000722,148 Francis Brooks Apt. 913,Antalya,37569
ADR_000723,780 Susan Islands,Mumbai,90893
ADR_000724,4936 Davis Mountains Apt. 350,Singapore,44560
ADR_000725,92360 Stuart Place,Ankara,97312
ADR_000726,1040 Martinez Harbors,Ankara,84782
ADR_000727,49830 Barker Plains,Chiang Mai,22394
ADR_000728,1189 Sandy Harbors Apt. 655,Ankara,99241
ADR_000729,432 Jim Cape,Abu Dhabi,96503
ADR_000730,13546 Hailey Village,Abu Dhabi,21350
ADR_000731,23126 Ryan Squares,Singapore,22283
ADR_000732,2989 Stephanie Manors Apt. 974,Bengaluru,41884
ADR_000733,719 Laura Crossroad Apt. 381,Abu Dhabi,73909
ADR_000734,30898 John Plaza,Sharjah,11454
ADR_000735,67323 April Road,Bangkok,58480
ADR_000736,450 Kathy Tunnel,Chennai,04082
ADR_000737,911 Timothy Valley,New Delhi,13380
ADR_000738,255 Chambers Underpass,Abu Dhabi,66563
ADR_000739,7812 Madison Heights Apt. 567,Phuket,05794
ADR_000740,5515 Moreno Lodge,Chiang Mai,50009
ADR_000741,070 Clark Loop,Mumbai,79419
ADR_000742,10401 King Pines,New Delhi,16788
ADR_000743,773 Nicholas Track,Chennai,25101
ADR_000744,289 Russell Estate Apt. 362,Istanbul,48769
ADR_000745,64625 Todd Way Apt. 263,Phuket,95020
ADR_000746,176 Jenkins Harbors,Singapore,38590
ADR_000747,3888 Maria Harbor,Ankara,43958
ADR_000748,40433 Jason Track Suite 384,Chiang Mai,77456
ADR_000749,19787 Amy Rest,Istanbul,26534
ADR_000750,60119 Chang Islands,Bengaluru,51532
ADR_000751,23009 Matthew Mall,Istanbul,15182
ADR_000752,7449 Susan Mall Apt. 936,Singapore,48723
ADR_000753,941 Perez Locks,Istanbul,69954
ADR_000754,99821 Shannon Isle,Singapore,44763
ADR_000755,050 Young Locks Suite 608,Abu Dhabi,91423
ADR_000756,356 Wilkerson Corners,Bengaluru,04075
ADR_000757,5506 Ryan Coves,Singapore,64121
ADR_000758,440 John Plaza,Singapore,01150
ADR_000759,0335 Brian Shores,Chennai,49071
ADR_000760,4920 Braun Prairie,Phuket,22206
ADR_000761,489 Davis Pike Suite 285,Ankara,76428
ADR_000762,932 Daniel Villages Apt. 426,Bangkok,53481
ADR_000763,1760 Thompson Forge,Ankara,41068
ADR_000764,382 Mary Haven Apt. 561,Bangkok,19173
ADR_000765,86965 Mccoy Village Apt. 087,Bengaluru,56331
ADR_000766,43468 John Underpass Suite 840,Singapore,04361
ADR_000767,16809 Miller Roads,Phuket,80000
ADR_000768,762 Jessica Forges,Abu Dhabi,84059
ADR_000769,72662 Melvin Point,Chennai,12568
ADR_000770,99140 Zuniga Spring,New Delhi,70432
ADR_000771,5235 Rodriguez Plains,Singapore,10875
ADR_000772,206 Jeffery Manors,Singapore,31692
ADR_000773,33718 Parker Ramp Apt. 295,Ankara,06764
ADR_000774,0373 Collier Locks Suite 812,Ankara,61214
ADR_000775,179 Curtis Fields,New Delhi,34723
ADR_000776,973 Delacruz Fort Apt. 182,Antalya,71740
ADR_000777,1770 Valencia Parks Apt. 682,Ankara,02527
ADR_000778,55216 Smith Isle,Bengaluru,71158
ADR_000779,92596 Fischer Canyon,Antalya,73577
ADR_000780,20509 Eileen Plains,New Delhi,57274
ADR_000781,988 Deborah Haven Suite 788,Chennai,60516
ADR_000782,86767 Amber Shoals,Dubai,24980
ADR_000783,9876 Melody Ports Suite 872,Chennai,17473
ADR_000784,806 Faith Turnpike Apt. 504,Singapore,04419
ADR_000785,790 Emily Expressway Suite 825,Abu Dhabi,49591
ADR_000786,9423 Frances Streets,Singapore,76005
ADR_000787,6241 Lopez Trace,Dubai,44788
ADR_000788,9335 Garcia Wall,Phuket,66624
ADR_000789,8509 Avila Trail Suite 430,Chennai,25949
ADR_000790,79720 Adrienne Squares,Chiang Mai,44228
ADR_000791,54715 Harris Forge Apt. 593,Istanbul,55483
ADR_000792,94214 Austin Knoll,Dubai,23743
ADR_000793,270 Ward Freeway,Phuket,67905
ADR_000794,660 Shields Prairie Suite 787,Phuket,37140
ADR_000795,596 Hogan Island Suite 282,Abu Dhabi,40417
ADR_000796,00245 Brenda Wells,Ankara,30921
ADR_000797,1305 Castillo Pike Apt. 682,Mumbai,89891
ADR_000798,746 Julie Curve Suite 825,New Delhi,38238
ADR_000799,231 James Divide,Sharjah,85061
ADR_000800,4723 Cooper Place,Chiang Mai,22135
ADR_000801,0699 Olivia Mall Apt. 569,Dubai,88688
ADR_000802,4957 Linda Bypass,Singapore,38631
ADR_000803,047 Buchanan Inlet,Bangkok,16957
ADR_900001,03709 Garcia Greens,Antalya,54516
ADR_900002,9275 Tracy Loop,Istanbul,06701
