id,typology,rule_version,score,severity,status,note,summary_params,created_at
ALT_000001,circular_payment,1.0,83.3,high,new,,"{""amount_back_usd"":32163.2,""amount_out_usd"":38000.0,""attrition_pct"":15.4,""cycle_len"":3,""features"":{""length"":0.333,""shells"":1.0,""value"":1.0},""implicated_count"":4,""owner_count"":1,""shell_count"":2,""start_date"":""2026-03-19"",""window_days"":8}",2026-08-05T00:00:00.000000000+00:00
ALT_000002,circular_payment,1.0,51.8,medium,new,,"{""amount_back_usd"":47.13,""amount_out_usd"":70.01,""attrition_pct"":32.7,""cycle_len"":4,""features"":{""length"":0.667,""shells"":1.0,""value"":0.004},""implicated_count"":6,""owner_count"":2,""shell_count"":2,""start_date"":""2025-08-24"",""window_days"":53}",2026-08-05T00:00:00.000000000+00:00
ALT_000003,circular_payment,1.0,26.0,low,new,,"{""amount_back_usd"":47.13,""amount_out_usd"":72.32,""attrition_pct"":34.8,""cycle_len"":3,""features"":{""length"":0.333,""shells"":0.5,""value"":0.004},""implicated_count"":5,""owner_count"":2,""shell_count"":1,""start_date"":""2025-08-28"",""window_days"":49}",2026-08-05T00:00:00.000000000+00:00
ALT_000004,credential_laundering,1.0,96.0,high,new,,"{""actively_billing_holders"":4,""holder_count"":4,""implicated_count"":8,""issuing_bodies"":[""Medical Council of India""],""issuing_countries"":[""IN""],""license_no"":""MC-IN69455"",""signal"":""shared_license""}",2026-08-05T00:00:00.000000000+00:00
ALT_000005,credential_laundering,1.0,93.0,high,new,,"{""days_from_revocation_to_first_claim"":23,""implicated_count"":59,""post_revocation_claims"":57,""revocation_recent"":true,""revoked_credential"":""CRD_002236"",""revoked_on"":""2025-10-21"",""signal"":""post_revocation_billing""}",2026-08-05T00:00:00.000000000+00:00
ALT_000006,credential_laundering,1.0,90.0,high,new,,"{""days_from_revocation_to_first_claim"":933,""implicated_count"":64,""post_revocation_claims"":62,""revocation_recent"":false,""revoked_credential"":""CRD_001232"",""revoked_on"":""2022-12-30"",""signal"":""post_revocation_billing""}",2026-08-05T00:00:00.000000000+00:00
ALT_000007,credential_laundering,1.0,86.0,high,new,,"{""actively_billing_holders"":3,""holder_count"":3,""implicated_count"":6,""issuing_bodies"":[""Medical Council of Turkey""],""issuing_countries"":[""TR""],""license_no"":""MC-TR51893"",""signal"":""shared_license""}",2026-08-05T00:00:00.000000000+00:00
ALT_000008,credential_laundering,1.0,86.0,high,new,,"{""actively_billing_holders"":3,""holder_count"":3,""implicated_count"":6,""issuing_bodies"":[""Medical Council of Singapore""],""issuing_countries"":[""SG""],""license_no"":""MC-SG67481"",""signal"":""shared_license""}",2026-08-05T00:00:00.000000000+00:00
ALT_000009,credential_laundering,1.0,48.0,low,new,,"{""days_from_revocation_to_first_claim"":18,""implicated_count"":10,""post_revocation_claims"":8,""revocation_recent"":true,""revoked_credential"":""CRD_000103"",""revoked_on"":""2025-12-22"",""signal"":""post_revocation_billing""}",2026-08-05T00:00:00.000000000+00:00
ALT_000010,credential_laundering,1.0,48.0,low,new,,"{""days_from_revocation_to_first_claim"":38,""implicated_count"":5,""post_revocation_claims"":3,""revocation_recent"":true,""revoked_credential"":""CRD_000996"",""revoked_on"":""2026-01-11"",""signal"":""post_revocation_billing""}",2026-08-05T00:00:00.000000000+00:00
ALT_000011,credential_laundering,1.0,48.0,low,new,,"{""days_from_revocation_to_first_claim"":35,""implicated_count"":21,""post_revocation_claims"":19,""revocation_recent"":true,""revoked_credential"":""CRD_002042"",""revoked_on"":""2025-08-03"",""signal"":""post_revocation_billing""}",2026-08-05T00:00:00.000000000+00:00
ALT_000012,credential_laundering,1.0,48.0,low,new,,"{""days_from_revocation_to_first_claim"":141,""implicated_count"":16,""post_revocation_claims"":14,""revocation_recent"":true,""revoked_credential"":""CRD_002094"",""revoked_on"":""2025-02-25"",""signal"":""post_revocation_billing""}",2026-08-05T00:00:00.000000000+00:00
ALT_000013,credential_laundering,1.0,46.0,low,new,,"{""actively_billing_holders"":2,""holder_count"":2,""implicated_count"":4,""issuing_bodies"":[""Medical Council of Turkey""],""issuing_countries"":[""TR""],""license_no"":""MC-TR70722"",""signal"":""shared_license""}",2026-08-05T00:00:00.000000000+00:00
ALT_000014,credential_laundering,1.0,46.0,low,new,,"{""actively_billing_holders"":2,""holder_count"":2,""implicated_count"":4,""issuing_bodies"":[""Medical Council of Singapore""],""issuing_countries"":[""SG""],""license_no"":""MC-SG28838"",""signal"":""shared_license""}",2026-08-05T00:00:00.000000000+00:00
ALT_000015,credential_laundering,1.0,46.0,low,new,,"{""actively_billing_holders"":2,""holder_count"":2,""implicated_count"":4,""issuing_bodies"":[""Medical Council of Turkey""],""issuing_countries"":[""TR""],""license_no"":""MC-TR28217"",""signal"":""shared_license""}",2026-08-05T00:00:00.000000000+00:00
ALT_000016,credential_laundering,1.0,46.0,low,new,,"{""actively_billing_holders"":2,""holder_count"":2,""implicated_count"":4,""issuing_bodies"":[""Medical Council of Turkey""],""issuing_countries"":[""TR""],""license_no"":""MC-TR34956"",""signal"":""shared_license""}",2026-08-05T00:00:00.000000000+00:00
ALT_000017,credential_laundering,1.0,46.0,low,new,,"{""actively_billing_holders"":2,""holder_count"":2,""implicated_count"":4,""issuing_bodies"":[""Medical Council of Turkey""],""issuing_countries"":[""TR""],""license_no"":""MC-TR19562"",""signal"":""shared_license""}",2026-08-05T00:00:00.000000000+00:00
ALT_000018,credential_laundering,1.0,46.0,low,new,,"{""actively_billing_holders"":2,""holder_count"":2,""implicated_count"":4,""issuing_bodies"":[""Medical Council of Turkey""],""issuing_countries"":[""TR""],""license_no"":""MC-TR14102"",""signal"":""shared_license""}",2026-08-05T00:00:00.000000000+00:00
ALT_000019,credential_laundering,1.0,46.0,low,new,,"{""actively_billing_holders"":2,""holder_count"":2,""implicated_count"":4,""issuing_bodies"":[""Medical Council of Thailand""],""issuing_countries"":[""TH""],""license_no"":""MC-TH53281"",""signal"":""shared_license""}",2026-08-05T00:00:00.000000000+00:00
ALT_000020,credential_laundering,1.0,46.0,low,new,,"{""actively_billing_holders"":2,""holder_count"":2,""implicated_count"":4,""issuing_bodies"":[""Medical Council of Turkey""],""issuing_countries"":[""TR""],""license_no"":""MC-TR42303"",""signal"":""shared_license""}",2026-08-05T00:00:00.000000000+00:00
ALT_000021,credential_laundering,1.0,46.0,low,new,,"{""actively_billing_holders"":2,""holder_count"":2,""implicated_count"":4,""issuing_bodies"":[""Medical Council of Turkey""],""issuing_countries"":[""TR""],""license_no"":""MC-TR71277"",""signal"":""shared_license""}",2026-08-05T00:00:00.000000000+00:00
ALT_000022,credential_laundering,1.0,44.0,low,new,,"{""claim_countries"":[""TH"",""TR""],""implicated_count"":7,""issued_in"":""IN"",""shopped_credential"":""CRD_000027"",""signal"":""jurisdiction_shopping""}",2026-08-05T00:00:00.000000000+00:00
ALT_000023,credential_laundering,1.0,44.0,low,new,,"{""claim_countries"":[""IN"",""TR""],""implicated_count"":14,""issued_in"":""AE"",""shopped_credential"":""CRD_000057"",""signal"":""jurisdiction_shopping""}",2026-08-05T00:00:00.000000000+00:00
ALT_000024,credential_laundering,1.0,44.0,low,new,,"{""claim_countries"":[""TH"",""TR""],""implicated_count"":18,""issued_in"":""SG"",""shopped_credential"":""CRD_000105"",""signal"":""jurisdiction_shopping""}",2026-08-05T00:00:00.000000000+00:00
ALT_000025,credential_laundering,1.0,44.0,low,new,,"{""claim_countries"":[""IN"",""TR""],""implicated_count"":16,""issued_in"":""TH"",""shopped_credential"":""CRD_000199"",""signal"":""jurisdiction_shopping""}",2026-08-05T00:00:00.000000000+00:00
ALT_000026,credential_laundering,1.0,44.0,low,new,,"{""claim_countries"":[""IN"",""TR""],""implicated_count"":19,""issued_in"":""SG"",""shopped_credential"":""CRD_000415"",""signal"":""jurisdiction_shopping""}",2026-08-05T00:00:00.000000000+00:00
ALT_000027,credential_laundering,1.0,44.0,low,new,,"{""claim_countries"":[""AE"",""TR""],""implicated_count"":13,""issued_in"":""SG"",""shopped_credential"":""CRD_000498"",""signal"":""jurisdiction_shopping""}",2026-08-05T00:00:00.000000000+00:00
ALT_000028,credential_laundering,1.0,44.0,low,new,,"{""claim_countries"":[""IN"",""TH""],""implicated_count"":60,""issued_in"":""AE"",""shopped_credential"":""CRD_000606"",""signal"":""jurisdiction_shopping""}",2026-08-05T00:00:00.000000000+00:00
ALT_000029,credential_laundering,1.0,44.0,low,new,,"{""claim_countries"":[""TH"",""TR""],""implicated_count"":18,""issued_in"":""SG"",""shopped_credential"":""CRD_000656"",""signal"":""jurisdiction_shopping""}",2026-08-05T00:00:00.000000000+00:00
ALT_000030,credential_laundering,1.0,44.0,low,new,,"{""claim_countries"":[""TH"",""TR""],""implicated_count"":10,""issued_in"":""AE"",""shopped_credential"":""CRD_000671"",""signal"":""jurisdiction_shopping""}",2026-08-05T00:00:00.000000000+00:00
ALT_000031,credential_laundering,1.0,44.0,low,new,,"{""claim_countries"":[""IN"",""TH""],""implicated_count"":91,""issued_in"":""TR"",""shopped_credential"":""CRD_000777"",""signal"":""jurisdiction_shopping""}",2026-08-05T00:00:00.000000000+00:00
ALT_000032,credential_laundering,1.0,44.0,low,new,,"{""claim_countries"":[""IN"",""TR""],""implicated_count"":8,""issued_in"":""SG"",""shopped_credential"":""CRD_000984"",""signal"":""jurisdiction_shopping""}",2026-08-05T00:00:00.000000000+00:00
ALT_000033,credential_laundering,1.0,44.0,low,new,,"{""claim_countries"":[""IN"",""SG""],""implicated_count"":41,""issued_in"":""TR"",""shopped_credential"":""CRD_001082"",""signal"":""jurisdiction_shopping""}",2026-08-05T00:00:00.000000000+00:00
ALT_000034,credential_laundering,1.0,44.0,low,new,,"{""claim_countries"":[""IN"",""TR""],""implicated_count"":17,""issued_in"":""TH"",""shopped_credential"":""CRD_001131"",""signal"":""jurisdiction_shopping""}",2026-08-05T00:00:00.000000000+00:00
ALT_000035,credential_laundering,1.0,44.0,low,new,,"{""claim_countries"":[""IN"",""SG""],""implicated_count"":32,""issued_in"":""TH"",""shopped_credential"":""CRD_001185"",""signal"":""jurisdiction_shopping""}",2026-08-05T00:00:00.000000000+00:00
ALT_000036,credential_laundering,1.0,44.0,low,new,,"{""claim_countries"":[""AE"",""TH""],""implicated_count"":74,""issued_in"":""SG"",""shopped_credential"":""CRD_001384"",""signal"":""jurisdiction_shopping""}",2026-08-05T00:00:00.000000000+00:00
ALT_000037,credential_laundering,1.0,44.0,low,new,,"{""claim_countries"":[""SG"",""TH""],""implicated_count"":20,""issued_in"":""TR"",""shopped_credential"":""CRD_001462"",""signal"":""jurisdiction_shopping""}",2026-08-05T00:00:00.000000000+00:00
ALT_000038,credential_laundering,1.0,44.0,low,new,,"{""claim_countries"":[""AE"",""TR""],""implicated_count"":8,""issued_in"":""TH"",""shopped_credential"":""CRD_001541"",""signal"":""jurisdiction_shopping""}",2026-08-05T00:00:00.000000000+00:00
ALT_000039,credential_laundering,1.0,44.0,low,new,,"{""claim_countries"":[""AE"",""TR""],""implicated_count"":12,""issued_in"":""TH"",""shopped_credential"":""CRD_001701"",""signal"":""jurisdiction_shopping""}",2026-08-05T00:00:00.000000000+00:00
ALT_000040,credential_laundering,1.0,44.0,low,new,,"{""claim_countries"":[""AE"",""TR""],""implicated_count"":16,""issued_in"":""SG"",""shopped_credential"":""CRD_001974"",""signal"":""jurisdiction_shopping""}",2026-08-05T00:00:00.000000000+00:00
ALT_000041,credential_laundering,1.0,44.0,low,new,,"{""claim_countries"":[""IN"",""TH""],""implicated_count"":19,""issued_in"":""SG"",""shopped_credential"":""CRD_002103"",""signal"":""jurisdiction_shopping""}",2026-08-05T00:00:00.000000000+00:00
ALT_000042,credential_laundering,1.0,44.0,low,new,,"{""claim_countries"":[""AE"",""SG""],""implicated_count"":94,""issued_in"":""TR"",""shopped_credential"":""CRD_002159"",""signal"":""jurisdiction_shopping""}",2026-08-05T00:00:00.000000000+00:00
ALT_000043,credential_laundering,1.0,44.0,low,new,,"{""claim_countries"":[""AE"",""TR""],""implicated_count"":13,""issued_in"":""SG"",""shopped_credential"":""CRD_002166"",""signal"":""jurisdiction_shopping""}",2026-08-05T00:00:00.000000000+00:00
ALT_000044,credential_laundering,1.0,44.0,low,new,,"{""claim_countries"":[""TH"",""TR""],""implicated_count"":9,""issued_in"":""IN"",""shopped_credential"":""CRD_002227"",""signal"":""jurisdiction_shopping""}",2026-08-05T00:00:00.000000000+00:00
ALT_000045,credential_laundering,1.0,40.0,low,new,,"{""days_from_revocation_to_first_claim"":1429,""implicated_count"":9,""post_revocation_claims"":7,""revocation_recent"":false,""revoked_credential"":""CRD_000025"",""revoked_on"":""2021-09-08"",""signal"":""post_revocation_billing""}",2026-08-05T00:00:00.000000000+00:00
ALT_000046,credential_laundering,1.0,40.0,low,new,,"{""days_from_revocation_to_first_claim"":2228,""implicated_count"":19,""post_revocation_claims"":17,""revocation_recent"":false,""revoked_credential"":""CRD_000031"",""revoked_on"":""2019-06-18"",""signal"":""post_revocation_billing""}",2026-08-05T00:00:00.000000000+00:00
ALT_000047,credential_laundering,1.0,40.0,low,new,,"{""days_from_revocation_to_first_claim"":770,""implicated_count"":31,""post_revocation_claims"":29,""revocation_recent"":false,""revoked_credential"":""CRD_000260"",""revoked_on"":""2023-06-12"",""signal"":""post_revocation_billing""}",2026-08-05T00:00:00.000000000+00:00
ALT_000048,credential_laundering,1.0,40.0,low,new,,"{""days_from_revocation_to_first_claim"":2570,""implicated_count"":16,""post_revocation_claims"":14,""revocation_recent"":false,""revoked_credential"":""CRD_000317"",""revoked_on"":""2018-06-20"",""signal"":""post_revocation_billing""}",2026-08-05T00:00:00.000000000+00:00
ALT_000049,credential_laundering,1.0,40.0,low,new,,"{""days_from_revocation_to_first_claim"":2616,""implicated_count"":5,""post_revocation_claims"":3,""revocation_recent"":false,""revoked_credential"":""CRD_000336"",""revoked_on"":""2018-05-16"",""signal"":""post_revocation_billing""}",2026-08-05T00:00:00.000000000+00:00
ALT_000050,credential_laundering,1.0,40.0,low,new,,"{""days_from_revocation_to_first_claim"":2304,""implicated_count"":13,""post_revocation_claims"":11,""revocation_recent"":false,""revoked_credential"":""CRD_000444"",""revoked_on"":""2019-07-08"",""signal"":""post_revocation_billing""}",2026-08-05T00:00:00.000000000+00:00
ALT_000051,credential_laundering,1.0,40.0,low,new,,"{""days_from_revocation_to_first_claim"":5816,""implicated_count"":12,""post_revocation_claims"":10,""revocation_recent"":false,""revoked_credential"":""CRD_000672"",""revoked_on"":""2009-07-31"",""signal"":""post_revocation_billing""}",2026-08-05T00:00:00.000000000+00:00
ALT_000052,credential_laundering,1.0,40.0,low,new,,"{""days_from_revocation_to_first_claim"":1568,""implicated_count"":15,""post_revocation_claims"":13,""revocation_recent"":false,""revoked_credential"":""CRD_000747"",""revoked_on"":""2021-03-18"",""signal"":""post_revocation_billing""}",2026-08-05T00:00:00.000000000+00:00
ALT_000053,credential_laundering,1.0,40.0,low,new,,"{""days_from_revocation_to_first_claim"":1548,""implicated_count"":4,""post_revocation_claims"":2,""revocation_recent"":false,""revoked_credential"":""CRD_001187"",""revoked_on"":""2021-08-02"",""signal"":""post_revocation_billing""}",2026-08-05T00:00:00.000000000+00:00
ALT_000054,credential_laundering,1.0,40.0,low,new,,"{""days_from_revocation_to_first_claim"":715,""implicated_count"":14,""post_revocation_claims"":12,""revocation_recent"":false,""revoked_credential"":""CRD_001208"",""revoked_on"":""2023-10-20"",""signal"":""post_revocation_billing""}",2026-08-05T00:00:00.000000000+00:00
ALT_000055,credential_laundering,1.0,40.0,low,new,,"{""days_from_revocation_to_first_claim"":888,""implicated_count"":6,""post_revocation_claims"":4,""revocation_recent"":false,""revoked_credential"":""CRD_001321"",""revoked_on"":""2023-05-16"",""signal"":""post_revocation_billing""}",2026-08-05T00:00:00.000000000+00:00
ALT_000056,credential_laundering,1.0,40.0,low,new,,"{""days_from_revocation_to_first_claim"":2470,""implicated_count"":5,""post_revocation_claims"":3,""revocation_recent"":false,""revoked_credential"":""CRD_001404"",""revoked_on"":""2018-10-27"",""signal"":""post_revocation_billing""}",2026-08-05T00:00:00.000000000+00:00
ALT_000057,credential_laundering,1.0,40.0,low,new,,"{""days_from_revocation_to_first_claim"":4569,""implicated_count"":4,""post_revocation_claims"":2,""revocation_recent"":false,""revoked_credential"":""CRD_001479"",""revoked_on"":""2013-10-28"",""signal"":""post_revocation_billing""}",2026-08-05T00:00:00.000000000+00:00
ALT_000058,credential_laundering,1.0,40.0,low,new,,"{""days_from_revocation_to_first_claim"":1824,""implicated_count"":4,""post_revocation_claims"":2,""revocation_recent"":false,""revoked_credential"":""CRD_001644"",""revoked_on"":""2020-07-05"",""signal"":""post_revocation_billing""}",2026-08-05T00:00:00.000000000+00:00
ALT_000059,credential_laundering,1.0,40.0,low,new,,"{""days_from_revocation_to_first_claim"":3867,""implicated_count"":20,""post_revocation_claims"":18,""revocation_recent"":false,""revoked_credential"":""CRD_001706"",""revoked_on"":""2014-12-24"",""signal"":""post_revocation_billing""}",2026-08-05T00:00:00.000000000+00:00
ALT_000060,credential_laundering,1.0,40.0,low,new,,"{""days_from_revocation_to_first_claim"":1446,""implicated_count"":4,""post_revocation_claims"":2,""revocation_recent"":false,""revoked_credential"":""CRD_001766"",""revoked_on"":""2021-12-31"",""signal"":""post_revocation_billing""}",2026-08-05T00:00:00.000000000+00:00
ALT_000061,credential_laundering,1.0,40.0,low,new,,"{""days_from_revocation_to_first_claim"":5145,""implicated_count"":7,""post_revocation_claims"":5,""revocation_recent"":false,""revoked_credential"":""CRD_001805"",""revoked_on"":""2011-08-27"",""signal"":""post_revocation_billing""}",2026-08-05T00:00:00.000000000+00:00
ALT_000062,credential_laundering,1.0,40.0,low,new,,"{""days_from_revocation_to_first_claim"":2291,""implicated_count"":27,""post_revocation_claims"":24,""revocation_recent"":false,""revoked_credential"":""CRD_001967"",""revoked_on"":""2019-04-08"",""signal"":""post_revocation_billing""}",2026-08-05T00:00:00.000000000+00:00
ALT_000063,credential_laundering,1.0,40.0,low,new,,"{""days_from_revocation_to_first_claim"":1717,""implicated_count"":7,""post_revocation_claims"":5,""revocation_recent"":false,""revoked_credential"":""CRD_002140"",""revoked_on"":""2021-02-27"",""signal"":""post_revocation_billing""}",2026-08-05T00:00:00.000000000+00:00
ALT_000064,credential_laundering,1.0,40.0,low,new,,"{""days_from_revocation_to_first_claim"":2364,""implicated_count"":4,""post_revocation_claims"":2,""revocation_recent"":false,""revoked_credential"":""CRD_002215"",""revoked_on"":""2019-07-15"",""signal"":""post_revocation_billing""}",2026-08-05T00:00:00.000000000+00:00
ALT_000065,ghost_clinic,1.0,84.7,high,new,,"{""address_cotenants"":1,""bed_count"":0,""claim_count"":56,""claims_per_doctor"":56.0,""clinic_name"":""Compton Medical Centre"",""community_id"":""ACC_001602"",""community_size"":175,""distinct_doctors"":1,""features"":{""address"":0.25,""doctors"":0.867,""footprint"":0.769,""inflow"":1.0,""payout"":1.0,""single_visit"":1.0},""implicated_count"":60,""inflow_share"":0.946,""one_journey_patient_share"":1.0,""payout_share"":0.929,""registration_age_years"":0.9,""strong_features"":[""doctors"",""footprint"",""inflow"",""payout"",""single_visit""]}",2026-08-05T00:00:00.000000000+00:00
ALT_000066,ghost_clinic,1.0,83.3,high,new,,"{""address_cotenants"":1,""bed_count"":0,""claim_count"":56,""claims_per_doctor"":56.0,""clinic_name"":""Shelton Medical Centre"",""community_id"":""ACC_001605"",""community_size"":90,""distinct_doctors"":1,""features"":{""address"":0.25,""doctors"":0.867,""footprint"":0.713,""inflow"":1.0,""payout"":1.0,""single_visit"":1.0},""implicated_count"":60,""inflow_share"":1.0,""one_journey_patient_share"":1.0,""payout_share"":0.982,""registration_age_years"":1.2,""strong_features"":[""doctors"",""inflow"",""payout"",""single_visit""]}",2026-08-05T00:00:00.000000000+00:00
ALT_000067,ghost_clinic,1.0,82.8,high,new,,"{""address_cotenants"":1,""bed_count"":0,""claim_count"":56,""claims_per_doctor"":56.0,""clinic_name"":""Powers Speciality Hospital"",""community_id"":""ACC_001599"",""community_size"":85,""distinct_doctors"":1,""features"":{""address"":0.25,""doctors"":0.867,""footprint"":0.692,""inflow"":1.0,""payout"":1.0,""single_visit"":1.0},""implicated_count"":60,""inflow_share"":0.946,""one_journey_patient_share"":1.0,""payout_share"":1.0,""registration_age_years"":1.3,""strong_features"":[""doctors"",""inflow"",""payout"",""single_visit""]}",2026-08-05T00:00:00.000000000+00:00
ALT_000068,ghost_clinic,1.0,34.7,low,new,,"{""address_cotenants"":0,""bed_count"":0,""claim_count"":52,""claims_per_doctor"":52.0,""clinic_name"":""Carter Care Clinic"",""community_id"":""ACC_000568"",""community_size"":372,""distinct_doctors"":1,""features"":{""address"":0.0,""doctors"":0.733,""footprint"":0.347,""inflow"":0.0,""payout"":1.0,""single_visit"":0.0},""implicated_count"":54,""inflow_share"":0.192,""one_journey_patient_share"":0.852,""payout_share"":1.0,""registration_age_years"":14.6,""strong_features"":[""payout""]}",2026-08-05T00:00:00.000000000+00:00
ALT_000069,ghost_clinic,1.0,34.1,low,new,,"{""address_cotenants"":0,""bed_count"":0,""claim_count"":124,""claims_per_doctor"":31.0,""clinic_name"":""Williams Hospital"",""community_id"":""ACC_000159"",""community_size"":290,""distinct_doctors"":4,""features"":{""address"":0.0,""doctors"":0.033,""footprint"":0.744,""inflow"":0.0,""payout"":1.0,""single_visit"":0.0},""implicated_count"":126,""inflow_share"":0.323,""one_journey_patient_share"":0.803,""payout_share"":1.0,""registration_age_years"":1.3,""strong_features"":[""payout""]}",2026-08-05T00:00:00.000000000+00:00
ALT_000070,ghost_clinic,1.0,32.2,low,new,,"{""address_cotenants"":0,""bed_count"":0,""claim_count"":76,""claims_per_doctor"":3.8,""clinic_name"":""Serrano Speciality Hospital"",""community_id"":""ACC_000246"",""community_size"":290,""distinct_doctors"":20,""features"":{""address"":0.0,""doctors"":0.0,""footprint"":0.686,""inflow"":0.0,""payout"":1.0,""single_visit"":0.0},""implicated_count"":78,""inflow_share"":0.237,""one_journey_patient_share"":0.762,""payout_share"":1.0,""registration_age_years"":1.6,""strong_features"":[""payout""]}",2026-08-05T00:00:00.000000000+00:00
ALT_000071,impossible_travel,1.0,82.0,high,new,,"{""conflicting_identities"":2,""identity_count"":3,""implicated_count"":4,""impossible_pairs"":1,""insurers_involved"":2,""min_gap_days"":0,""pairs"":[{""claims"":[""CLM_0020890"",""CLM_0021626""],""countries"":[""IN"",""AE""],""dates"":[""2025-09-20"",""2025-09-20""],""gap_days"":0}],""passport_shared"":true}",2026-08-05T00:00:00.000000000+00:00
ALT_000072,impossible_travel,1.0,82.0,high,new,,"{""conflicting_identities"":2,""identity_count"":6,""implicated_count"":4,""impossible_pairs"":1,""insurers_involved"":2,""min_gap_days"":0,""pairs"":[{""claims"":[""CLM_0003527"",""CLM_0021623""],""countries"":[""IN"",""TH""],""dates"":[""2025-10-14"",""2025-10-14""],""gap_days"":0}],""passport_shared"":true}",2026-08-05T00:00:00.000000000+00:00
ALT_000073,impossible_travel,1.0,82.0,high,new,,"{""conflicting_identities"":2,""identity_count"":3,""implicated_count"":4,""impossible_pairs"":1,""insurers_involved"":2,""min_gap_days"":0,""pairs"":[{""claims"":[""CLM_0006296"",""CLM_0021625""],""countries"":[""AE"",""TH""],""dates"":[""2026-01-31"",""2026-01-31""],""gap_days"":0}],""passport_shared"":true}",2026-08-05T00:00:00.000000000+00:00
ALT_000074,impossible_travel,1.0,42.0,low,new,,"{""conflicting_identities"":1,""identity_count"":1,""implicated_count"":3,""impossible_pairs"":1,""insurers_involved"":1,""min_gap_days"":0,""pairs"":[{""claims"":[""CLM_0003477"",""CLM_0021410""],""countries"":[""TR"",""IN""],""dates"":[""2025-09-23"",""2025-09-23""],""gap_days"":0}],""passport_shared"":false}",2026-08-05T00:00:00.000000000+00:00
ALT_000075,impossible_travel,1.0,42.0,low,new,,"{""conflicting_identities"":1,""identity_count"":1,""implicated_count"":3,""impossible_pairs"":1,""insurers_involved"":2,""min_gap_days"":0,""pairs"":[{""claims"":[""CLM_0007670"",""CLM_0020653""],""countries"":[""AE"",""IN""],""dates"":[""2025-08-17"",""2025-08-17""],""gap_days"":0}],""passport_shared"":false}",2026-08-05T00:00:00.000000000+00:00
ALT_000076,kickback_ring,1.0,60.4,medium,new,,"{""accreditation_status"":""none"",""broker_id"":""BRK_000017"",""broker_share"":0.806,""clinic_id"":""CLI_000591"",""clinic_name"":""Howard Institute"",""clinic_share"":0.509,""community_id"":""ACC_001191"",""concentration_points"":30.8,""excess_transfer_ratio"":0.0706,""expected_commission_usd"":5007.66,""implicated_count"":34,""infrastructure_points"":25.5,""pair_amount_usd"":42216.19,""pair_claims"":29,""same_small_community"":true,""stake_pct"":17.3,""stake_softening"":1.0,""transfers_to_broker_usd"":7988.17}",2026-08-05T00:00:00.000000000+00:00
ALT_000077,kickback_ring,1.0,60.2,medium,new,,"{""accreditation_status"":""provisional"",""broker_id"":""BRK_000253"",""broker_share"":1.0,""clinic_id"":""CLI_000603"",""clinic_name"":""Shelton Medical Centre"",""clinic_share"":1.0,""community_id"":""ACC_001605"",""concentration_points"":48.2,""excess_transfer_ratio"":-0.0,""expected_commission_usd"":7137.97,""implicated_count"":62,""infrastructure_points"":8.0,""pair_amount_usd"":72381.03,""pair_claims"":56,""same_small_community"":true,""shared_address"":""ADR_000803"",""transfers_to_broker_usd"":7137.95}",2026-08-05T00:00:00.000000000+00:00
ALT_000078,kickback_ring,1.0,58.8,medium,new,,"{""accreditation_status"":""none"",""broker_id"":""BRK_000251"",""broker_share"":1.0,""clinic_id"":""CLI_000601"",""clinic_name"":""Powers Speciality Hospital"",""clinic_share"":0.946,""community_id"":""ACC_001599"",""concentration_points"":46.8,""excess_transfer_ratio"":-0.0,""expected_commission_usd"":4763.97,""implicated_count"":58,""infrastructure_points"":8.0,""pair_amount_usd"":47689.41,""pair_claims"":53,""same_small_community"":true,""shared_address"":""ADR_000801"",""transfers_to_broker_usd"":4763.96}",2026-08-05T00:00:00.000000000+00:00
ALT_000079,kickback_ring,1.0,58.8,medium,new,,"{""accreditation_status"":""none"",""broker_id"":""BRK_000252"",""broker_share"":1.0,""clinic_id"":""CLI_000602"",""clinic_name"":""Compton Medical Centre"",""clinic_share"":0.946,""community_id"":""ACC_001602"",""concentration_points"":46.8,""excess_transfer_ratio"":-0.0,""expected_commission_usd"":21596.61,""implicated_count"":59,""infrastructure_points"":8.0,""pair_amount_usd"":204793.71,""pair_claims"":53,""same_small_community"":true,""shared_address"":""ADR_000802"",""transfers_to_broker_usd"":21596.61}",2026-08-05T00:00:00.000000000+00:00
ALT_000080,kickback_ring,1.0,45.2,low,new,,"{""accreditation_status"":""accredited"",""broker_id"":""BRK_000100"",""broker_share"":0.34,""clinic_id"":""CLI_000160"",""clinic_name"":""Avila Hospital"",""clinic_share"":0.893,""community_id"":""ACC_000184"",""concentration_points"":26.8,""excess_transfer_ratio"":0.0861,""expected_commission_usd"":72836.83,""implicated_count"":140,""infrastructure_points"":18.4,""pair_amount_usd"":684700.6,""pair_claims"":133,""same_small_community"":false,""stake_pct"":16.4,""stake_softening"":0.4,""transfers_to_broker_usd"":131789.53}",2026-08-05T00:00:00.000000000+00:00
ALT_000081,kickback_ring,1.0,37.3,low,new,,"{""accreditation_status"":""accredited"",""broker_id"":""BRK_000188"",""broker_share"":0.843,""clinic_id"":""CLI_000203"",""clinic_name"":""Carlson Medical Centre"",""clinic_share"":0.084,""community_id"":""ACC_000416"",""concentration_points"":24.7,""excess_transfer_ratio"":0.0652,""expected_commission_usd"":24613.45,""implicated_count"":114,""infrastructure_points"":12.7,""pair_amount_usd"":278376.35,""pair_claims"":107,""same_small_community"":false,""transfers_to_broker_usd"":42763.62}",2026-08-05T00:00:00.000000000+00:00
ALT_000082,kickback_ring,1.0,36.2,low,new,,"{""accreditation_status"":""accredited"",""broker_id"":""BRK_000153"",""broker_share"":0.583,""clinic_id"":""CLI_000123"",""clinic_name"":""Johnson Medical Centre"",""clinic_share"":1.0,""community_id"":""ACC_000231"",""concentration_points"":19.6,""excess_transfer_ratio"":-0.0,""expected_commission_usd"":3363.82,""implicated_count"":18,""infrastructure_points"":16.6,""pair_amount_usd"":34539.53,""pair_claims"":7,""same_small_community"":false,""shell_amount_usd"":3246.71,""shell_paths"":7,""stake_pct"":17.1,""stake_softening"":0.4,""transfers_to_broker_usd"":3363.81}",2026-08-05T00:00:00.000000000+00:00
ALT_000083,kickback_ring,1.0,33.3,low,new,,"{""accreditation_status"":""accredited"",""broker_id"":""BRK_000034"",""broker_share"":1.0,""clinic_id"":""CLI_000143"",""clinic_name"":""Bennett Medical Centre"",""clinic_share"":0.003,""community_id"":""ACC_000018"",""concentration_points"":13.2,""excess_transfer_ratio"":0.0828,""expected_commission_usd"":858.06,""implicated_count"":13,""infrastructure_points"":20.1,""pair_amount_usd"":11673.69,""pair_claims"":8,""same_small_community"":false,""stake_pct"":22.9,""stake_softening"":0.4,""transfers_to_broker_usd"":1824.66}",2026-08-05T00:00:00.000000000+00:00
ALT_000084,kickback_ring,1.0,30.1,low,new,,"{""accreditation_status"":""provisional"",""broker_id"":""BRK_900001"",""broker_share"":1.0,""clinic_id"":""CLI_900001"",""clinic_name"":""Meridian Dental Institute"",""clinic_share"":0.52,""community_id"":""ACC_900001"",""concentration_points"":26.1,""excess_transfer_ratio"":-0.0,""expected_commission_usd"":1855.45,""implicated_count"":17,""infrastructure_points"":0.0,""pair_amount_usd"":17405.55,""pair_claims"":13,""same_small_community"":true,""transfers_to_broker_usd"":1855.44}",2026-08-05T00:00:00.000000000+00:00
ALT_000085,kickback_ring,1.0,27.4,low,new,,"{""accreditation_status"":""accredited"",""broker_id"":""BRK_000054"",""broker_share"":0.481,""clinic_id"":""CLI_000203"",""clinic_name"":""Carlson Medical Centre"",""clinic_share"":0.04,""community_id"":""ACC_000416"",""concentration_points"":7.6,""excess_transfer_ratio"":0.0816,""expected_commission_usd"":10117.95,""implicated_count"":58,""infrastructure_points"":19.8,""pair_amount_usd"":117085.42,""pair_claims"":51,""same_small_community"":false,""stake_pct"":21.9,""stake_softening"":0.4,""transfers_to_broker_usd"":19672.1}",2026-08-05T00:00:00.000000000+00:00
ALT_000086,template_cloning,1.0,94.3,high,new,,"{""amount_band_pct"":3.1,""amount_max_usd"":1355.75,""amount_min_usd"":1315.06,""clinic_name"":""Meridian Dental Institute"",""cluster_size"":9,""distinct_clinics"":1,""distinct_insurers"":6,""distinct_patients"":9,""features"":{""cluster"":0.857,""devices"":1.0,""insurers"":1.0,""patients"":1.0},""implicated_count"":22,""line_item_count"":9,""max_hamming"":6,""procedure_name"":""Zirconia Crown Restoration"",""shared_devices"":2}",2026-08-05T00:00:00.000000000+00:00
