id,name,agency_name
BRK_000001,Jeremy Chambers,Hodges Medical Travel
BRK_000002,William Lozano,Peterson Medical Travel
BRK_000003,Courtney Garcia,Bright Medical Travel
BRK_000004,Danielle Kelly,Smith Medical Travel
BRK_000005,Maria Garcia,Davis Medical Travel
BRK_000006,Tracy Garcia,Knapp Medical Travel
BRK_000007,Kimberly Morris,Morales Medical Travel
BRK_000008,Ann Sullivan,Howell Medical Travel
BRK_000009,Colton Collins,Hunter Medical Travel
BRK_000010,Dennis Baldwin,Patel Medical Travel
BRK_000011,Danielle Moore,Haney Medical Travel
BRK_000012,Mr. Justin Murillo,Lee Medical Travel
BRK_000013,Jennifer Johnston,Barrera Medical Travel
BRK_000014,Scott Andersen,Wright Medical Travel
BRK_000015,Jeffrey Garza,Brown Medical Travel
BRK_000016,Hector Blevins,Hill Medical Travel
BRK_000017,Joshua Leonard,Rivera Medical Travel
BRK_000018,Christopher Lee,Petty Medical Travel
BRK_000019,Jasmine Russell,Horton Medical Travel
BRK_000020,Gregory Holland,Miller Medical Travel
BRK_000021,Taylor Elliott,Villarreal Medical Travel
BRK_000022,Linda Berry,Vance Medical Travel
BRK_000023,Emily Carter,Bailey Medical Travel
BRK_000024,Rachel Raymond,Barnett Medical Travel
BRK_000025,Susan Zimmerman,Combs Medical Travel
BRK_000026,Chad Gallagher,Carter Medical Travel
BRK_000027,Patricia Townsend DDS,Rose Medical Travel
BRK_000028,Joshua Colon,Sutton Medical Travel
BRK_000029,Angel Harris,Clark Medical Travel
BRK_000030,Thomas Harris,Norris Medical Travel
BRK_000031,Michael Macias,Henderson Medical Travel
BRK_000032,Amanda Wang,Anderson Medical Travel
BRK_000033,Michelle Neal,Mitchell Medical Travel
BRK_000034,Roy Lopez,Farmer Medical Travel
BRK_000035,Pamela Lopez,Clark Medical Travel
BRK_000036,Travis Wagner,Perez Medical Travel
BRK_000037,Alicia Le,Ramsey Medical Travel
BRK_000038,Danny Fuller,Elliott Medical Travel
BRK_000039,Mallory Mendoza,Roach Medical Travel
BRK_000040,Joe Page,Weaver Medical Travel
BRK_000041,Brandi Moreno,Sanchez Medical Travel
BRK_000042,Curtis Morgan,Wu Medical Travel
BRK_000043,John Parrish,Anderson Medical Travel
BRK_000044,Steven Harris,Hernandez Medical Travel
BRK_000045,Brittany Perry,Patel Medical Travel
BRK_000046,Randall Willis,Huerta Medical Travel
BRK_000047,Marcus Byrd,Rangel Medical Travel
BRK_000048,Steven Butler,Jackson Medical Travel
BRK_000049,Paul Wolf,Ellis Medical Travel
BRK_000050,Michael Nelson,Brooks Medical Travel
BRK_000051,Allison Anderson,Gill Medical Travel
BRK_000052,Kevin Sheppard,Costa Medical Travel
BRK_000053,Trevor Smith,Moody Medical Travel
BRK_000054,Lisa Lopez MD,Lowe Medical Travel
BRK_000055,Chelsey Martinez,Gill Medical Travel
BRK_000056,Adam Zamora,Sutton Medical Travel
BRK_000057,Patrick Davis,Chapman Medical Travel
BRK_000058,Dr. Erik Duarte Jr.,Matthews Medical Travel
BRK_000059,Shelley Kramer,James Medical Travel
BRK_000060,James Hernandez,Rogers Medical Travel
BRK_000061,Tyrone Jones,Morris Medical Travel
BRK_000062,Mark Sutton,Patterson Medical Travel
BRK_000063,Susan Orr,Schultz Medical Travel
BRK_000064,John Smith MD,Davis Medical Travel
BRK_000065,Daniel Smith,Kelly Medical Travel
BRK_000066,Linda Martinez,Quinn Medical Travel
BRK_000067,Wendy Griffin,Reyes Medical Travel
BRK_000068,Kristen Wood,Stewart Medical Travel
BRK_000069,Sophia Brown,Love Medical Travel
BRK_000070,Greg Jones,Morales Medical Travel
BRK_000071,Allison Day,Terry Medical Travel
BRK_000072,Jordan Roberts,Johnson Medical Travel
BRK_000073,Katrina Calderon,Sanders Medical Travel
BRK_000074,Matthew Hayes,Griffin Medical Travel
BRK_000075,Matthew Hall,Zamora Medical Travel
BRK_000076,Judith Myers,Molina Medical Travel
BRK_000077,Elizabeth James,Carroll Medical Travel
BRK_000078,Andrew Wilson,Thomas Medical Travel
BRK_000079,Denise Johnson,Hart Medical Travel
BRK_000080,Laura Williams,Brown Medical Travel
BRK_000081,Justin Vincent,Hansen Medical Travel
BRK_000082,Steven Barber,Fernandez Medical Travel
BRK_000083,David Taylor,Middleton Medical Travel
BRK_000084,Rebecca Summers,Sanders Medical Travel
BRK_000085,Melinda French,Burns Medical Travel
BRK_000086,Stephanie Lopez,Smith Medical Travel
BRK_000087,Tiffany Lee,Smith Medical Travel
BRK_000088,James Torres,Harvey Medical Travel
BRK_000089,Robert Mullins,Carrillo Medical Travel
BRK_000090,Nathaniel Baldwin,Nielsen Medical Travel
BRK_000091,Jason Smith,Anderson Medical Travel
BRK_000092,Tim Valdez,Williams Medical Travel
BRK_000093,James Garner,Valdez Medical Travel
BRK_000094,Lisa Johnson,Crawford Medical Travel
BRK_000095,Mary Wells,Hunter Medical Travel
BRK_000096,Karen Arellano,Douglas Medical Travel
BRK_000097,Maxwell Richards,Smith Medical Travel
BRK_000098,Lori Trevino,Jones Medical Travel
BRK_000099,Darin Baker,Brown Medical Travel
BRK_000100,Phyllis Johnson,Powers Medical Travel
BRK_000101,Kyle Roberts,Mejia Medical Travel
BRK_000102,Victoria Peterson,Huff Medical Travel
BRK_000103,Darlene Adams,Nelson Medical Travel
BRK_000104,Jennifer Baker,Coleman Medical Travel
BRK_000105,Autumn Sharp,Carter Medical Travel
BRK_000106,Vincent Li,Riggs Medical Travel
BRK_000107,William Fuller,Burns Medical Travel
BRK_000108,Tammy Mcdaniel,Harris Medical Travel
BRK_000109,Alexandra Morgan,Weber Medical Travel
BRK_000110,Daniel Shaffer,Bryan Medical Travel
BRK_000111,Leonard Mcclain,Lowery Medical Travel
BRK_000112,Jeremy Hernandez,Beasley Medical Travel
BRK_000113,Billy Hood,Vega Medical Travel
BRK_000114,Toni Parks,Elliott Medical Travel
BRK_000115,Susan Davis,Scott Medical Travel
BRK_000116,Anna Dominguez,Williams Medical Travel
BRK_000117,Shane Oliver,Armstrong Medical Travel
BRK_000118,Sharon Figueroa,Roberts Medical Travel
BRK_000119,Miranda Hernandez,Frederick Medical Travel
BRK_000120,Ryan Allen,Lynch Medical Travel
BRK_000121,Joseph Burns,Webster Medical Travel
BRK_000122,Christine Greene,Richardson Medical Travel
BRK_000123,Rachel Curry,Banks Medical Travel
BRK_000124,Julie Perry,Williams Medical Travel
BRK_000125,Edward Nicholson,Arnold Medical Travel
BRK_000126,Lydia Watson,West Medical Travel
BRK_000127,Richard Chandler,Knight Medical Travel
BRK_000128,Troy Lee,Hudson Medical Travel
BRK_000129,John Jones,Mcdonald Medical Travel
BRK_000130,Michelle Meyer,Ramirez Medical Travel
BRK_000131,Kevin Solis,Scott Medical Travel
BRK_000132,Elizabeth Sanchez,Dean Medical Travel
BRK_000133,Katherine Mullen,Chapman Medical Travel
BRK_000134,Ashlee Miller,Mclaughlin Medical Travel
BRK_000135,Mrs. Melissa Serrano,Howard Medical Travel
BRK_000136,Cheryl Jackson,Myers Medical Travel
BRK_000137,Melissa Johnson,Phelps Medical Travel
BRK_000138,Christopher Miller,Matthews Medical Travel
BRK_000139,Christine Kennedy,Johnson Medical Travel
BRK_000140,Joanna Cabrera,Mcgee Medical Travel
BRK_000141,Kathleen Ramirez,Harris Medical Travel
BRK_000142,Tracy Harris,Hernandez Medical Travel
BRK_000143,Nicole Williams,Cook Medical Travel
BRK_000144,Dennis Snow,Phelps Medical Travel
BRK_000145,Billy Pratt,Nichols Medical Travel
BRK_000146,Donna Wilson,Young Medical Travel
BRK_000147,Megan Perry,Bullock Medical Travel
BRK_000148,April Allen,Osborne Medical Travel
BRK_000149,Robert Gardner,Wright Medical Travel
BRK_000150,Gerald Price,Sherman Medical Travel
BRK_000151,Jacob Yoder,Johnson Medical Travel
BRK_000152,Kara Spencer,Arnold Medical Travel
BRK_000153,Eric Maynard,Taylor Medical Travel
BRK_000154,Michael Kane,Velazquez Medical Travel
BRK_000155,Krista Weaver,Villarreal Medical Travel
BRK_000156,Benjamin Rush,Chapman Medical Travel
BRK_000157,Laura Delacruz,Mccoy Medical Travel
BRK_000158,Denise Norton,Parsons Medical Travel
BRK_000159,Kenneth Adams,Jensen Medical Travel
BRK_000160,Tracy Wright,Dawson Medical Travel
BRK_000161,Marissa Love,Greer Medical Travel
BRK_000162,Joseph Hill,Alvarado Medical Travel
BRK_000163,Sandra Goodman,Warren Medical Travel
BRK_000164,Jesse Turner,Walker Medical Travel
BRK_000165,Ms. Maria Thomas,Adams Medical Travel
BRK_000166,David Rosario,Velazquez Medical Travel
BRK_000167,Jennifer Peterson,Castillo Medical Travel
BRK_000168,Peter Patel,Snyder Medical Travel
BRK_000169,Michael Daugherty,Alexander Medical Travel
BRK_000170,Joanna Clark,Peterson Medical Travel
BRK_000171,Melissa Smith,Wilkinson Medical Travel
BRK_000172,Michael Johnson,Davis Medical Travel
BRK_000173,Ronald Gonzalez,Phillips Medical Travel
BRK_000174,Adam Brooks,Patel Medical Travel
BRK_000175,Joseph Peters,Byrd Medical Travel
BRK_000176,Daniel Quinn,Ingram Medical Travel
BRK_000177,Terry Carpenter,Rojas Medical Travel
BRK_000178,Joshua Green,Rivera Medical Travel
BRK_000179,Nathan Payne,Rojas Medical Travel
BRK_000180,Melissa Roy,Sharp Medical Travel
BRK_000181,Steven Holland,Brown Medical Travel
BRK_000182,Nicole Green,Miller Medical Travel
BRK_000183,Julie Williams,Williams Medical Travel
BRK_000184,Cynthia Hernandez,Adams Medical Travel
BRK_000185,Matthew Diaz,Underwood Medical Travel
BRK_000186,Kristin Montgomery,Buchanan Medical Travel
BRK_000187,Suzanne Rodgers,Green Medical Travel
BRK_000188,Amy Adams,Moore Medical Travel
BRK_000189,Sarah Jordan,Garcia Medical Travel
BRK_000190,Gina Vega,Carter Medical Travel
BRK_000191,Toni Moreno,Hendricks Medical Travel
BRK_000192,Brandy Bishop,Terry Medical Travel
BRK_000193,Michael Foster,Walker Medical Travel
BRK_000194,Brandon Shelton,Vasquez Medical Travel
BRK_000195,Tyler Garrison,Maxwell Medical Travel
BRK_000196,Sara Warren,Smith Medical Travel
BRK_000197,Haley Blackwell,Jones Medical Travel
BRK_000198,Ryan Willis,Avila Medical Travel
BRK_000199,Brandon Peck,Dominguez Medical Travel
BRK_000200,Paul Simmons,Bradford Medical Travel
BRK_000201,Michael Jones,Bentley Medical Travel
BRK_000202,Karina Hines,Schneider Medical Travel
BRK_000203,Victoria Deleon,Cooper Medical Travel
BRK_000204,Michael Obrien,Williams Medical Travel
BRK_000205,Kyle Armstrong,Bender Medical Travel
BRK_000206,Trevor Wright,Rivera Medical Travel
BRK_000207,Toni Brown,Dean Medical Travel
BRK_000208,Wendy Perez,Lawson Medical Travel
BRK_000209,Kylie Hamilton,Johnson Medical Travel
BRK_000210,Jennifer Hines,Stephens Medical Travel
BRK_000211,Ronald Khan,Miranda Medical Travel
BRK_000212,Carly Goodwin,Smith Medical Travel
BRK_000213,Lindsay Solomon,Price Medical Travel
BRK_000214,Jasmine Harris,Miller Medical Travel
BRK_000215,Oscar Brown,Russell Medical Travel
BRK_000216,Alan Simpson,Ramos Medical Travel
BRK_000217,Katherine Garrett,Wells Medical Travel
BRK_000218,Wesley Gonzalez,Chavez Medical Travel
BRK_000219,Daniel Ferrell,Velez Medical Travel
BRK_000220,Veronica Stewart,Mcdonald Medical Travel
BRK_000221,James Dixon,Dudley Medical Travel
BRK_000222,Kathryn Palmer,Herman Medical Travel
BRK_000223,Valerie Jackson,Payne Medical Travel
BRK_000224,Emily Johnson,Perez Medical Travel
BRK_000225,Allison Floyd,Chapman Medical Travel
BRK_000226,Aaron Fernandez,Miller Medical Travel
BRK_000227,Teresa Mcdaniel MD,Hernandez Medical Travel
BRK_000228,Patricia Adams,Jordan Medical Travel
BRK_000229,Linda Holt,Romero Medical Travel
BRK_000230,Nicole Johnson,Pena Medical Travel
BRK_000231,Luis Hill,Deleon Medical Travel
BRK_000232,Kenneth Snyder,Brady Medical Travel
BRK_000233,Shawna Campos,Price Medical Travel
BRK_000234,Clayton Mills,Murray Medical Travel
BRK_000235,Rachel Greer,Walker Medical Travel
BRK_000236,Tara Thompson,Landry Medical Travel
BRK_000237,Michael Wood,Johnson Medical Travel
BRK_000238,Marcus Rich,English Medical Travel
BRK_000239,Debra Johnson,Roberson Medical Travel
BRK_000240,Ryan Warren,Allen Medical Travel
BRK_000241,Luis Gould,Martinez Medical Travel
BRK_000242,Selena Bailey,Martin Medical Travel
BRK_000243,Christopher Vasquez,Morgan Medical Travel
BRK_000244,Susan Ponce,Burnett Medical Travel
BRK_000245,David Day,Petersen Medical Travel
BRK_000246,Eric Rosales,Warren Medical Travel
BRK_000247,Katherine Porter DVM,Mooney Medical Travel
BRK_000248,Tyler Fox,Trujillo Medical Travel
BRK_000249,Eric Davis,Bennett Medical Travel
BRK_000250,Jennifer Mccarthy,Ortega Medical Travel
BRK_000251,Sarah Newman,Crawford Medical Travel
BRK_000252,Alicia Warner,Glenn Medical Travel
BRK_000253,David Smith,Baker Medical Travel
