id,name,bed_count,registration_date,accreditation_status
CLI_000001,Garcia Care Clinic,0,2010-05-05,none
CLI_000002,Ray Medical Centre,56,2016-07-07,provisional
CLI_000003,Chavez Care Clinic,101,2019-10-28,accredited
CLI_000004,Perez Medical Centre,17,2020-01-26,provisional
CLI_000005,Mcgee Speciality Hospital,0,2014-08-13,provisional
CLI_000006,Henderson Speciality Hospital,96,2016-05-18,provisional
CLI_000007,Ferrell Speciality Hospital,15,2011-09-11,provisional
CLI_000008,Maddox Speciality Hospital,28,2016-11-17,accredited
CLI_000009,Chavez Institute,0,2020-05-30,none
CLI_000010,Ashley Care Clinic,0,2023-09-28,accredited
CLI_000011,Anderson Care Clinic,16,2021-05-22,accredited
CLI_000012,Baker Speciality Hospital,0,2014-09-05,provisional
CLI_000013,Martinez Speciality Hospital,13,2018-09-08,none
CLI_000014,Jones Medical Centre,0,2014-08-22,accredited
CLI_000015,Jordan Institute,68,2023-05-06,none
CLI_000016,Lee Care Clinic,0,2016-08-15,none
CLI_000017,Novak Institute,0,2011-08-07,accredited
CLI_000018,Baker Institute,0,2015-12-17,provisional
CLI_000019,Woods Care Clinic,0,2023-05-17,accredited
CLI_000020,Wilson Hospital,86,2019-04-06,accredited
CLI_000021,Mills Care Clinic,52,2010-10-02,accredited
CLI_000022,Moran Medical Centre,78,2011-09-19,provisional
CLI_000023,Baker Institute,0,2023-11-25,none
CLI_000024,Preston Medical Centre,52,2014-12-08,accredited
CLI_000025,Campbell Institute,132,2012-07-25,provisional
CLI_000026,Walsh Care Clinic,36,2024-04-28,none
CLI_000027,Tran Medical Centre,18,2012-10-29,accredited
CLI_000028,Henson Medical Centre,82,2010-04-13,none
CLI_000029,Cochran Institute,30,2024-04-29,accredited
CLI_000030,Walker Speciality Hospital,46,2015-07-29,accredited
CLI_000031,White Institute,92,2015-11-16,provisional
CLI_000032,Cruz Care Clinic,0,2011-07-20,provisional
CLI_000033,Estrada Institute,426,2018-11-09,accredited
CLI_000034,Torres Speciality Hospital,0,2015-02-24,provisional
CLI_000035,Schultz Care Clinic,24,2021-09-05,accredited
CLI_000036,Higgins Institute,11,2013-08-17,accredited
CLI_000037,Bryant Hospital,17,2019-02-15,accredited
CLI_000038,Ramirez Institute,28,2019-07-24,accredited
CLI_000039,Taylor Hospital,34,2016-04-10,accredited
CLI_000040,Price Institute,56,2012-10-13,accredited
CLI_000041,Tucker Medical Centre,41,2010-01-18,accredited
CLI_000042,Miller Medical Centre,47,2017-06-21,provisional
CLI_000043,Smith Care Clinic,29,2020-03-27,none
CLI_000044,Marshall Hospital,23,2024-04-08,accredited
CLI_000045,Vaughn Speciality Hospital,19,2014-06-14,accredited
CLI_000046,Atkinson Medical Centre,44,2012-05-17,accredited
CLI_000047,Morris Care Clinic,0,2011-05-29,none
CLI_000048,Peterson Medical Centre,144,2014-09-09,provisional
CLI_000049,Joseph Care Clinic,23,2020-10-18,accredited
CLI_000050,Chavez Medical Centre,109,2012-07-08,none
CLI_000051,Ward Hospital,0,2024-02-10,accredited
CLI_000052,Garcia Institute,27,2025-02-16,accredited
CLI_000053,Parks Care Clinic,77,2020-12-03,provisional
CLI_000054,Torres Hospital,33,2025-02-28,provisional
CLI_000055,Ortiz Speciality Hospital,52,2015-08-15,accredited
CLI_000056,Guerrero Institute,36,2020-11-06,accredited
CLI_000057,Morse Speciality Hospital,0,2025-03-15,accredited
CLI_000058,Johnson Care Clinic,25,2012-09-25,accredited
CLI_000059,Moon Medical Centre,0,2018-01-02,provisional
CLI_000060,Simpson Medical Centre,18,2015-01-07,none
CLI_000061,Bryan Speciality Hospital,87,2012-03-25,accredited
CLI_000062,Booth Care Clinic,33,2015-03-29,none
CLI_000063,Dudley Hospital,0,2016-07-24,provisional
CLI_000064,Murray Speciality Hospital,0,2019-09-11,provisional
CLI_000065,Arnold Medical Centre,76,2022-10-04,accredited
CLI_000066,Carpenter Institute,32,2013-06-03,provisional
CLI_000067,Pollard Medical Centre,0,2024-06-06,accredited
CLI_000068,Lozano Speciality Hospital,51,2012-07-08,provisional
CLI_000069,Miller Care Clinic,59,2023-11-12,none
CLI_000070,Craig Speciality Hospital,17,2014-09-01,accredited
CLI_000071,Padilla Speciality Hospital,0,2015-08-05,accredited
CLI_000072,Miller Hospital,0,2010-10-15,provisional
CLI_000073,Nolan Institute,21,2018-02-26,accredited
CLI_000074,Gonzalez Medical Centre,17,2018-03-25,none
CLI_000075,Foster Medical Centre,0,2022-05-18,provisional
CLI_000076,King Hospital,76,2025-01-09,accredited
CLI_000077,Anderson Medical Centre,0,2017-10-05,accredited
CLI_000078,Coffey Hospital,118,2020-03-05,accredited
CLI_000079,Mcdonald Speciality Hospital,11,2021-07-10,accredited
CLI_000080,Herrera Medical Centre,0,2014-03-11,provisional
CLI_000081,Colon Institute,0,2023-04-06,provisional
CLI_000082,Chavez Institute,8,2011-12-25,accredited
CLI_000083,Sampson Medical Centre,15,2016-09-20,accredited
CLI_000084,Buchanan Care Clinic,0,2012-03-01,accredited
CLI_000085,Ramirez Hospital,0,2019-01-11,none
CLI_000086,Fisher Hospital,48,2013-02-25,accredited
CLI_000087,Boone Hospital,27,2012-05-31,provisional
CLI_000088,Chavez Hospital,0,2020-06-12,provisional
CLI_000089,Edwards Speciality Hospital,112,2018-06-04,provisional
CLI_000090,Mcdaniel Institute,24,2022-12-11,accredited
CLI_000091,Rivera Hospital,90,2018-09-23,accredited
CLI_000092,Bell Speciality Hospital,54,2018-04-30,none
CLI_000093,Adams Hospital,32,2011-12-01,accredited
CLI_000094,Barnes Institute,0,2021-01-31,accredited
CLI_000095,Lawson Care Clinic,24,2025-01-31,provisional
CLI_000096,Tucker Medical Centre,25,2017-04-09,accredited
CLI_000097,Burgess Speciality Hospital,76,2024-05-31,accredited
CLI_000098,Wilson Speciality Hospital,0,2012-01-13,provisional
CLI_000099,Reese Hospital,0,2014-05-20,accredited
CLI_000100,Briggs Hospital,16,2012-09-18,accredited
CLI_000101,Gonzalez Care Clinic,18,2017-06-16,none
CLI_000102,Hernandez Medical Centre,54,2021-02-22,provisional
CLI_000103,Wood Institute,13,2014-09-12,provisional
CLI_000104,Huang Hospital,32,2022-11-26,provisional
CLI_000105,Wright Institute,170,2018-07-23,accredited
CLI_000106,Mccormick Medical Centre,45,2023-10-17,accredited
CLI_000107,Fletcher Medical Centre,29,2010-12-03,provisional
CLI_000108,Cooke Hospital,0,2022-08-16,accredited
CLI_000109,Harper Institute,15,2021-12-18,accredited
CLI_000110,Bishop Medical Centre,14,2012-06-03,accredited
CLI_000111,Murray Institute,52,2020-02-12,none
CLI_000112,Hines Speciality Hospital,0,2016-04-03,accredited
CLI_000113,Brooks Speciality Hospital,0,2010-05-14,accredited
CLI_000114,Smith Medical Centre,86,2013-04-09,none
CLI_000115,Martinez Institute,37,2011-11-21,none
CLI_000116,Smith Institute,0,2014-06-18,accredited
CLI_000117,Smith Institute,96,2022-01-01,provisional
CLI_000118,Thompson Institute,35,2020-03-21,none
CLI_000119,Robertson Speciality Hospital,41,2022-02-02,provisional
CLI_000120,Paul Hospital,0,2010-05-19,provisional
CLI_000121,Gardner Hospital,0,2023-01-15,none
CLI_000122,Whitney Hospital,0,2018-06-28,provisional
CLI_000123,Johnson Medical Centre,45,2019-11-07,accredited
CLI_000124,Fitzgerald Hospital,60,2011-12-29,none
CLI_000125,Farrell Speciality Hospital,0,2013-04-13,accredited
CLI_000126,Martinez Medical Centre,35,2022-01-01,provisional
CLI_000127,Jenkins Care Clinic,29,2022-05-07,accredited
CLI_000128,Guerra Speciality Hospital,25,2011-09-24,provisional
CLI_000129,Turner Medical Centre,0,2019-08-31,provisional
CLI_000130,Bryan Hospital,318,2013-06-12,accredited
CLI_000131,Sullivan Care Clinic,18,2025-06-24,accredited
CLI_000132,Robertson Care Clinic,0,2016-08-08,accredited
CLI_000133,Lin Institute,34,2010-07-01,none
CLI_000134,Landry Hospital,39,2017-08-17,none
CLI_000135,Diaz Care Clinic,31,2021-03-09,none
CLI_000136,Becker Care Clinic,65,2024-11-20,accredited
CLI_000137,Porter Care Clinic,21,2016-04-30,accredited
CLI_000138,Kirby Hospital,0,2018-08-03,accredited
CLI_000139,Romero Medical Centre,33,2010-05-06,accredited
CLI_000140,Wells Care Clinic,29,2012-10-08,accredited
CLI_000141,Warren Care Clinic,14,2021-05-17,accredited
CLI_000142,Hampton Speciality Hospital,14,2019-06-18,provisional
CLI_000143,Bennett Medical Centre,0,2018-12-01,accredited
CLI_000144,Wise Medical Centre,18,2017-11-22,provisional
CLI_000145,Williams Hospital,0,2011-01-13,provisional
CLI_000146,Matthews Medical Centre,36,2023-02-28,accredited
CLI_000147,Russell Institute,0,2024-09-04,accredited
CLI_000148,Gentry Care Clinic,0,2012-05-02,provisional
CLI_000149,Hebert Care Clinic,73,2022-06-01,provisional
CLI_000150,Warren Care Clinic,0,2014-06-11,accredited
CLI_000151,Chase Medical Centre,0,2017-01-04,accredited
CLI_000152,Reyes Speciality Hospital,0,2019-03-14,accredited
CLI_000153,Shaw Institute,47,2017-10-11,none
CLI_000154,Perry Speciality Hospital,35,2011-03-17,none
CLI_000155,Brown Medical Centre,42,2022-03-24,accredited
CLI_000156,Stokes Hospital,15,2017-10-27,accredited
CLI_000157,Williams Medical Centre,64,2010-06-25,provisional
CLI_000158,Stuart Care Clinic,19,2017-03-25,provisional
CLI_000159,Vance Care Clinic,0,2024-10-06,provisional
CLI_000160,Avila Hospital,18,2020-08-14,accredited
CLI_000161,Miranda Institute,0,2014-02-06,accredited
CLI_000162,Gonzales Speciality Hospital,50,2019-05-14,accredited
CLI_000163,Odom Hospital,25,2010-07-08,provisional
CLI_000164,James Care Clinic,45,2011-06-19,accredited
CLI_000165,Gutierrez Institute,22,2021-08-27,accredited
CLI_000166,Davis Hospital,41,2016-08-03,none
CLI_000167,Krueger Speciality Hospital,51,2017-06-29,accredited
CLI_000168,Morris Speciality Hospital,35,2022-09-06,none
CLI_000169,Parker Care Clinic,64,2015-11-16,none
CLI_000170,Donovan Speciality Hospital,26,2021-02-16,accredited
CLI_000171,Norton Hospital,25,2015-01-21,accredited
CLI_000172,Robinson Medical Centre,0,2011-10-22,accredited
CLI_000173,Li Medical Centre,170,2023-06-23,accredited
CLI_000174,Miller Speciality Hospital,32,2013-10-15,accredited
CLI_000175,Tran Medical Centre,58,2024-02-07,accredited
CLI_000176,Frost Care Clinic,15,2019-04-10,provisional
CLI_000177,Elliott Speciality Hospital,46,2017-07-27,accredited
CLI_000178,Sanders Institute,0,2014-04-07,none
CLI_000179,Lopez Institute,23,2010-08-12,accredited
CLI_000180,Wallace Care Clinic,83,2019-10-24,none
CLI_000181,Smith Hospital,51,2017-09-10,accredited
CLI_000182,Adams Speciality Hospital,0,2012-01-24,accredited
CLI_000183,Weber Institute,209,2018-08-12,accredited
CLI_000184,Cook Medical Centre,23,2011-03-03,accredited
CLI_000185,Carter Institute,160,2016-08-09,accredited
CLI_000186,Osborn Hospital,50,2020-08-14,accredited
CLI_000187,Chambers Medical Centre,112,2012-04-28,accredited
CLI_000188,King Speciality Hospital,69,2021-10-25,provisional
CLI_000189,Woodard Medical Centre,20,2025-01-19,accredited
CLI_000190,Rodriguez Institute,17,2021-09-03,accredited
CLI_000191,Garcia Care Clinic,256,2016-06-18,accredited
CLI_000192,Webb Institute,0,2021-11-11,none
CLI_000193,Rivera Care Clinic,62,2012-12-14,provisional
CLI_000194,Bush Speciality Hospital,28,2017-06-18,accredited
CLI_000195,Baker Care Clinic,13,2011-08-16,accredited
CLI_000196,Lawrence Medical Centre,85,2013-06-09,provisional
CLI_000197,Tucker Medical Centre,0,2015-10-29,accredited
CLI_000198,Harvey Speciality Hospital,40,2015-03-31,provisional
CLI_000199,Burns Hospital,20,2019-12-16,none
CLI_000200,Newton Care Clinic,28,2022-11-07,none
CLI_000201,Wolf Speciality Hospital,0,2011-07-02,none
CLI_000202,Matthews Hospital,27,2015-09-15,accredited
CLI_000203,Carlson Medical Centre,21,2012-09-15,accredited
CLI_000204,Morris Hospital,23,2015-10-26,accredited
CLI_000205,Powell Medical Centre,79,2023-07-13,provisional
CLI_000206,Donaldson Speciality Hospital,0,2016-02-21,accredited
CLI_000207,Martinez Speciality Hospital,32,2018-06-14,none
CLI_000208,Rubio Care Clinic,26,2013-02-07,accredited
CLI_000209,Watson Hospital,0,2015-09-27,none
CLI_000210,Perez Medical Centre,0,2017-02-28,accredited
CLI_000211,Taylor Institute,11,2014-08-24,none
CLI_000212,Bell Hospital,0,2019-01-21,provisional
CLI_000213,Miller Hospital,49,2023-10-05,accredited
CLI_000214,Allen Institute,48,2014-06-12,accredited
CLI_000215,Farmer Hospital,14,2011-01-16,none
CLI_000216,Hunter Speciality Hospital,90,2012-11-03,none
CLI_000217,Murphy Care Clinic,12,2014-10-17,accredited
CLI_000218,Salazar Hospital,0,2011-05-05,accredited
CLI_000219,Green Hospital,38,2013-08-24,none
CLI_000220,Jones Medical Centre,20,2016-01-05,accredited
CLI_000221,Trevino Institute,0,2022-10-28,none
CLI_000222,Williams Care Clinic,52,2018-08-17,accredited
CLI_000223,Nelson Medical Centre,62,2010-07-11,accredited
CLI_000224,Murphy Medical Centre,93,2013-04-21,accredited
CLI_000225,Randolph Care Clinic,0,2022-12-24,none
CLI_000226,Vasquez Institute,0,2024-03-31,accredited
CLI_000227,Haynes Hospital,47,2014-08-23,none
CLI_000228,Carter Care Clinic,0,2011-10-25,provisional
CLI_000229,Martin Care Clinic,33,2018-05-10,accredited
CLI_000230,Mckenzie Institute,105,2021-12-10,accredited
CLI_000231,Adkins Hospital,0,2012-07-27,none
CLI_000232,Lowery Speciality Hospital,17,2011-09-07,accredited
CLI_000233,Vega Hospital,139,2022-08-05,accredited
CLI_000234,Andrade Care Clinic,0,2015-10-06,provisional
CLI_000235,Durham Care Clinic,38,2010-12-30,accredited
CLI_000236,Wang Hospital,84,2013-02-05,accredited
CLI_000237,Thompson Institute,41,2018-08-19,provisional
CLI_000238,Weaver Care Clinic,0,2011-12-08,accredited
CLI_000239,Drake Care Clinic,19,2010-05-18,accredited
CLI_000240,Valencia Hospital,0,2016-01-28,accredited
CLI_000241,Novak Medical Centre,84,2019-03-11,none
CLI_000242,Flores Medical Centre,34,2020-06-09,accredited
CLI_000243,Reed Medical Centre,0,2011-11-15,accredited
CLI_000244,Oconnor Hospital,57,2018-09-23,accredited
CLI_000245,Lynn Medical Centre,47,2011-12-11,provisional
CLI_000246,Bush Medical Centre,30,2012-04-17,accredited
CLI_000247,Williams Institute,21,2019-03-07,accredited
CLI_000248,Parker Care Clinic,56,2020-07-16,provisional
CLI_000249,Griffin Care Clinic,44,2010-12-10,provisional
CLI_000250,Gutierrez Hospital,0,2020-02-26,none
CLI_000251,Mcbride Care Clinic,0,2015-02-22,provisional
CLI_000252,Graham Care Clinic,89,2014-04-27,accredited
CLI_000253,Dean Medical Centre,0,2014-11-14,accredited
CLI_000254,Dillon Hospital,173,2024-02-16,accredited
CLI_000255,Steele Speciality Hospital,22,2014-11-17,none
CLI_000256,Garrison Institute,108,2013-01-24,accredited
CLI_000257,Figueroa Medical Centre,27,2023-09-07,accredited
CLI_000258,Suarez Medical Centre,14,2010-03-06,accredited
CLI_000259,Sanders Hospital,26,2021-10-17,accredited
CLI_000260,Williams Hospital,0,2010-09-26,accredited
CLI_000261,Smith Medical Centre,57,2018-12-26,provisional
CLI_000262,Hill Speciality Hospital,95,2021-01-08,provisional
CLI_000263,Evans Medical Centre,72,2022-04-04,accredited
CLI_000264,Flores Care Clinic,24,2020-09-23,provisional
CLI_000265,Aguilar Medical Centre,51,2015-11-02,none
CLI_000266,Walter Institute,21,2015-03-22,provisional
CLI_000267,Walker Medical Centre,0,2011-02-02,none
CLI_000268,Dillon Medical Centre,0,2020-09-14,accredited
CLI_000269,White Care Clinic,0,2020-07-05,none
CLI_000270,Anderson Medical Centre,0,2024-07-23,none
CLI_000271,Steele Institute,56,2016-01-06,accredited
CLI_000272,Morgan Hospital,0,2016-06-16,accredited
CLI_000273,Mercer Institute,33,2023-03-19,accredited
CLI_000274,Rodriguez Medical Centre,21,2012-02-26,accredited
CLI_000275,Miles Care Clinic,0,2017-12-21,accredited
CLI_000276,Higgins Institute,25,2023-12-03,accredited
CLI_000277,Martin Hospital,13,2017-12-07,accredited
CLI_000278,Cummings Care Clinic,0,2010-01-26,provisional
CLI_000279,Edwards Care Clinic,17,2012-12-04,accredited
CLI_000280,Briggs Care Clinic,51,2019-11-06,accredited
CLI_000281,Webb Care Clinic,0,2012-01-21,accredited
CLI_000282,Edwards Institute,12,2012-01-19,none
CLI_000283,Olson Speciality Hospital,0,2024-04-17,accredited
CLI_000284,Rivera Medical Centre,84,2016-10-06,accredited
CLI_000285,West Speciality Hospital,48,2010-03-12,none
CLI_000286,Conner Medical Centre,48,2024-08-19,accredited
CLI_000287,Rivera Medical Centre,50,2015-04-10,accredited
CLI_000288,Cox Medical Centre,0,2010-05-13,accredited
CLI_000289,Kelley Medical Centre,23,2020-05-03,provisional
CLI_000290,Morgan Hospital,0,2023-06-15,accredited
CLI_000291,Tran Care Clinic,55,2020-04-23,accredited
CLI_000292,Andrade Medical Centre,71,2020-01-25,provisional
CLI_000293,Tanner Care Clinic,0,2020-01-17,none
CLI_000294,Benson Hospital,0,2017-11-04,provisional
CLI_000295,Thomas Medical Centre,66,2017-09-27,provisional
CLI_000296,Cervantes Hospital,22,2012-10-13,none
CLI_000297,Hughes Medical Centre,44,2021-10-21,accredited
CLI_000298,Rodgers Institute,14,2021-09-22,provisional
CLI_000299,Smith Medical Centre,153,2010-04-26,provisional
CLI_000300,Jones Care Clinic,22,2014-10-23,accredited
CLI_000301,Alvarado Speciality Hospital,81,2018-09-30,none
CLI_000302,Cruz Care Clinic,0,2024-10-30,provisional
CLI_000303,Jackson Hospital,0,2018-11-04,provisional
CLI_000304,Parks Institute,106,2016-11-28,provisional
CLI_000305,Hayes Care Clinic,29,2015-11-27,accredited
CLI_000306,Reilly Institute,111,2021-01-16,accredited
CLI_000307,Taylor Medical Centre,54,2015-02-12,none
CLI_000308,Carlson Speciality Hospital,84,2010-08-12,accredited
CLI_000309,York Care Clinic,99,2022-03-07,accredited
CLI_000310,Lambert Care Clinic,37,2015-12-31,provisional
CLI_000311,Diaz Institute,17,2025-05-19,accredited
CLI_000312,Humphrey Medical Centre,0,2017-05-16,none
CLI_000313,Luna Care Clinic,0,2024-07-02,accredited
CLI_000314,Stephens Speciality Hospital,35,2024-03-15,provisional
CLI_000315,Sanders Speciality Hospital,22,2014-04-20,provisional
CLI_000316,Brennan Institute,57,2024-12-16,provisional
CLI_000317,Harrison Care Clinic,50,2011-10-06,accredited
CLI_000318,Bennett Hospital,70,2013-04-04,accredited
CLI_000319,Lopez Hospital,16,2013-11-16,accredited
CLI_000320,Clark Speciality Hospital,26,2022-02-26,accredited
CLI_000321,Jackson Medical Centre,0,2012-11-10,accredited
CLI_000322,Burke Institute,60,2018-05-30,accredited
CLI_000323,Jones Hospital,0,2020-08-09,accredited
CLI_000324,Williams Hospital,20,2025-05-19,none
CLI_000325,Wolfe Institute,101,2023-03-11,provisional
CLI_000326,Ortiz Institute,0,2018-12-23,none
CLI_000327,Brock Speciality Hospital,0,2010-06-03,accredited
CLI_000328,White Institute,38,2017-12-05,accredited
CLI_000329,Hartman Care Clinic,0,2015-01-25,accredited
CLI_000330,Wood Hospital,17,2017-04-09,accredited
CLI_000331,Jefferson Care Clinic,19,2013-07-04,none
CLI_000332,Lee Hospital,34,2012-05-19,provisional
CLI_000333,Shea Care Clinic,0,2012-10-05,accredited
CLI_000334,Richmond Hospital,0,2018-09-29,accredited
CLI_000335,Jones Hospital,40,2011-08-29,accredited
CLI_000336,Atkins Institute,315,2022-02-27,accredited
CLI_000337,Ross Speciality Hospital,32,2017-12-20,provisional
CLI_000338,Conrad Speciality Hospital,47,2024-07-15,accredited
CLI_000339,Kelly Medical Centre,51,2023-10-04,accredited
CLI_000340,Joyce Hospital,0,2013-02-27,accredited
CLI_000341,Shaw Speciality Hospital,64,2021-02-13,accredited
CLI_000342,Carpenter Hospital,30,2024-05-25,provisional
CLI_000343,Dickerson Hospital,0,2012-01-26,accredited
CLI_000344,Kennedy Care Clinic,31,2010-06-19,none
CLI_000345,Williams Institute,18,2023-05-28,accredited
CLI_000346,Bell Institute,35,2018-03-28,accredited
CLI_000347,Mitchell Speciality Hospital,0,2011-02-18,accredited
CLI_000348,Edwards Institute,28,2011-05-31,accredited
CLI_000349,Haynes Medical Centre,0,2024-09-04,accredited
CLI_000350,Baker Care Clinic,0,2017-09-19,accredited
CLI_000351,Lin Medical Centre,0,2019-09-13,accredited
CLI_000352,Olson Care Clinic,15,2016-11-01,accredited
CLI_000353,Ochoa Hospital,47,2021-02-27,accredited
CLI_000354,Kelley Institute,0,2015-04-07,provisional
CLI_000355,Wong Medical Centre,32,2016-04-30,provisional
CLI_000356,Adams Care Clinic,38,2018-10-05,accredited
CLI_000357,Flores Speciality Hospital,44,2024-09-04,accredited
CLI_000358,Snyder Medical Centre,94,2016-02-02,accredited
CLI_000359,Harrison Hospital,36,2020-03-29,accredited
CLI_000360,Hendrix Institute,22,2020-02-24,none
CLI_000361,Chen Care Clinic,0,2019-02-01,provisional
CLI_000362,Wright Institute,0,2016-07-03,accredited
CLI_000363,Sherman Institute,46,2023-08-25,accredited
CLI_000364,Bailey Medical Centre,46,2013-05-26,provisional
CLI_000365,Hunter Speciality Hospital,0,2024-01-24,provisional
CLI_000366,Fuentes Hospital,38,2015-04-07,accredited
CLI_000367,Jones Care Clinic,27,2015-12-21,accredited
CLI_000368,Miles Care Clinic,0,2011-12-08,none
CLI_000369,Obrien Speciality Hospital,35,2010-12-05,provisional
CLI_000370,Short Speciality Hospital,58,2016-10-15,accredited
CLI_000371,Lopez Care Clinic,35,2023-05-01,accredited
CLI_000372,Simmons Speciality Hospital,27,2015-05-11,none
CLI_000373,Morris Care Clinic,65,2020-02-10,accredited
CLI_000374,Johnson Hospital,51,2018-07-24,accredited
CLI_000375,Moore Institute,38,2013-07-29,accredited
CLI_000376,Mcguire Medical Centre,0,2016-12-18,provisional
CLI_000377,Bailey Institute,0,2014-10-07,accredited
CLI_000378,Williams Speciality Hospital,0,2024-12-07,accredited
CLI_000379,Griffin Medical Centre,529,2019-09-15,provisional
CLI_000380,Williams Hospital,0,2025-02-17,none
CLI_000381,Pearson Medical Centre,0,2023-02-12,accredited
CLI_000382,Diaz Hospital,19,2020-12-13,accredited
CLI_000383,Gonzalez Medical Centre,27,2022-07-04,accredited
CLI_000384,Torres Medical Centre,0,2019-07-17,none
CLI_000385,Lewis Medical Centre,21,2016-05-14,accredited
CLI_000386,Marshall Hospital,31,2013-02-22,provisional
CLI_000387,Hall Hospital,35,2022-05-15,provisional
CLI_000388,House Medical Centre,0,2019-08-03,accredited
CLI_000389,Scott Medical Centre,93,2020-07-10,accredited
CLI_000390,Miller Medical Centre,21,2011-12-07,provisional
CLI_000391,Daniels Hospital,28,2011-01-22,none
CLI_000392,Jordan Institute,0,2021-09-18,provisional
CLI_000393,Johnson Medical Centre,48,2023-08-19,accredited
CLI_000394,Bradley Institute,66,2013-01-10,accredited
CLI_000395,Perez Institute,24,2011-11-23,accredited
CLI_000396,Franklin Institute,33,2022-05-15,accredited
CLI_000397,Medina Medical Centre,47,2019-09-23,provisional
CLI_000398,Ayala Speciality Hospital,0,2014-09-23,provisional
CLI_000399,Davis Medical Centre,0,2014-06-10,accredited
CLI_000400,Chavez Medical Centre,79,2018-10-17,accredited
CLI_000401,Moody Hospital,36,2017-08-30,provisional
CLI_000402,Williams Care Clinic,40,2020-06-01,accredited
CLI_000403,Aguirre Medical Centre,0,2019-03-15,provisional
CLI_000404,Fuller Speciality Hospital,64,2024-07-11,provisional
CLI_000405,Rodriguez Hospital,16,2019-11-09,none
CLI_000406,Richardson Hospital,123,2023-03-08,accredited
CLI_000407,Murphy Institute,0,2020-06-07,provisional
CLI_000408,Peck Institute,26,2022-01-22,none
CLI_000409,Erickson Institute,0,2021-05-15,accredited
CLI_000410,Castro Medical Centre,19,2021-03-23,provisional
CLI_000411,Choi Hospital,0,2011-07-21,accredited
CLI_000412,Reilly Hospital,19,2017-02-26,accredited
CLI_000413,Pittman Medical Centre,16,2021-07-25,accredited
CLI_000414,Thornton Care Clinic,83,2020-03-28,provisional
CLI_000415,Johnson Hospital,0,2022-12-02,accredited
CLI_000416,Rhodes Care Clinic,51,2021-12-02,provisional
CLI_000417,Wiggins Speciality Hospital,0,2012-01-20,accredited
CLI_000418,Moore Hospital,15,2024-07-14,accredited
CLI_000419,Andrews Care Clinic,0,2014-06-12,accredited
CLI_000420,Simmons Care Clinic,67,2011-09-11,accredited
CLI_000421,Hess Institute,0,2020-01-20,accredited
CLI_000422,Stark Medical Centre,20,2015-06-03,none
CLI_000423,Anderson Speciality Hospital,38,2023-02-02,accredited
CLI_000424,Oliver Speciality Hospital,142,2020-08-20,accredited
CLI_000425,Vargas Speciality Hospital,0,2016-12-17,accredited
CLI_000426,Murphy Care Clinic,0,2012-01-20,none
CLI_000427,Lane Care Clinic,49,2010-01-30,accredited
CLI_000428,Santana Care Clinic,53,2017-05-30,accredited
CLI_000429,Clark Medical Centre,65,2015-05-16,provisional
CLI_000430,Miller Speciality Hospital,35,2012-04-21,accredited
CLI_000431,Jacobs Speciality Hospital,129,2019-11-22,none
CLI_000432,Webb Speciality Hospital,0,2019-11-23,accredited
CLI_000433,Alvarado Speciality Hospital,0,2023-06-20,accredited
CLI_000434,Yu Care Clinic,116,2016-04-13,none
CLI_000435,Weber Care Clinic,42,2018-04-30,provisional
CLI_000436,Wagner Care Clinic,0,2022-03-24,accredited
CLI_000437,Morton Institute,99,2025-06-18,none
CLI_000438,Lloyd Speciality Hospital,49,2013-08-13,accredited
CLI_000439,May Medical Centre,0,2013-03-27,accredited
CLI_000440,Wells Medical Centre,35,2018-01-08,none
CLI_000441,Gomez Speciality Hospital,64,2021-01-28,provisional
CLI_000442,Byrd Medical Centre,127,2014-08-22,accredited
CLI_000443,King Institute,30,2014-04-06,accredited
CLI_000444,Bennett Medical Centre,0,2022-06-27,accredited
CLI_000445,Wong Speciality Hospital,36,2014-05-29,provisional
CLI_000446,Schwartz Speciality Hospital,54,2016-11-10,accredited
CLI_000447,Krause Speciality Hospital,47,2016-01-03,provisional
CLI_000448,Jones Hospital,0,2025-05-15,accredited
CLI_000449,Robertson Hospital,30,2017-11-06,accredited
CLI_000450,Cook Care Clinic,13,2011-11-20,accredited
CLI_000451,Holland Medical Centre,52,2022-08-19,none
CLI_000452,Moss Hospital,27,2023-03-01,accredited
CLI_000453,Levy Institute,37,2022-03-17,accredited
CLI_000454,Johnson Hospital,65,2010-10-03,provisional
CLI_000455,Conley Hospital,0,2024-07-17,none
CLI_000456,Gregory Institute,14,2012-06-19,accredited
CLI_000457,Todd Hospital,173,2011-02-05,provisional
CLI_000458,Bennett Hospital,0,2020-01-29,accredited
CLI_000459,Nelson Speciality Hospital,0,2024-04-01,accredited
CLI_000460,Serrano Hospital,55,2017-04-21,accredited
CLI_000461,Clark Institute,33,2020-02-02,accredited
CLI_000462,Newman Institute,47,2017-07-18,none
CLI_000463,Jones Care Clinic,26,2014-12-29,accredited
CLI_000464,Richards Care Clinic,77,2023-09-17,accredited
CLI_000465,Martinez Speciality Hospital,47,2019-12-02,accredited
CLI_000466,Jenkins Hospital,0,2019-05-05,accredited
CLI_000467,Butler Speciality Hospital,70,2016-05-26,accredited
CLI_000468,Mullins Speciality Hospital,21,2016-06-03,accredited
CLI_000469,Stevens Hospital,48,2010-04-10,accredited
CLI_000470,Mullins Speciality Hospital,43,2018-09-24,provisional
CLI_000471,Barron Institute,26,2011-04-16,none
CLI_000472,Allen Institute,31,2019-08-26,provisional
CLI_000473,Brown Hospital,0,2012-09-18,accredited
CLI_000474,Lopez Institute,22,2019-08-20,none
CLI_000475,Crawford Care Clinic,69,2023-11-11,accredited
CLI_000476,Wiggins Speciality Hospital,18,2017-10-08,accredited
CLI_000477,Washington Speciality Hospital,19,2011-12-04,provisional
CLI_000478,Chaney Care Clinic,40,2019-02-14,provisional
CLI_000479,Ferguson Care Clinic,72,2023-11-15,provisional
CLI_000480,Kemp Care Clinic,70,2022-12-05,accredited
CLI_000481,Pierce Medical Centre,0,2011-02-18,accredited
CLI_000482,Griffin Speciality Hospital,0,2017-09-07,provisional
CLI_000483,Gonzalez Hospital,0,2012-02-19,accredited
CLI_000484,Nash Speciality Hospital,38,2016-04-11,accredited
CLI_000485,Waller Hospital,30,2014-01-19,accredited
CLI_000486,Hatfield Medical Centre,38,2022-06-18,provisional
CLI_000487,Spencer Hospital,27,2023-09-23,accredited
CLI_000488,Vasquez Speciality Hospital,102,2024-05-26,accredited
CLI_000489,Quinn Medical Centre,23,2022-03-02,provisional
CLI_000490,Barr Speciality Hospital,184,2021-06-20,provisional
CLI_000491,Serrano Speciality Hospital,0,2024-11-03,accredited
CLI_000492,Jenkins Medical Centre,0,2016-02-21,none
CLI_000493,Fuentes Hospital,0,2015-05-15,accredited
CLI_000494,Thomas Care Clinic,19,2021-11-14,accredited
CLI_000495,Mcguire Hospital,0,2015-04-07,none
CLI_000496,Singleton Hospital,31,2019-09-17,none
CLI_000497,Jackson Institute,0,2023-02-23,none
CLI_000498,Gonzales Medical Centre,42,2022-11-02,none
CLI_000499,Simpson Hospital,0,2022-07-09,provisional
CLI_000500,Cherry Speciality Hospital,14,2018-09-16,accredited
CLI_000501,Barrett Institute,0,2018-01-04,accredited
CLI_000502,Martinez Care Clinic,49,2022-09-06,accredited
CLI_000503,Tate Medical Centre,40,2025-06-28,provisional
CLI_000504,Howell Institute,116,2024-05-19,accredited
CLI_000505,Cole Medical Centre,0,2015-11-02,none
CLI_000506,Freeman Medical Centre,172,2010-02-03,accredited
CLI_000507,Brown Medical Centre,0,2021-08-25,accredited
CLI_000508,Pacheco Institute,0,2024-08-21,provisional
CLI_000509,Miller Hospital,0,2011-05-17,accredited
CLI_000510,Smith Hospital,0,2019-09-15,provisional
CLI_000511,Morgan Speciality Hospital,65,2013-07-12,accredited
CLI_000512,Newton Speciality Hospital,30,2023-07-24,accredited
CLI_000513,Alvarado Hospital,0,2017-06-25,accredited
CLI_000514,Hayden Care Clinic,59,2020-06-09,accredited
CLI_000515,Jennings Hospital,64,2016-05-29,provisional
CLI_000516,Burke Care Clinic,74,2019-04-19,none
CLI_000517,Moore Institute,63,2018-09-05,provisional
CLI_000518,Mosley Speciality Hospital,79,2012-09-15,provisional
CLI_000519,Greene Speciality Hospital,0,2011-08-31,provisional
CLI_000520,Brown Care Clinic,57,2024-09-25,accredited
CLI_000521,Bates Hospital,68,2017-10-10,accredited
CLI_000522,Price Medical Centre,21,2014-07-23,accredited
CLI_000523,Morrow Hospital,0,2019-05-22,accredited
CLI_000524,Ruiz Institute,48,2011-04-06,accredited
CLI_000525,Randall Hospital,40,2011-10-03,provisional
CLI_000526,Davidson Speciality Hospital,0,2019-08-27,provisional
CLI_000527,Reeves Speciality Hospital,0,2020-12-14,provisional
CLI_000528,Richardson Hospital,42,2020-10-15,provisional
CLI_000529,Williams Medical Centre,36,2015-12-18,none
CLI_000530,Hernandez Medical Centre,0,2024-12-07,none
CLI_000531,Lee Care Clinic,22,2023-12-17,none
CLI_000532,Sparks Care Clinic,14,2022-01-14,provisional
CLI_000533,Reyes Care Clinic,0,2016-03-23,none
CLI_000534,James Speciality Hospital,0,2010-12-31,none
CLI_000535,Anderson Hospital,46,2021-08-17,none
CLI_000536,Austin Institute,32,2023-05-26,none
CLI_000537,Stafford Institute,38,2015-12-06,accredited
CLI_000538,Wilson Medical Centre,0,2013-10-29,provisional
CLI_000539,Elliott Hospital,10,2022-06-03,accredited
CLI_000540,Tate Institute,0,2015-12-08,none
CLI_000541,Keller Hospital,26,2017-03-06,accredited
CLI_000542,Yates Hospital,31,2023-10-23,provisional
CLI_000543,Goodwin Hospital,0,2015-03-26,accredited
CLI_000544,Mcclure Speciality Hospital,21,2015-06-09,none
CLI_000545,Rose Speciality Hospital,109,2018-02-22,accredited
CLI_000546,Williams Medical Centre,19,2019-07-01,provisional
CLI_000547,Carroll Hospital,0,2024-11-20,none
CLI_000548,Edwards Care Clinic,426,2018-08-05,accredited
CLI_000549,Smith Hospital,38,2013-05-04,provisional
CLI_000550,Ward Medical Centre,66,2017-05-28,provisional
CLI_000551,Turner Speciality Hospital,0,2021-06-30,accredited
CLI_000552,Graham Medical Centre,25,2023-01-12,none
CLI_000553,Park Care Clinic,57,2021-11-20,none
CLI_000554,Lane Care Clinic,31,2019-03-20,none
CLI_000555,Brown Speciality Hospital,23,2017-10-04,none
CLI_000556,Romero Speciality Hospital,0,2018-07-26,accredited
CLI_000557,Moore Hospital,26,2010-07-31,provisional
CLI_000558,Hahn Care Clinic,52,2016-09-01,accredited
CLI_000559,Wilson Hospital,0,2020-10-05,provisional
CLI_000560,Russo Medical Centre,11,2012-10-09,accredited
CLI_000561,Moore Institute,110,2015-03-21,accredited
CLI_000562,Davenport Care Clinic,37,2024-01-27,provisional
CLI_000563,Norton Medical Centre,31,2025-03-21,provisional
CLI_000564,Smith Hospital,97,2012-06-04,none
CLI_000565,Nielsen Institute,0,2012-05-08,none
CLI_000566,Russo Medical Centre,38,2017-02-24,accredited
CLI_000567,Miller Institute,41,2018-11-16,accredited
CLI_000568,Johnson Institute,0,2013-06-29,accredited
CLI_000569,Evans Care Clinic,294,2014-10-10,accredited
CLI_000570,Bird Medical Centre,32,2020-12-06,accredited
CLI_000571,Murphy Medical Centre,0,2020-08-25,accredited
CLI_000572,Griffin Medical Centre,25,2025-01-27,accredited
CLI_000573,Thomas Hospital,28,2023-09-09,none
CLI_000574,Dorsey Care Clinic,33,2016-05-18,accredited
CLI_000575,Turner Hospital,33,2011-01-11,accredited
CLI_000576,Smith Speciality Hospital,11,2014-03-27,accredited
CLI_000577,Contreras Institute,71,2020-01-29,none
CLI_000578,Mccoy Care Clinic,0,2014-02-26,none
CLI_000579,Alvarez Speciality Hospital,13,2023-10-27,accredited
CLI_000580,Morales Hospital,125,2025-01-25,accredited
CLI_000581,Petty Institute,36,2020-12-20,provisional
CLI_000582,White Care Clinic,29,2025-03-04,none
CLI_000583,Thomas Institute,84,2024-04-30,none
CLI_000584,Marshall Hospital,0,2013-11-03,accredited
CLI_000585,Miller Medical Centre,9,2012-04-06,accredited
CLI_000586,Williams Care Clinic,18,2016-10-17,accredited
CLI_000587,Campbell Medical Centre,0,2012-08-06,accredited
CLI_000588,Henson Care Clinic,47,2016-08-27,none
CLI_000589,Zimmerman Institute,110,2012-11-11,none
CLI_000590,Chambers Institute,0,2019-03-16,accredited
CLI_000591,Howard Institute,72,2014-02-28,none
CLI_000592,Becker Speciality Hospital,131,2023-10-22,none
CLI_000593,Kane Speciality Hospital,31,2019-05-12,provisional
CLI_000594,Ibarra Medical Centre,0,2020-12-30,none
CLI_000595,Martinez Care Clinic,56,2019-12-13,accredited
CLI_000596,Myers Hospital,45,2011-01-23,accredited
CLI_000597,Brown Hospital,12,2015-11-16,accredited
CLI_000598,Parsons Hospital,16,2019-11-21,accredited
CLI_000599,Brown Speciality Hospital,41,2022-12-10,accredited
CLI_000600,Williamson Institute,0,2016-09-14,provisional
