id,full_name,specialty
DOC_000001,Dr. Rachel Hanson,cardiac
DOC_000002,Dr. John Patterson,cosmetic
DOC_000003,Dr. Ashley Curtis,fertility
DOC_000004,Dr. Allison Holmes,cardiac
DOC_000005,Dr. Ashley Smith,cosmetic
DOC_000006,Dr. Leslie Randall,orthopaedic
DOC_000007,Dr. Beth Hicks,cardiac
DOC_000008,Dr. John Oliver,dental
DOC_000009,Dr. Chad Williams,cardiac
DOC_000010,Dr. Kevin Palmer,cosmetic
DOC_000011,Dr. Heather Silva,cosmetic
DOC_000012,Dr. Brianna Harrison,dental
DOC_000013,Dr. Donna Cordova,dental
DOC_000014,Dr. Mary Thomas,fertility
DOC_000015,Dr. Robert Hansen,cardiac
DOC_000016,Dr. Gregg Bray,cosmetic
DOC_000017,Dr. Christina Jones,dental
DOC_000018,Dr. John Holt,cosmetic
DOC_000019,Dr. Michael Christian,oncology
DOC_000020,Dr. Gabriela Evans,orthopaedic
DOC_000021,Dr. Brian Walter,cosmetic
DOC_000022,Dr. Kathleen Mora,cardiac
DOC_000023,Dr. Melissa Owens,cosmetic
DOC_000024,Dr. John Tate,orthopaedic
DOC_000025,Dr. Renee Bennett,cardiac
DOC_000026,Dr. Ronald Smith,cosmetic
DOC_000027,Dr. Hunter Spencer,dental
DOC_000028,Dr. Jeremiah Welch,cosmetic
DOC_000029,Dr. Heather Hester,orthopaedic
DOC_000030,Dr. Duane Robinson,fertility
DOC_000031,Dr. Christopher Abbott,cosmetic
DOC_000032,Dr. Craig Thompson,cardiac
DOC_000033,Dr. Brian Decker,cosmetic
DOC_000034,Dr. Matthew Dyer,orthopaedic
DOC_000035,Dr. Daniel Bryant,dental
DOC_000036,Dr. Jaime Jackson,dental
DOC_000037,Dr. Rebecca Hanson,cardiac
DOC_000038,Dr. Michael Wilson,cosmetic
DOC_000039,Dr. Bianca Lopez,fertility
DOC_000040,Dr. Melissa Stewart,orthopaedic
DOC_000041,Dr. Mark Mccall,dental
DOC_000042,Dr. Laurie Dickerson,cosmetic
DOC_000043,Dr. Charles Wright,dental
DOC_000044,Dr. Diana Martinez,cardiac
DOC_000045,Dr. Lauren Burns,dental
DOC_000046,Dr. Rachel Gibbs,cosmetic
DOC_000047,Dr. Carol Hughes,cardiac
DOC_000048,Dr. Nicole Brooks,fertility
DOC_000049,Dr. Cassidy Marquez,cosmetic
DOC_000050,Dr. Karen Sosa,cosmetic
DOC_000051,Dr. Kevin Little,fertility
DOC_000052,Dr. Marie Clark,dental
DOC_000053,Dr. Jodi Young,cosmetic
DOC_000054,Dr. Jeffery Bennett,cosmetic
DOC_000055,Dr. Ryan Scott,fertility
DOC_000056,Dr. Paul Phillips,orthopaedic
DOC_000057,Dr. Crystal Williams,oncology
DOC_000058,Dr. Gabrielle Hayes,cardiac
DOC_000059,Dr. Jacob Jimenez,cosmetic
DOC_000060,Dr. Alexander Alexander,orthopaedic
DOC_000061,Dr. Bill Valenzuela,dental
DOC_000062,Dr. Jonathan Payne,orthopaedic
DOC_000063,Dr. Donald Perez,cosmetic
DOC_000064,Dr. Isaac Payne,orthopaedic
DOC_000065,Dr. Michael Wright,orthopaedic
DOC_000066,Dr. Patricia Bruce,dental
DOC_000067,Dr. Larry Taylor,cosmetic
DOC_000068,Dr. Michelle Daniels,oncology
DOC_000069,Dr. Randy Campbell,orthopaedic
DOC_000070,Dr. Zachary Bautista,oncology
DOC_000071,Dr. Norma Smith,oncology
DOC_000072,Dr. Virginia Lynn,orthopaedic
DOC_000073,Dr. Crystal Cummings,fertility
DOC_000074,Dr. David Matthews,dental
DOC_000075,Dr. Julie Olsen,cosmetic
DOC_000076,Dr. Brady Singleton,fertility
DOC_000077,Dr. Tom Butler,cosmetic
DOC_000078,Dr. Samuel Johnson,dental
DOC_000079,Dr. Shane Torres,dental
DOC_000080,Dr. Kathryn Hopkins,oncology
DOC_000081,Dr. Darin Simmons,cardiac
DOC_000082,Dr. Pamela Vaughn,fertility
DOC_000083,Dr. Kevin Bradley,cardiac
DOC_000084,Dr. Charles Rowland,cardiac
DOC_000085,Dr. Laura Lloyd DVM,dental
DOC_000086,Dr. Jeanne James,dental
DOC_000087,Dr. Amy Hughes,orthopaedic
DOC_000088,Dr. Gary Hayden,orthopaedic
DOC_000089,Dr. Elizabeth Jackson,dental
DOC_000090,Dr. Cassandra Serrano,fertility
DOC_000091,Dr. Alyssa Gonzalez,orthopaedic
DOC_000092,Dr. Jasmin Harris,cardiac
DOC_000093,Dr. Joseph Gibson,orthopaedic
DOC_000094,Dr. Adam Murphy,dental
DOC_000095,Dr. Jeanne Mayo,orthopaedic
DOC_000096,Dr. Jason Paul,dental
DOC_000097,Dr. Steven Clark,dental
DOC_000098,Dr. Emily Meyers,fertility
DOC_000099,Dr. Caitlin Andrews,dental
DOC_000100,Dr. Dale Moran,dental
DOC_000101,Dr. Dakota Ritter,dental
DOC_000102,Dr. Roger Jacobs,dental
DOC_000103,Dr. Gary Carroll,cosmetic
DOC_000104,Dr. Joel Williams Jr.,cardiac
DOC_000105,Dr. Tamara Reed,cardiac
DOC_000106,Dr. Rebecca Myers,cosmetic
DOC_000107,Dr. Sarah Perry,dental
DOC_000108,Dr. Luke Reynolds,cosmetic
DOC_000109,Dr. Matthew Hale,dental
DOC_000110,Dr. Michael Williams,cardiac
DOC_000111,Dr. Brooke Khan,cosmetic
DOC_000112,Dr. Mary Jones,dental
DOC_000113,Dr. Stephanie Kerr,cosmetic
DOC_000114,Dr. Philip Martinez,cosmetic
DOC_000115,Dr. Pedro Gordon,dental
DOC_000116,Dr. Jennifer Martin,cosmetic
DOC_000117,Dr. Andrew Johnson,dental
DOC_000118,Dr. Megan Murray,oncology
DOC_000119,Dr. James Lee,fertility
DOC_000120,Dr. David Fletcher,cosmetic
DOC_000121,Dr. Michael Marshall,cardiac
DOC_000122,Dr. Bradley Sandoval,fertility
DOC_000123,Dr. Jessica Ruiz,dental
DOC_000124,Dr. Christopher Roberson,orthopaedic
DOC_000125,Dr. Cassandra Martinez,fertility
DOC_000126,Dr. Caroline Powers,orthopaedic
DOC_000127,Dr. Donald Alexander,oncology
DOC_000128,Dr. Miguel Stafford,cosmetic
DOC_000129,Dr. Jessica Williams,fertility
DOC_000130,Dr. Kelly Bates,cosmetic
DOC_000131,Dr. Ashley Vaughn,cardiac
DOC_000132,Dr. Kyle Williams,dental
DOC_000133,Dr. Dakota Wright,cosmetic
DOC_000134,Dr. Christina Smith,dental
DOC_000135,Dr. Adrian Hoover,cardiac
DOC_000136,Dr. Amy Benjamin,orthopaedic
DOC_000137,Dr. Russell Beck,cardiac
DOC_000138,Dr. Amanda Hunt,dental
DOC_000139,Dr. Erica Sims,cosmetic
DOC_000140,Dr. Taylor Foster,cosmetic
DOC_000141,Dr. David Rodriguez,dental
DOC_000142,Dr. Adrian Valdez,orthopaedic
DOC_000143,Dr. Daniel Robinson,orthopaedic
DOC_000144,Dr. Diana Hanson,orthopaedic
DOC_000145,Dr. Stephen Jenkins,oncology
DOC_000146,Dr. Kathryn Mooney,fertility
DOC_000147,Dr. Raven Nielsen,cosmetic
DOC_000148,Dr. Darlene Davis,cosmetic
DOC_000149,Dr. Mark Price,oncology
DOC_000150,Dr. Patricia Anderson,dental
DOC_000151,Dr. Philip Watts,cardiac
DOC_000152,Dr. Mary Jones,orthopaedic
DOC_000153,Dr. Thomas Cole,fertility
DOC_000154,Dr. Natalie Gordon,cardiac
DOC_000155,Dr. Alexis Smith,orthopaedic
DOC_000156,Dr. Becky Young,cosmetic
DOC_000157,Dr. David Miller,orthopaedic
DOC_000158,Dr. Jonathan Harris,dental
DOC_000159,Dr. Martin Young,orthopaedic
DOC_000160,Dr. Virginia Wallace,cardiac
DOC_000161,Dr. Brandy Stewart,fertility
DOC_000162,Dr. Amanda Conner,fertility
DOC_000163,Dr. Robert Christensen,orthopaedic
DOC_000164,Dr. Nicholas Cooper,orthopaedic
DOC_000165,Dr. Anthony Hardin,dental
DOC_000166,Dr. Rebecca Horton MD,orthopaedic
DOC_000167,Dr. Kelly White,fertility
DOC_000168,Dr. Amy Vasquez,cosmetic
DOC_000169,Dr. Amy Braun,orthopaedic
DOC_000170,Dr. Beth Thompson,dental
DOC_000171,Dr. Rebecca Harris,cosmetic
DOC_000172,Dr. Jessica Mcdonald,cardiac
DOC_000173,Dr. Craig Coleman,cosmetic
DOC_000174,Dr. Elizabeth Ray,dental
DOC_000175,Dr. Christina Huffman,cardiac
DOC_000176,Dr. Dr. Ian Gray,dental
DOC_000177,Dr. Jay Lynch,cardiac
DOC_000178,Dr. Christopher Mckay,orthopaedic
DOC_000179,Dr. Dr. Jeffery Miller,cardiac
DOC_000180,Dr. Elizabeth Medina,dental
DOC_000181,Dr. Casey James,fertility
DOC_000182,Dr. Douglas Hart,fertility
DOC_000183,Dr. Mr. Miguel Gonzalez,dental
DOC_000184,Dr. April Hensley,orthopaedic
DOC_000185,Dr. Jacqueline Sullivan,oncology
DOC_000186,Dr. James Harmon,dental
DOC_000187,Dr. Eric Archer,fertility
DOC_000188,Dr. Stephen Riddle,orthopaedic
DOC_000189,Dr. Timothy Martin,cosmetic
DOC_000190,Dr. Tina Wise,dental
DOC_000191,Dr. Hannah Fletcher,orthopaedic
DOC_000192,Dr. Isabel Brown,cardiac
DOC_000193,Dr. Jeff Wright,cardiac
DOC_000194,Dr. Thomas Ward,cosmetic
DOC_000195,Dr. Alyssa Wade,oncology
DOC_000196,Dr. Larry Blackburn,cosmetic
DOC_000197,Dr. David Lane,fertility
DOC_000198,Dr. Candice Wilson,orthopaedic
DOC_000199,Dr. Michael Cruz,cosmetic
DOC_000200,Dr. Valerie Miller,dental
DOC_000201,Dr. Sherri Martin,dental
DOC_000202,Dr. Michael Mason,fertility
DOC_000203,Dr. Stacie Willis,orthopaedic
DOC_000204,Dr. Nicole Glass,cardiac
DOC_000205,Dr. Ashley Armstrong,fertility
DOC_000206,Dr. Robin Adams,oncology
DOC_000207,Dr. Paul Hale,oncology
DOC_000208,Dr. Christopher Vasquez,orthopaedic
DOC_000209,Dr. Raymond Butler,fertility
DOC_000210,Dr. Dylan Jordan,cosmetic
DOC_000211,Dr. Cody Taylor,cosmetic
DOC_000212,Dr. Mr. Brian Bradley,orthopaedic
DOC_000213,Dr. Curtis Brady,fertility
DOC_000214,Dr. Cheryl Bird,oncology
DOC_000215,Dr. Jessica Durham,oncology
DOC_000216,Dr. Mark Miller,oncology
DOC_000217,Dr. Caleb Brown,cosmetic
DOC_000218,Dr. David Washington,oncology
DOC_000219,Dr. Alexandra Adams,fertility
DOC_000220,Dr. Mary Mccormick,orthopaedic
DOC_000221,Dr. Daniel Conner,cosmetic
DOC_000222,Dr. Joseph Hayden,orthopaedic
DOC_000223,Dr. John Sherman,cardiac
DOC_000224,Dr. Gabrielle Maldonado,dental
DOC_000225,Dr. Ethan Allen,cosmetic
DOC_000226,Dr. James Bishop,dental
DOC_000227,Dr. Shelley Drake,orthopaedic
DOC_000228,Dr. Seth Morales,dental
DOC_000229,Dr. Tammy Johnson,orthopaedic
DOC_000230,Dr. Joseph Tapia,orthopaedic
DOC_000231,Dr. Danielle Hayes,dental
DOC_000232,Dr. Sheila Robertson,orthopaedic
DOC_000233,Dr. April Little,dental
DOC_000234,Dr. Erica Schultz,orthopaedic
DOC_000235,Dr. Tracy Fitzgerald,dental
DOC_000236,Dr. Cynthia Washington,dental
DOC_000237,Dr. Rebecca Bailey,dental
DOC_000238,Dr. Teresa Alvarez,orthopaedic
DOC_000239,Dr. Melissa Garcia,fertility
DOC_000240,Dr. Lawrence Joseph,oncology
DOC_000241,Dr. Sherri Glover,cardiac
DOC_000242,Dr. Amanda Jimenez,cosmetic
DOC_000243,Dr. Ronnie Davies,cosmetic
DOC_000244,Dr. Mrs. Stephanie Friedman,orthopaedic
DOC_000245,Dr. Mr. David Jackson,orthopaedic
DOC_000246,Dr. Melissa Garcia,cosmetic
DOC_000247,Dr. Alyssa Hickman MD,cosmetic
DOC_000248,Dr. Douglas Ball,orthopaedic
DOC_000249,Dr. Tiffany Lambert,cardiac
DOC_000250,Dr. Tammy Schultz,cosmetic
DOC_000251,Dr. Robert Cook II,dental
DOC_000252,Dr. Tammy Brown,cardiac
DOC_000253,Dr. Thomas Paul,dental
DOC_000254,Dr. Martha Glover,cosmetic
DOC_000255,Dr. Jessica Hall,cosmetic
DOC_000256,Dr. Earl Rodriguez,cosmetic
DOC_000257,Dr. Kevin Lopez,oncology
DOC_000258,Dr. Laura Anderson,dental
DOC_000259,Dr. James Mclaughlin,dental
DOC_000260,Dr. Kevin Lee,dental
DOC_000261,Dr. Jeff Wise,fertility
DOC_000262,Dr. Taylor Martinez,oncology
DOC_000263,Dr. Leslie Rodriguez,fertility
DOC_000264,Dr. Samuel Stewart,dental
DOC_000265,Dr. Elizabeth Robinson,cardiac
DOC_000266,Dr. Brittany Campbell,orthopaedic
DOC_000267,Dr. Sarah Carey,fertility
DOC_000268,Dr. Francisco Shaw,cosmetic
DOC_000269,Dr. Denise Abbott,cosmetic
DOC_000270,Dr. Lynn Lewis,cardiac
DOC_000271,Dr. Vincent Brown,fertility
DOC_000272,Dr. Brittany Moran,cardiac
DOC_000273,Dr. Taylor Walker,orthopaedic
DOC_000274,Dr. Tammy Parsons,oncology
DOC_000275,Dr. Monica Evans,cosmetic
DOC_000276,Dr. Susan Moore,dental
DOC_000277,Dr. James Henderson,orthopaedic
DOC_000278,Dr. Gregory Myers,oncology
DOC_000279,Dr. Nicholas Campbell,dental
DOC_000280,Dr. Meredith Kelley,orthopaedic
DOC_000281,Dr. Frank Moody,dental
DOC_000282,Dr. Amy Michael,orthopaedic
DOC_000283,Dr. Matthew Ray,cosmetic
DOC_000284,Dr. John Merritt,dental
DOC_000285,Dr. Robert Gonzalez,cosmetic
DOC_000286,Dr. Heidi Chase,dental
DOC_000287,Dr. Richard Garrison,cardiac
DOC_000288,Dr. William Shelton,cosmetic
DOC_000289,Dr. Anthony Kelly,cardiac
DOC_000290,Dr. Tony Wilson,oncology
DOC_000291,Dr. Gina Hamilton,orthopaedic
DOC_000292,Dr. Nathan Sanchez,cosmetic
DOC_000293,Dr. James Turner,oncology
DOC_000294,Dr. Carrie Mcgee,cardiac
DOC_000295,Dr. Wendy Lambert,dental
DOC_000296,Dr. John Meyers,orthopaedic
DOC_000297,Dr. Mark Wallace,dental
DOC_000298,Dr. Bruce Martinez,orthopaedic
DOC_000299,Dr. Susan Walker,cosmetic
DOC_000300,Dr. Victoria Mendoza,dental
DOC_000301,Dr. Anna Watkins,cardiac
DOC_000302,Dr. Zachary Park,cosmetic
DOC_000303,Dr. Calvin Nguyen,orthopaedic
DOC_000304,Dr. Shannon Medina,fertility
DOC_000305,Dr. Michael Long,orthopaedic
DOC_000306,Dr. Rachel Moreno,cosmetic
DOC_000307,Dr. Ryan Ryan,orthopaedic
DOC_000308,Dr. Marissa Molina,orthopaedic
DOC_000309,Dr. Matthew Wilson,fertility
DOC_000310,Dr. Melissa Smith,orthopaedic
DOC_000311,Dr. Ernest Williams,cardiac
DOC_000312,Dr. Marissa Miller,oncology
DOC_000313,Dr. Paul Miller,cosmetic
DOC_000314,Dr. Edwin Burch,cardiac
DOC_000315,Dr. William Barrett,dental
DOC_000316,Dr. Angel Bautista,dental
DOC_000317,Dr. Elaine Ferguson,dental
DOC_000318,Dr. John Edwards,orthopaedic
DOC_000319,Dr. Yesenia Obrien,cosmetic
DOC_000320,Dr. Melissa Bates,cardiac
DOC_000321,Dr. Andrew Thomas,dental
DOC_000322,Dr. Cindy Anderson,cardiac
DOC_000323,Dr. Leslie Ramirez,orthopaedic
DOC_000324,Dr. Jennifer Pierce,orthopaedic
DOC_000325,Dr. Matthew Martin,dental
DOC_000326,Dr. Tony Rhodes,cardiac
DOC_000327,Dr. Briana Harris,orthopaedic
DOC_000328,Dr. Debra Schultz,cardiac
DOC_000329,Dr. Michelle Elliott,orthopaedic
DOC_000330,Dr. Kayla Martin,cosmetic
DOC_000331,Dr. Emily French,cosmetic
DOC_000332,Dr. Victor Wright,fertility
DOC_000333,Dr. Joseph Sutton,cardiac
DOC_000334,Dr. Gary Davis,dental
DOC_000335,Dr. Paula Thomas,orthopaedic
DOC_000336,Dr. Denise Garcia,dental
DOC_000337,Dr. Courtney Lynn,cardiac
DOC_000338,Dr. Becky Fox,dental
DOC_000339,Dr. Leah Roman,cosmetic
DOC_000340,Dr. Gregory Armstrong,fertility
DOC_000341,Dr. Devin Garcia,cardiac
DOC_000342,Dr. Evan Walton,cosmetic
DOC_000343,Dr. Robert Byrd,fertility
DOC_000344,Dr. Kristen Macias,dental
DOC_000345,Dr. Kevin Green,dental
DOC_000346,Dr. Michelle Sandoval,cosmetic
DOC_000347,Dr. Keith Adams,orthopaedic
DOC_000348,Dr. Margaret Wood,orthopaedic
DOC_000349,Dr. Megan Barnes,cosmetic
DOC_000350,Dr. Jeffrey Gomez,cosmetic
DOC_000351,Dr. Dustin Cisneros,oncology
DOC_000352,Dr. Michelle Bradshaw,cardiac
DOC_000353,Dr. Mark Miller,orthopaedic
DOC_000354,Dr. Randy Bruce,cosmetic
DOC_000355,Dr. Angela Allen,cosmetic
DOC_000356,Dr. Kenneth Miller,orthopaedic
DOC_000357,Dr. Timothy Stokes,orthopaedic
DOC_000358,Dr. Travis Rhodes,cosmetic
DOC_000359,Dr. Breanna Jimenez,oncology
DOC_000360,Dr. Megan Patel,dental
DOC_000361,Dr. Adrian Lee,dental
DOC_000362,Dr. Adrienne Coleman,cardiac
DOC_000363,Dr. Haley Gamble,cardiac
DOC_000364,Dr. Tami Kidd,orthopaedic
DOC_000365,Dr. Melinda Williams,dental
DOC_000366,Dr. Christopher Conrad,oncology
DOC_000367,Dr. Stephanie Thompson,cosmetic
DOC_000368,Dr. Casey Gomez,dental
DOC_000369,Dr. Jon Jackson,fertility
DOC_000370,Dr. Gail Shelton,dental
DOC_000371,Dr. Sarah Hodge,oncology
DOC_000372,Dr. John Baker,dental
DOC_000373,Dr. Mark Long,orthopaedic
DOC_000374,Dr. Tanya Haley,cardiac
DOC_000375,Dr. Stephanie Walls,oncology
DOC_000376,Dr. Sarah Brown,orthopaedic
DOC_000377,Dr. Joe Evans,cosmetic
DOC_000378,Dr. Gregory Bowen,dental
DOC_000379,Dr. Adam Jordan,orthopaedic
DOC_000380,Dr. Joseph Roach,dental
DOC_000381,Dr. Thomas Smith,orthopaedic
DOC_000382,Dr. Danielle Ruiz,cosmetic
DOC_000383,Dr. Jacob Mcclain,dental
DOC_000384,Dr. Debra Mayo,orthopaedic
DOC_000385,Dr. Jessica Taylor,cosmetic
DOC_000386,Dr. Abigail Stephenson,dental
DOC_000387,Dr. Ashley Mitchell,dental
DOC_000388,Dr. Jason Rivera,cosmetic
DOC_000389,Dr. Melvin Vaughan,oncology
DOC_000390,Dr. Victoria Wilson,dental
DOC_000391,Dr. Jon Maldonado Jr.,dental
DOC_000392,Dr. Phyllis Ross,dental
DOC_000393,Dr. Natalie Petersen,fertility
DOC_000394,Dr. Tyler Sparks,dental
DOC_000395,Dr. Gregory Smith,orthopaedic
DOC_000396,Dr. Amber Gallegos,cosmetic
DOC_000397,Dr. Kyle Smith,dental
DOC_000398,Dr. Douglas Miller,cardiac
DOC_000399,Dr. Luke Daniel,dental
DOC_000400,Dr. Douglas Wilson,cosmetic
DOC_000401,Dr. Michael Estrada,cosmetic
DOC_000402,Dr. John Patton,cardiac
DOC_000403,Dr. Nicholas Carr,cosmetic
DOC_000404,Dr. Scott Fuller,oncology
DOC_000405,Dr. Bryan Morales,dental
DOC_000406,Dr. Corey Thomas,orthopaedic
DOC_000407,Dr. Curtis Lin,dental
DOC_000408,Dr. Joseph Graves,fertility
DOC_000409,Dr. Courtney Simmons,cosmetic
DOC_000410,Dr. Jeffery Williams,cardiac
DOC_000411,Dr. Jack Hahn,cardiac
DOC_000412,Dr. Danielle Jacobson,dental
DOC_000413,Dr. Aaron Guerrero,cosmetic
DOC_000414,Dr. Dustin Ramirez,cosmetic
DOC_000415,Dr. Jessica King,dental
DOC_000416,Dr. Geoffrey Rodriguez DDS,cardiac
DOC_000417,Dr. Patricia Anderson,fertility
DOC_000418,Dr. Robert Paul,cosmetic
DOC_000419,Dr. Lisa Allen,cardiac
DOC_000420,Dr. Kevin Miller,fertility
DOC_000421,Dr. Mark Guzman,oncology
DOC_000422,Dr. Warren Henson,cosmetic
DOC_000423,Dr. Cheryl Griffin,cardiac
DOC_000424,Dr. Tom Montgomery,orthopaedic
DOC_000425,Dr. John Juarez,orthopaedic
DOC_000426,Dr. Brittany Anderson,dental
DOC_000427,Dr. Michael Snow,cosmetic
DOC_000428,Dr. Sarah Castro,oncology
DOC_000429,Dr. Jacob Soto,dental
DOC_000430,Dr. Jeffrey Webb,dental
DOC_000431,Dr. Tiffany Gibbs,dental
DOC_000432,Dr. Donald Ponce,dental
DOC_000433,Dr. Tyler Brown,dental
DOC_000434,Dr. Cheryl Olsen,fertility
DOC_000435,Dr. Joseph Palmer Jr.,orthopaedic
DOC_000436,Dr. Jordan Hart,dental
DOC_000437,Dr. Lawrence Clark,dental
DOC_000438,Dr. Kenneth Vargas,cosmetic
DOC_000439,Dr. Timothy Hunt,cosmetic
DOC_000440,Dr. Michelle Green,cosmetic
DOC_000441,Dr. Elizabeth Adams,fertility
DOC_000442,Dr. Danny Ferguson,orthopaedic
DOC_000443,Dr. Mark Mcmahon,orthopaedic
DOC_000444,Dr. Casey Marks,dental
DOC_000445,Dr. William Mayo,oncology
DOC_000446,Dr. Brian Wong,fertility
DOC_000447,Dr. Valerie Nguyen,fertility
DOC_000448,Dr. Stacey Baker,fertility
DOC_000449,Dr. Steven Phillips,cardiac
DOC_000450,Dr. Miss Alexandra Kelly,orthopaedic
DOC_000451,Dr. Diana Scott,fertility
DOC_000452,Dr. Matthew Parrish,cosmetic
DOC_000453,Dr. Lauren Sharp,cardiac
DOC_000454,Dr. Theresa Scott,dental
DOC_000455,Dr. Lindsey Harris,orthopaedic
DOC_000456,Dr. Frederick Harris,cardiac
DOC_000457,Dr. Shannon Foster,cardiac
DOC_000458,Dr. Nicholas Hamilton,cardiac
DOC_000459,Dr. John Crawford,cardiac
DOC_000460,Dr. Robert Thompson,oncology
DOC_000461,Dr. Terri White,cardiac
DOC_000462,Dr. Eric Mcclure,orthopaedic
DOC_000463,Dr. Melissa Lopez,orthopaedic
DOC_000464,Dr. Jeffery Gibson,orthopaedic
DOC_000465,Dr. Jennifer Ramsey,dental
DOC_000466,Dr. Paul Smith,cardiac
DOC_000467,Dr. James Rodriguez,orthopaedic
DOC_000468,Dr. Ronald Michael,dental
DOC_000469,Dr. Randy Adams,fertility
DOC_000470,Dr. Linda Sparks,orthopaedic
DOC_000471,Dr. Rickey Daniels,cardiac
DOC_000472,Dr. Sarah Miller,dental
DOC_000473,Dr. Peter Stafford,cosmetic
DOC_000474,Dr. Elizabeth Mendoza,cosmetic
DOC_000475,Dr. Joshua Adams,dental
DOC_000476,Dr. Alisha Williams,cardiac
DOC_000477,Dr. Ashley Tanner,oncology
DOC_000478,Dr. Aaron Walker,cosmetic
DOC_000479,Dr. James Gomez,orthopaedic
DOC_000480,Dr. Thomas Cohen,orthopaedic
DOC_000481,Dr. Michelle Valenzuela,fertility
DOC_000482,Dr. William Walker DVM,cardiac
DOC_000483,Dr. Billy Cook,oncology
DOC_000484,Dr. Tim Miller,fertility
DOC_000485,Dr. Chris Patterson,dental
DOC_000486,Dr. Christopher Coleman,oncology
DOC_000487,Dr. Melissa Weber,orthopaedic
DOC_000488,Dr. Shawn Nelson,cardiac
DOC_000489,Dr. Mr. Derek Meadows DDS,orthopaedic
DOC_000490,Dr. Shannon Spence,cardiac
DOC_000491,Dr. Bridget Hernandez,cosmetic
DOC_000492,Dr. Robert Bray,dental
DOC_000493,Dr. Ashley Simmons,dental
DOC_000494,Dr. Brianna Morris,orthopaedic
DOC_000495,Dr. Randall Gomez,orthopaedic
DOC_000496,Dr. John Dudley DDS,cardiac
DOC_000497,Dr. Brenda Raymond,dental
DOC_000498,Dr. Janet Dunn,cardiac
DOC_000499,Dr. Katherine Herrera,orthopaedic
DOC_000500,Dr. Bradley Espinoza,cosmetic
DOC_000501,Dr. Paula Shepherd,fertility
DOC_000502,Dr. Brandon Ward,cardiac
DOC_000503,Dr. Samuel Cox,orthopaedic
DOC_000504,Dr. Casey Rodriguez,cardiac
DOC_000505,Dr. Heather Atkinson,oncology
DOC_000506,Dr. Brenda Stevens,cosmetic
DOC_000507,Dr. Kristen Velazquez,fertility
DOC_000508,Dr. Daniel Walker,oncology
DOC_000509,Dr. Autumn Dominguez,oncology
DOC_000510,Dr. Nicholas Horton,cosmetic
DOC_000511,Dr. Anthony Rodriguez,dental
DOC_000512,Dr. Karen Wheeler,oncology
DOC_000513,Dr. Charles Thomas,dental
DOC_000514,Dr. Adam Guerra,dental
DOC_000515,Dr. Preston Harrison,dental
DOC_000516,Dr. Joseph Rush,oncology
DOC_000517,Dr. Nathan Wallace,dental
DOC_000518,Dr. Alexis Rodriguez,cosmetic
DOC_000519,Dr. Marvin Munoz,cardiac
DOC_000520,Dr. Christopher Sanders,cosmetic
DOC_000521,Dr. Travis Gibson,cosmetic
DOC_000522,Dr. Deanna Armstrong,orthopaedic
DOC_000523,Dr. Darren Huynh,orthopaedic
DOC_000524,Dr. Brandon Gray,cosmetic
DOC_000525,Dr. Natalie Morales,cosmetic
DOC_000526,Dr. James Carson,dental
DOC_000527,Dr. Lisa Jones,cosmetic
DOC_000528,Dr. Karen Delgado,cosmetic
DOC_000529,Dr. James Brown,dental
DOC_000530,Dr. Jeff Nelson,cosmetic
DOC_000531,Dr. Jack Maxwell,dental
DOC_000532,Dr. David Martin,oncology
DOC_000533,Dr. Daniel Smith,orthopaedic
DOC_000534,Dr. Chelsea Harris,oncology
DOC_000535,Dr. Cynthia Miller,cosmetic
DOC_000536,Dr. Amanda Downs,dental
DOC_000537,Dr. Mr. Brandon Parker,fertility
DOC_000538,Dr. Dr. Tina Porter,oncology
DOC_000539,Dr. James Kelly,dental
DOC_000540,Dr. Michael Rivera,dental
DOC_000541,Dr. Kathy Shaw,cosmetic
DOC_000542,Dr. Allison Flynn,dental
DOC_000543,Dr. Sean Johnson,orthopaedic
DOC_000544,Dr. Michael Miller,orthopaedic
DOC_000545,Dr. Tiffany Hall,dental
DOC_000546,Dr. Michael Thomas,dental
DOC_000547,Dr. Wendy Mason,oncology
DOC_000548,Dr. Lisa Mills PhD,orthopaedic
DOC_000549,Dr. Carlos Carter,dental
DOC_000550,Dr. Teresa Williams,orthopaedic
DOC_000551,Dr. Melanie Allen,cardiac
DOC_000552,Dr. Lisa Rubio DDS,cosmetic
DOC_000553,Dr. Anne Smith PhD,cardiac
DOC_000554,Dr. Sean Salinas,cosmetic
DOC_000555,Dr. Kathryn Gibson,cosmetic
DOC_000556,Dr. Edward Jones,cardiac
DOC_000557,Dr. Heather Jones,oncology
DOC_000558,Dr. Julia Andersen,dental
DOC_000559,Dr. Pamela Ramos,cosmetic
DOC_000560,Dr. Teresa Bonilla,cosmetic
DOC_000561,Dr. Jack Mitchell MD,dental
DOC_000562,Dr. Melanie Alexander,orthopaedic
DOC_000563,Dr. Lori Edwards,dental
DOC_000564,Dr. Jason Cole,dental
DOC_000565,Dr. Wendy Williams,cardiac
DOC_000566,Dr. Amy Gibbs,orthopaedic
DOC_000567,Dr. Kristina Moore,cosmetic
DOC_000568,Dr. James Hudson,oncology
DOC_000569,Dr. Courtney Sawyer,dental
DOC_000570,Dr. Hannah Mcdonald,cardiac
DOC_000571,Dr. Sabrina Rodriguez,dental
DOC_000572,Dr. Brian Moyer,orthopaedic
DOC_000573,Dr. Jeffrey Morales,orthopaedic
DOC_000574,Dr. Grant Munoz,dental
DOC_000575,Dr. Patrick Wilson,dental
DOC_000576,Dr. Joshua Fry,cardiac
DOC_000577,Dr. Daniel Carroll,cosmetic
DOC_000578,Dr. Patricia Brown PhD,orthopaedic
DOC_000579,Dr. Veronica Lewis,oncology
DOC_000580,Dr. Alexander Blake,orthopaedic
DOC_000581,Dr. David Thompson,dental
DOC_000582,Dr. Donald Miller,oncology
DOC_000583,Dr. Jocelyn Barnes,cosmetic
DOC_000584,Dr. Steven White,dental
DOC_000585,Dr. Steven Patterson,cosmetic
DOC_000586,Dr. Elizabeth Gonzalez,cosmetic
DOC_000587,Dr. Karen Nichols,oncology
DOC_000588,Dr. Tracie Kim,cosmetic
DOC_000589,Dr. Laura Morrow,cosmetic
DOC_000590,Dr. Stephanie Gonzalez,cardiac
DOC_000591,Dr. Laura Thomas,orthopaedic
DOC_000592,Dr. Samantha Navarro,dental
DOC_000593,Dr. Morgan Smith,oncology
DOC_000594,Dr. Taylor Porter,orthopaedic
DOC_000595,Dr. Ricky Craig,cosmetic
DOC_000596,Dr. Nathan Mcneil,cosmetic
DOC_000597,Dr. Shannon Walters,cosmetic
DOC_000598,Dr. Laura Johnson,orthopaedic
DOC_000599,Dr. Chelsea Horton,cardiac
DOC_000600,Dr. Lindsay Robinson,orthopaedic
DOC_000601,Dr. Corey Frazier,orthopaedic
DOC_000602,Dr. Jacqueline Cox,cosmetic
DOC_000603,Dr. Eric Fuentes,orthopaedic
DOC_000604,Dr. Jonathan Duarte,dental
DOC_000605,Dr. Guy Clayton,cardiac
DOC_000606,Dr. William Rogers,dental
DOC_000607,Dr. Judy Brooks,cosmetic
DOC_000608,Dr. Carla Graham,orthopaedic
DOC_000609,Dr. Matthew Frazier,oncology
DOC_000610,Dr. Michaela Pace,orthopaedic
DOC_000611,Dr. Annette Miller,fertility
DOC_000612,Dr. Ann Smith,dental
DOC_000613,Dr. Ashley Brady,cardiac
DOC_000614,Dr. Kimberly Schultz,orthopaedic
DOC_000615,Dr. Renee Contreras,dental
DOC_000616,Dr. Christy Frank,cosmetic
DOC_000617,Dr. Ashley Gates,cardiac
DOC_000618,Dr. Heather Leon,cardiac
DOC_000619,Dr. Terry Newman,orthopaedic
DOC_000620,Dr. Jennifer Ayers,dental
DOC_000621,Dr. Katie Adams,cardiac
DOC_000622,Dr. Elizabeth Orr,fertility
DOC_000623,Dr. Megan Smith,orthopaedic
DOC_000624,Dr. Amanda Johnson,fertility
DOC_000625,Dr. Sara Stone,cardiac
DOC_000626,Dr. Emily Jackson,orthopaedic
DOC_000627,Dr. Jessica Peters,cardiac
DOC_000628,Dr. Luis Long,fertility
DOC_000629,Dr. Timothy Patterson,orthopaedic
DOC_000630,Dr. Jeanette Chandler,cardiac
DOC_000631,Dr. Evan Moore,cosmetic
DOC_000632,Dr. Michael Martinez,orthopaedic
DOC_000633,Dr. Kenneth Myers,oncology
DOC_000634,Dr. Sydney Hood,cardiac
DOC_000635,Dr. Frank Davis,dental
DOC_000636,Dr. Adam Carrillo,fertility
DOC_000637,Dr. Luke Stephens,oncology
DOC_000638,Dr. Laura Johnson,orthopaedic
DOC_000639,Dr. Victoria Walters,orthopaedic
DOC_000640,Dr. Chelsea Delgado,cosmetic
DOC_000641,Dr. Cory Pittman,cosmetic
DOC_000642,Dr. Renee Gray,dental
DOC_000643,Dr. Anthony Miller,cosmetic
DOC_000644,Dr. Alexander Mercer,orthopaedic
DOC_000645,Dr. Ashley Ho,orthopaedic
DOC_000646,Dr. Charles Green,dental
DOC_000647,Dr. Billy Kirk,dental
DOC_000648,Dr. Christine Garcia,cosmetic
DOC_000649,Dr. Jennifer Tucker,oncology
DOC_000650,Dr. Christine Barnes,cardiac
DOC_000651,Dr. Madeline Hayes,dental
DOC_000652,Dr. Edwin Berger,orthopaedic
DOC_000653,Dr. Lynn Bond,orthopaedic
DOC_000654,Dr. Grant Reed,cardiac
DOC_000655,Dr. Lindsay Smith DDS,dental
DOC_000656,Dr. Bryan Obrien,cardiac
DOC_000657,Dr. Kelly Hodges,dental
DOC_000658,Dr. Jacob Roach,cosmetic
DOC_000659,Dr. Charles Miller,cardiac
DOC_000660,Dr. Beth Hill,cosmetic
DOC_000661,Dr. Brandon Erickson,orthopaedic
DOC_000662,Dr. Julie Lamb,orthopaedic
DOC_000663,Dr. Travis Nielsen,dental
DOC_000664,Dr. Craig Mathis,orthopaedic
DOC_000665,Dr. Tonya Garcia,fertility
DOC_000666,Dr. Laurie Martin,dental
DOC_000667,Dr. Nathan Hamilton,cosmetic
DOC_000668,Dr. Kyle Nelson,cosmetic
DOC_000669,Dr. Brian Reyes,fertility
DOC_000670,Dr. Harry Hurst,dental
DOC_000671,Dr. Joanna Preston,dental
DOC_000672,Dr. Dawn Ortiz,cosmetic
DOC_000673,Dr. Sherry Clements,orthopaedic
DOC_000674,Dr. Jennifer Wilson,cosmetic
DOC_000675,Dr. Jessica Lopez,cosmetic
DOC_000676,Dr. Daniel Watson,dental
DOC_000677,Dr. Ernest Smith,dental
DOC_000678,Dr. Michelle Lewis,dental
DOC_000679,Dr. Erica Hall,cosmetic
DOC_000680,Dr. Drew Lewis,dental
DOC_000681,Dr. Justin Moran,dental
DOC_000682,Dr. Rhonda Powers,dental
DOC_000683,Dr. Maria Fleming,cosmetic
DOC_000684,Dr. Robert Gonzalez,orthopaedic
DOC_000685,Dr. Johnny Williams,fertility
DOC_000686,Dr. Bryan Chavez,cosmetic
DOC_000687,Dr. Leslie Young,cosmetic
DOC_000688,Dr. Albert Logan,orthopaedic
DOC_000689,Dr. Abigail Murray,cardiac
DOC_000690,Dr. Walter Johnson,oncology
DOC_000691,Dr. Kelsey Rogers,cosmetic
DOC_000692,Dr. John Gallegos,orthopaedic
DOC_000693,Dr. Eric Stewart,dental
DOC_000694,Dr. Bobby Hampton,cosmetic
DOC_000695,Dr. Anthony Evans DVM,dental
DOC_000696,Dr. Martin Lozano PhD,dental
DOC_000697,Dr. Ashley Walker,dental
DOC_000698,Dr. Brenda Holder,orthopaedic
DOC_000699,Dr. Misty Perez,cosmetic
DOC_000700,Dr. Nathaniel Burnett,dental
DOC_000701,Dr. Kimberly Smith,dental
DOC_000702,Dr. Amy Ware,dental
DOC_000703,Dr. Anthony Torres,cardiac
DOC_000704,Dr. Michael Conner,fertility
DOC_000705,Dr. Michael Buckley,orthopaedic
DOC_000706,Dr. Barbara Flores,dental
DOC_000707,Dr. Kevin Horn,dental
DOC_000708,Dr. Mallory Barnett,dental
DOC_000709,Dr. Cynthia Woods,dental
DOC_000710,Dr. Douglas Barton MD,cardiac
DOC_000711,Dr. Ralph Dawson,orthopaedic
DOC_000712,Dr. Russell Sanchez,cardiac
DOC_000713,Dr. Savannah Neal,dental
DOC_000714,Dr. Johnny Lewis,fertility
DOC_000715,Dr. Julie Cruz,dental
DOC_000716,Dr. Gilbert Cervantes DDS,dental
DOC_000717,Dr. Emily Blackburn,cosmetic
DOC_000718,Dr. Mary Abbott,cosmetic
DOC_000719,Dr. Carlos Rangel,dental
DOC_000720,Dr. Jesse Oliver,dental
DOC_000721,Dr. James Jones,orthopaedic
DOC_000722,Dr. Michael Lynn,orthopaedic
DOC_000723,Dr. Ashley Murray,orthopaedic
DOC_000724,Dr. Brian Smith,orthopaedic
DOC_000725,Dr. Derek Alvarez,cosmetic
DOC_000726,Dr. Heather Wilson,fertility
DOC_000727,Dr. Heather Lewis,cardiac
DOC_000728,Dr. Jeffrey Cook,cardiac
DOC_000729,Dr. Jacob Williams,orthopaedic
DOC_000730,Dr. Timothy Lee,cosmetic
DOC_000731,Dr. Christopher Hill,dental
DOC_000732,Dr. Kelly Rodriguez,cosmetic
DOC_000733,Dr. David Rodriguez,dental
DOC_000734,Dr. Steven Johnston,dental
DOC_000735,Dr. Joseph Hill,cosmetic
DOC_000736,Dr. Melissa Sullivan,fertility
DOC_000737,Dr. Daniel Holloway,orthopaedic
DOC_000738,Dr. Kathleen Jackson,cardiac
DOC_000739,Dr. Mark Mccarthy,dental
DOC_000740,Dr. Aaron Lopez,dental
DOC_000741,Dr. Lisa Stevenson,cardiac
DOC_000742,Dr. Melissa Jackson,fertility
DOC_000743,Dr. Carol Cook,cosmetic
DOC_000744,Dr. Victor Wade,cardiac
DOC_000745,Dr. Alex Mccann,fertility
DOC_000746,Dr. Carolyn Wolf,cardiac
DOC_000747,Dr. Harold Wells,orthopaedic
DOC_000748,Dr. Shane Kennedy,orthopaedic
DOC_000749,Dr. Alan Frazier,dental
DOC_000750,Dr. Darren Gordon,cardiac
DOC_000751,Dr. Patricia Garcia,orthopaedic
DOC_000752,Dr. Gabriela Henry,cosmetic
DOC_000753,Dr. Joshua Alvarado,cardiac
DOC_000754,Dr. Jimmy Carey,cosmetic
DOC_000755,Dr. Gene Holmes,cosmetic
DOC_000756,Dr. Sharon Anthony,dental
DOC_000757,Dr. Mr. Joseph Bowman,cosmetic
DOC_000758,Dr. Jason Robinson,fertility
DOC_000759,Dr. Heather Johnson DDS,cardiac
DOC_000760,Dr. Jessica Clark,cosmetic
DOC_000761,Dr. Thomas Gray,orthopaedic
DOC_000762,Dr. Donald Sims,dental
DOC_000763,Dr. Susan Archer,cosmetic
DOC_000764,Dr. Carrie Lozano,orthopaedic
DOC_000765,Dr. Gary Lawrence,fertility
DOC_000766,Dr. Desiree Lee,cosmetic
DOC_000767,Dr. Mia Flowers,dental
DOC_000768,Dr. Robert Knight,dental
DOC_000769,Dr. Hannah Rodriguez,orthopaedic
DOC_000770,Dr. Timothy Thomas,cosmetic
DOC_000771,Dr. Kelly Roberts,oncology
DOC_000772,Dr. Carla Tucker,orthopaedic
DOC_000773,Dr. Edward Chavez,orthopaedic
DOC_000774,Dr. Roger Martinez,dental
DOC_000775,Dr. Aaron Bell PhD,cardiac
DOC_000776,Dr. Chad Koch,dental
DOC_000777,Dr. Kathryn Mullen,orthopaedic
DOC_000778,Dr. Tiffany Reeves,fertility
DOC_000779,Dr. Nicholas Reynolds,cardiac
DOC_000780,Dr. Donna Johnson,fertility
DOC_000781,Dr. Danielle Gregory,cosmetic
DOC_000782,Dr. James Strong,orthopaedic
DOC_000783,Dr. Tami Harper,cosmetic
DOC_000784,Dr. Jeffrey Liu,fertility
DOC_000785,Dr. Brenda Saunders,orthopaedic
DOC_000786,Dr. Jason Gonzalez,oncology
DOC_000787,Dr. Edward Ho,cosmetic
DOC_000788,Dr. Clifford Patton,cosmetic
DOC_000789,Dr. Anne Rose,dental
DOC_000790,Dr. Kathy Jennings,cosmetic
DOC_000791,Dr. Hector Owens,oncology
DOC_000792,Dr. Julia Gaines,orthopaedic
DOC_000793,Dr. Randall Davis,oncology
DOC_000794,Dr. Terry Buchanan,cosmetic
DOC_000795,Dr. Jacqueline Oliver,cosmetic
DOC_000796,Dr. Sherry Brown,oncology
DOC_000797,Dr. Beth Santiago,dental
DOC_000798,Dr. Phillip Holmes,oncology
DOC_000799,Dr. Angela Nelson,cosmetic
DOC_000800,Dr. Mrs. Linda Short,orthopaedic
DOC_000801,Dr. Melissa Lin,dental
DOC_000802,Dr. Kevin Dixon,orthopaedic
DOC_000803,Dr. Meredith Black,orthopaedic
DOC_000804,Dr. Tracy Taylor,dental
DOC_000805,Dr. Margaret Moore,dental
DOC_000806,Dr. Michelle Zuniga,cosmetic
DOC_000807,Dr. Loretta Gonzalez,fertility
DOC_000808,Dr. Christian Hobbs,dental
DOC_000809,Dr. Danielle Garcia,oncology
DOC_000810,Dr. Jonathan Myers,cardiac
DOC_000811,Dr. Elizabeth Webb,orthopaedic
DOC_000812,Dr. David Abbott,dental
DOC_000813,Dr. Lonnie Gonzales,orthopaedic
DOC_000814,Dr. Barbara Thomas,dental
DOC_000815,Dr. Charles Garner,orthopaedic
DOC_000816,Dr. Jorge Lyons,dental
DOC_000817,Dr. John Roberts,orthopaedic
DOC_000818,Dr. Kevin Richardson,cardiac
DOC_000819,Dr. James Marsh,cardiac
DOC_000820,Dr. Robert Hernandez,orthopaedic
DOC_000821,Dr. Bryan Price,cosmetic
DOC_000822,Dr. Amanda Santos,oncology
DOC_000823,Dr. Jill Odonnell,cosmetic
DOC_000824,Dr. Charles Khan,dental
DOC_000825,Dr. Adam Moore,cardiac
DOC_000826,Dr. Shannon Clark,dental
DOC_000827,Dr. Kelly Palmer,cardiac
DOC_000828,Dr. Christian Rios,dental
DOC_000829,Dr. Julia Trevino,oncology
DOC_000830,Dr. Richard Barrett,cosmetic
DOC_000831,Dr. Andrea Franco,dental
DOC_000832,Dr. Dr. Larry White,cosmetic
DOC_000833,Dr. Katie Hopkins,orthopaedic
DOC_000834,Dr. Michael Chapman,cosmetic
DOC_000835,Dr. Lauren Gallegos,oncology
DOC_000836,Dr. Allen Quinn,dental
DOC_000837,Dr. Maurice Porter,orthopaedic
DOC_000838,Dr. Erica Hall,dental
DOC_000839,Dr. Sylvia Flynn,orthopaedic
DOC_000840,Dr. Spencer Chandler,cosmetic
DOC_000841,Dr. William Nielsen,orthopaedic
DOC_000842,Dr. David Johnson,dental
DOC_000843,Dr. Jessica Brooks,orthopaedic
DOC_000844,Dr. Alyssa Thompson,fertility
DOC_000845,Dr. Jerry Anderson,oncology
DOC_000846,Dr. Kristie Gonzalez,cosmetic
DOC_000847,Dr. Michael Perez DDS,dental
DOC_000848,Dr. Joseph Tyler,cosmetic
DOC_000849,Dr. Alexander Moyer,cardiac
DOC_000850,Dr. Andrew Taylor,fertility
DOC_000851,Dr. Raymond Carroll,cosmetic
DOC_000852,Dr. Gina Fleming,cardiac
DOC_000853,Dr. Monica Rice,dental
DOC_000854,Dr. Daniel Carey,cardiac
DOC_000855,Dr. Heather Yoder,cosmetic
DOC_000856,Dr. Rebecca Gonzales,dental
DOC_000857,Dr. Shelly Carroll,orthopaedic
DOC_000858,Dr. Joseph Garcia,dental
DOC_000859,Dr. Mr. Joshua Johnson PhD,orthopaedic
DOC_000860,Dr. Ronald Myers,cardiac
DOC_000861,Dr. Shane Moore,oncology
DOC_000862,Dr. Joseph Allen,cosmetic
DOC_000863,Dr. Lisa Collins,orthopaedic
DOC_000864,Dr. Kimberly Snow,dental
DOC_000865,Dr. Taylor Mercer,dental
DOC_000866,Dr. Amanda Fisher,dental
DOC_000867,Dr. Stephen Brown,fertility
DOC_000868,Dr. Robert Rivera,cosmetic
DOC_000869,Dr. Susan Brown,cardiac
DOC_000870,Dr. Robert Elliott DDS,cosmetic
DOC_000871,Dr. Rhonda Reed,orthopaedic
DOC_000872,Dr. Jason Stevenson,oncology
DOC_000873,Dr. Stacy Mendoza,cardiac
DOC_000874,Dr. Nathaniel Garcia,fertility
DOC_000875,Dr. Danny Bell MD,cardiac
DOC_000876,Dr. Sherri Perez,orthopaedic
DOC_000877,Dr. Allison Casey,fertility
DOC_000878,Dr. Lee Gray,oncology
DOC_000879,Dr. Alicia Olson,cardiac
DOC_000880,Dr. James Martinez,cosmetic
DOC_000881,Dr. Kirsten Wilson,cardiac
DOC_000882,Dr. Luis Berger,cosmetic
DOC_000883,Dr. Greg Hull,dental
DOC_000884,Dr. Brandon Smith,cosmetic
DOC_000885,Dr. Paul Morton,dental
DOC_000886,Dr. Amber Pham,orthopaedic
DOC_000887,Dr. Danielle Brown,oncology
DOC_000888,Dr. Jeffrey Campbell,orthopaedic
DOC_000889,Dr. Lance Zamora,fertility
DOC_000890,Dr. Mrs. Jennifer Sandoval DDS,orthopaedic
DOC_000891,Dr. Todd Harris,dental
DOC_000892,Dr. Robin Hurst,cardiac
DOC_000893,Dr. Jill Turner,fertility
DOC_000894,Dr. Juan Melton,cosmetic
DOC_000895,Dr. Steven Flores,dental
DOC_000896,Dr. Ashley Reed,dental
DOC_000897,Dr. Trevor Tucker,dental
DOC_000898,Dr. Thomas Skinner,oncology
DOC_000899,Dr. Elizabeth Tran,cosmetic
DOC_000900,Dr. Nathaniel French,cosmetic
DOC_000901,Dr. David Alexander,cardiac
DOC_000902,Dr. Tiffany Smith,dental
DOC_000903,Dr. Debra Chapman,cardiac
DOC_000904,Dr. Vincent Brown,cosmetic
DOC_000905,Dr. Janet Smith,oncology
DOC_000906,Dr. Jeremy Walker,orthopaedic
DOC_000907,Dr. Matthew Patel,cosmetic
DOC_000908,Dr. Amanda Hines,dental
DOC_000909,Dr. Susan Webster,cardiac
DOC_000910,Dr. Ronald Baker,orthopaedic
DOC_000911,Dr. Claire Johnson,cosmetic
DOC_000912,Dr. Lisa Glenn,cosmetic
DOC_000913,Dr. Tanya Goodwin,fertility
DOC_000914,Dr. Kristen Farley,cardiac
DOC_000915,Dr. Donna Ritter,fertility
DOC_000916,Dr. Jessica Ball,cardiac
DOC_000917,Dr. Debbie Horne,dental
DOC_000918,Dr. Willie Allen,orthopaedic
DOC_000919,Dr. Diana Fleming,dental
DOC_000920,Dr. Zachary Wise,orthopaedic
DOC_000921,Dr. Kenneth Johnson,fertility
DOC_000922,Dr. Derrick King,fertility
DOC_000923,Dr. Patricia Smith,dental
DOC_000924,Dr. Matthew Huff,fertility
DOC_000925,Dr. Jill Smith,dental
DOC_000926,Dr. Andrew Howard,dental
DOC_000927,Dr. Kristin Ortiz,dental
DOC_000928,Dr. Angela Prince,oncology
DOC_000929,Dr. Tiffany Alexander,orthopaedic
DOC_000930,Dr. Richard Green,cardiac
DOC_000931,Dr. Darren Thompson PhD,dental
DOC_000932,Dr. Crystal Pena,fertility
DOC_000933,Dr. Jonathon Alexander,cosmetic
DOC_000934,Dr. Juan Perez,cardiac
DOC_000935,Dr. Wendy Hester,dental
DOC_000936,Dr. Ryan Atkinson,cosmetic
DOC_000937,Dr. Amanda Young,cardiac
DOC_000938,Dr. Jonathon Wilson,fertility
DOC_000939,Dr. Damon Hudson,cardiac
DOC_000940,Dr. Melanie Jones,cardiac
DOC_000941,Dr. Douglas Johnson,dental
DOC_000942,Dr. Heather Hester,orthopaedic
DOC_000943,Dr. Jade Dunlap,cosmetic
DOC_000944,Dr. Andre Richardson,orthopaedic
DOC_000945,Dr. Chris Garza,orthopaedic
DOC_000946,Dr. Daniel Edwards,cosmetic
DOC_000947,Dr. Natalie Logan,cardiac
DOC_000948,Dr. Teresa Gray,cardiac
DOC_000949,Dr. Mary Hernandez,cosmetic
DOC_000950,Dr. Marie Friedman,dental
DOC_000951,Dr. Wendy Cunningham,dental
DOC_000952,Dr. Miss Morgan Ryan MD,dental
DOC_000953,Dr. Rebecca Lawson,cosmetic
DOC_000954,Dr. Kelly Stewart,fertility
DOC_000955,Dr. Kenneth Bartlett,oncology
DOC_000956,Dr. Robert Madden,orthopaedic
DOC_000957,Dr. Ethan Compton,oncology
DOC_000958,Dr. Jill Rosario,dental
DOC_000959,Dr. Bobby Castro,orthopaedic
DOC_000960,Dr. Jack Washington,dental
DOC_000961,Dr. Richard Hall,cosmetic
DOC_000962,Dr. Victoria Frost,dental
DOC_000963,Dr. Terry Craig,fertility
DOC_000964,Dr. Lisa Flynn,fertility
DOC_000965,Dr. Bruce Ortiz,cardiac
DOC_000966,Dr. Brittany Snyder,dental
DOC_000967,Dr. Christina White,orthopaedic
DOC_000968,Dr. Christopher Barnes,cosmetic
DOC_000969,Dr. Michelle Harrison,orthopaedic
DOC_000970,Dr. Sean Bass,fertility
DOC_000971,Dr. Christopher Jones,dental
DOC_000972,Dr. Kendra Hughes,orthopaedic
DOC_000973,Dr. Cameron Terry,cosmetic
DOC_000974,Dr. Edward Rogers,cosmetic
DOC_000975,Dr. Gabrielle Franklin,dental
DOC_000976,Dr. Nathan Jones,cosmetic
DOC_000977,Dr. Tiffany Lozano,cosmetic
DOC_000978,Dr. Natalie Graham,dental
DOC_000979,Dr. Melissa Quinn,fertility
DOC_000980,Dr. Leah Wilkins,dental
DOC_000981,Dr. Brittany Smith,fertility
DOC_000982,Dr. Megan Chavez,cardiac
DOC_000983,Dr. Christopher Sharp,oncology
DOC_000984,Dr. Raymond Hall,cosmetic
DOC_000985,Dr. Anthony Holmes MD,cosmetic
DOC_000986,Dr. Tanya Mitchell,dental
DOC_000987,Dr. Peter Mckay,oncology
DOC_000988,Dr. Tony Khan,dental
DOC_000989,Dr. Jessica Ramirez,orthopaedic
DOC_000990,Dr. Emily Reed,dental
DOC_000991,Dr. Dwayne Tucker,fertility
DOC_000992,Dr. Christopher Crosby,dental
DOC_000993,Dr. Larry Rodriguez,oncology
DOC_000994,Dr. Donald Davis,dental
DOC_000995,Dr. Katie Jackson,dental
DOC_000996,Dr. Amanda Macdonald,cosmetic
DOC_000997,Dr. Chloe Freeman,cosmetic
DOC_000998,Dr. Jaclyn Campbell,cosmetic
DOC_000999,Dr. Jessica Wallace,cardiac
DOC_001000,Dr. Jesse Hardin,cardiac
DOC_001001,Dr. Tamara Wilson,dental
DOC_001002,Dr. Katherine Miller,cardiac
DOC_001003,Dr. Donald Barnett,oncology
DOC_001004,Dr. Regina Garner,oncology
DOC_001005,Dr. Benjamin Moore,orthopaedic
DOC_001006,Dr. Jesse Moss,fertility
DOC_001007,Dr. Angela Watts,dental
DOC_001008,Dr. Amanda Garcia,dental
DOC_001009,Dr. Kelly Lee,cosmetic
DOC_001010,Dr. Sara Garrett,dental
DOC_001011,Dr. Lori Sanchez,fertility
DOC_001012,Dr. Shelby Robinson,dental
DOC_001013,Dr. John Washington,cardiac
DOC_001014,Dr. Jonathan Anderson,cardiac
DOC_001015,Dr. Ann Black,orthopaedic
DOC_001016,Dr. Cindy Hamilton,orthopaedic
DOC_001017,Dr. Logan Mckinney Jr.,dental
DOC_001018,Dr. Lisa Welch,dental
DOC_001019,Dr. Gregory Moreno,orthopaedic
DOC_001020,Dr. Sherry Pittman,dental
DOC_001021,Dr. Mary Henry,cosmetic
DOC_001022,Dr. Linda Daniels,fertility
DOC_001023,Dr. Daniel Mccarty,orthopaedic
DOC_001024,Dr. Pamela Barnes,cosmetic
DOC_001025,Dr. David Coleman,cosmetic
DOC_001026,Dr. Tyler Guerrero,dental
DOC_001027,Dr. James Anderson,cosmetic
DOC_001028,Dr. Sara Shields,dental
DOC_001029,Dr. Melissa Johnson,cosmetic
DOC_001030,Dr. Daniel Rosales,orthopaedic
DOC_001031,Dr. Justin Morris,cosmetic
DOC_001032,Dr. Jennifer Lamb,cosmetic
DOC_001033,Dr. Dean Brown,oncology
DOC_001034,Dr. Mr. Mark Williams,cosmetic
DOC_001035,Dr. Daniel Hutchinson,fertility
DOC_001036,Dr. Penny Rodriguez,orthopaedic
DOC_001037,Dr. Lisa Anderson,dental
DOC_001038,Dr. Tiffany Smith,cosmetic
DOC_001039,Dr. Richard Cook,orthopaedic
DOC_001040,Dr. Ralph Brown,orthopaedic
DOC_001041,Dr. Daniel Nichols,cardiac
DOC_001042,Dr. Dr. Jennifer Robbins,dental
DOC_001043,Dr. Christopher Brooks,dental
DOC_001044,Dr. Juan Wright,dental
DOC_001045,Dr. Ryan Fischer,orthopaedic
DOC_001046,Dr. Kathryn Moody,dental
DOC_001047,Dr. Douglas Johnson,dental
DOC_001048,Dr. Melissa Johnson,orthopaedic
DOC_001049,Dr. Robin Gray,fertility
DOC_001050,Dr. Robert Mcdowell,orthopaedic
DOC_001051,Dr. Angela Wagner,oncology
DOC_001052,Dr. Morgan Smith,dental
DOC_001053,Dr. Kimberly Ellison,cosmetic
DOC_001054,Dr. Kevin Myers,orthopaedic
DOC_001055,Dr. Shannon Glover,fertility
DOC_001056,Dr. Patrick Turner,fertility
DOC_001057,Dr. Brett Costa,dental
DOC_001058,Dr. Jamie Jordan,cardiac
DOC_001059,Dr. Jason Ramirez,orthopaedic
DOC_001060,Dr. Michael Hunter,orthopaedic
DOC_001061,Dr. Willie Luna,dental
DOC_001062,Dr. Pamela Klein,orthopaedic
DOC_001063,Dr. Kenneth Johnson,dental
DOC_001064,Dr. Jillian Woods,orthopaedic
DOC_001065,Dr. Eric Thomas,fertility
DOC_001066,Dr. Angela Hoffman,cardiac
DOC_001067,Dr. Tom Watkins,oncology
DOC_001068,Dr. Jamie Massey,fertility
DOC_001069,Dr. Sara Hodges,dental
DOC_001070,Dr. Johnny Jenkins,fertility
DOC_001071,Dr. Sandra Johnson,cardiac
DOC_001072,Dr. Linda Savage,cardiac
DOC_001073,Dr. Daniel Hart,cosmetic
DOC_001074,Dr. Jonathan Chung II,dental
DOC_001075,Dr. John Peters,dental
DOC_001076,Dr. Morgan Morse,dental
DOC_001077,Dr. Billy Martinez,dental
DOC_001078,Dr. Joseph Martinez,dental
DOC_001079,Dr. Sergio Wilson,orthopaedic
DOC_001080,Dr. Kathleen Sims,orthopaedic
DOC_001081,Dr. Brenda Sawyer,dental
DOC_001082,Dr. Adam Wilson,oncology
DOC_001083,Dr. Michelle Beard MD,oncology
DOC_001084,Dr. Steve Elliott,dental
DOC_001085,Dr. Dylan Cohen,cosmetic
DOC_001086,Dr. Tiffany Watson,cosmetic
DOC_001087,Dr. Kaitlyn Clark,cosmetic
DOC_001088,Dr. Paul Ferrell,fertility
DOC_001089,Dr. Carly Espinoza,cardiac
DOC_001090,Dr. Evan White,orthopaedic
DOC_001091,Dr. Willie Smith,cosmetic
DOC_001092,Dr. Christina Davis,dental
DOC_001093,Dr. Brandon Weber,dental
DOC_001094,Dr. Andrea Fields,cardiac
DOC_001095,Dr. Haley Smith,orthopaedic
DOC_001096,Dr. Duane Buck,dental
DOC_001097,Dr. Nicholas Richardson,orthopaedic
DOC_001098,Dr. Taylor Hoffman,dental
DOC_001099,Dr. Christina Watkins,dental
DOC_001100,Dr. Daniel White,fertility
DOC_001101,Dr. Beth Boyd,cardiac
DOC_001102,Dr. Janet Johnston,dental
DOC_001103,Dr. Lisa Levy,orthopaedic
DOC_001104,Dr. Lisa Blankenship,cosmetic
DOC_001105,Dr. Aaron Hall,cosmetic
DOC_001106,Dr. Timothy Mendez,cardiac
DOC_001107,Dr. John Smith,dental
DOC_001108,Dr. Wayne Taylor,fertility
DOC_001109,Dr. Jessica Ruiz,orthopaedic
DOC_001110,Dr. Peter Allen,oncology
DOC_001111,Dr. Raymond Mccarthy,dental
DOC_001112,Dr. Ryan Stewart,dental
DOC_001113,Dr. Larry Lewis,fertility
DOC_001114,Dr. Mark Ramirez,fertility
DOC_001115,Dr. Jeffrey Alexander,fertility
DOC_001116,Dr. Danielle Martinez,cosmetic
DOC_001117,Dr. Marissa Thompson,cosmetic
DOC_001118,Dr. Savannah Townsend,orthopaedic
DOC_001119,Dr. Jeff Jensen,fertility
DOC_001120,Dr. Tammie Lee,fertility
DOC_001121,Dr. Timothy Cowan,orthopaedic
DOC_001122,Dr. Isaac Lee,fertility
DOC_001123,Dr. Erin Bartlett,cosmetic
DOC_001124,Dr. Kathryn Smith,orthopaedic
DOC_001125,Dr. Matthew May,orthopaedic
DOC_001126,Dr. Zachary Padilla,dental
DOC_001127,Dr. Anthony Armstrong,orthopaedic
DOC_001128,Dr. Mitchell Ruiz,cosmetic
DOC_001129,Dr. Jordan Thompson,cardiac
DOC_001130,Dr. Maria Gardner,cosmetic
DOC_001131,Dr. Jacob Salazar,cardiac
DOC_001132,Dr. Michele Thompson,oncology
DOC_001133,Dr. Angela Flowers,oncology
DOC_001134,Dr. Jeremy Page,cosmetic
DOC_001135,Dr. Scott Ramirez,dental
DOC_001136,Dr. Mary Mclaughlin,dental
DOC_001137,Dr. Michael Yoder,cardiac
DOC_001138,Dr. Caroline Andersen,dental
DOC_001139,Dr. Holly Smith,orthopaedic
DOC_001140,Dr. Jennifer Contreras,dental
DOC_001141,Dr. Corey Juarez,dental
DOC_001142,Dr. Derek Thompson,orthopaedic
DOC_001143,Dr. Lee Barker,cardiac
DOC_001144,Dr. Mark Wilkinson,dental
DOC_001145,Dr. Emily Castro,fertility
DOC_001146,Dr. John Huff,oncology
DOC_001147,Dr. Timothy Davis,orthopaedic
DOC_001148,Dr. Catherine Miller,orthopaedic
DOC_001149,Dr. Mark Smith,orthopaedic
DOC_001150,Dr. Adam Little,orthopaedic
DOC_001151,Dr. Shawn Harding,fertility
DOC_001152,Dr. Michael Bender,fertility
DOC_001153,Dr. Nicole Rojas,cosmetic
DOC_001154,Dr. James Mitchell,orthopaedic
DOC_001155,Dr. Karl Gutierrez,dental
DOC_001156,Dr. Denise Gonzalez,cosmetic
DOC_001157,Dr. Deanna Gonzales,cardiac
DOC_001158,Dr. Henry Cox,dental
DOC_001159,Dr. Kelly Gallegos,fertility
DOC_001160,Dr. Carolyn Herring,cosmetic
DOC_001161,Dr. Brittney Carroll,orthopaedic
DOC_001162,Dr. Jessica Brewer DDS,orthopaedic
DOC_001163,Dr. Gordon Schmitt,dental
DOC_001164,Dr. Natalie Adams,orthopaedic
DOC_001165,Dr. Christine Robinson,dental
DOC_001166,Dr. Thomas Holmes,cardiac
DOC_001167,Dr. Karen Mcdonald,cosmetic
DOC_001168,Dr. Justin Barrett,oncology
DOC_001169,Dr. Erica Garcia,dental
DOC_001170,Dr. Steven Moore,dental
DOC_001171,Dr. George Leach,orthopaedic
DOC_001172,Dr. Hunter Martin,fertility
DOC_001173,Dr. Nicole Gonzales,cosmetic
DOC_001174,Dr. Linda Neal,orthopaedic
DOC_001175,Dr. Kara Sanchez,orthopaedic
DOC_001176,Dr. Lindsay Olson,dental
DOC_001177,Dr. Andrew Hickman,fertility
DOC_001178,Dr. Timothy Mcintosh,cosmetic
DOC_001179,Dr. Jeffery Adams,cardiac
DOC_001180,Dr. Leslie Martin,cosmetic
DOC_001181,Dr. Eric Carlson,orthopaedic
DOC_001182,Dr. Kelly Lynn,dental
DOC_001183,Dr. Brenda Alvarado,dental
DOC_001184,Dr. Amy Davis,orthopaedic
DOC_001185,Dr. Brenda Reed,cardiac
DOC_001186,Dr. Joe Hopkins,oncology
DOC_001187,Dr. Christopher Parker,cardiac
DOC_001188,Dr. Scott Kim,orthopaedic
DOC_001189,Dr. Brittany Peters,dental
DOC_001190,Dr. Abigail Moore,fertility
DOC_001191,Dr. Joshua Long,cardiac
DOC_001192,Dr. John Bennett,orthopaedic
DOC_001193,Dr. David Stark,orthopaedic
DOC_001194,Dr. Fernando Mcconnell,cardiac
DOC_001195,Dr. Gabriel Campbell,cosmetic
DOC_001196,Dr. Shelley Carlson,orthopaedic
DOC_001197,Dr. Hannah Santiago,orthopaedic
DOC_001198,Dr. Alyssa Blackwell,oncology
DOC_001199,Dr. David Cox,cardiac
DOC_001200,Dr. April Greene,fertility
DOC_001201,Dr. Billy Hall,cosmetic
DOC_001202,Dr. Mr. Eric Davis MD,cosmetic
DOC_001203,Dr. Chris Collins,cardiac
DOC_001204,Dr. Karen Green,dental
DOC_001205,Dr. Cassie Sanders,dental
DOC_001206,Dr. Ashley Drake,dental
DOC_001207,Dr. Nicholas Rios,oncology
DOC_001208,Dr. Robert Martin,oncology
DOC_001209,Dr. Jonathon Parks,fertility
DOC_001210,Dr. Matthew Santiago,orthopaedic
DOC_001211,Dr. Anthony Coleman,fertility
DOC_001212,Dr. Audrey Roman,oncology
DOC_001213,Dr. Kathryn Norman,fertility
DOC_001214,Dr. Sarah Bonilla,cosmetic
DOC_001215,Dr. Christopher Coleman,cosmetic
DOC_001216,Dr. Sheila Miller,orthopaedic
DOC_001217,Dr. Travis Zimmerman,cosmetic
DOC_001218,Dr. Jose Mendez,cardiac
DOC_001219,Dr. Jessica Marshall,cosmetic
DOC_001220,Dr. Sean Stevens,cardiac
DOC_001221,Dr. Kyle Wood,oncology
DOC_001222,Dr. Michael Wang,dental
DOC_001223,Dr. Derek Carter,dental
DOC_001224,Dr. Jeremy Evans,dental
DOC_001225,Dr. Brian Dennis,dental
DOC_001226,Dr. Jennifer Thompson,oncology
DOC_001227,Dr. Beth Thomas,cosmetic
DOC_001228,Dr. Steven Reed MD,orthopaedic
DOC_001229,Dr. Tamara Berger,oncology
DOC_001230,Dr. Samantha Carroll,cosmetic
DOC_001231,Dr. Gabriel Johnson,cosmetic
DOC_001232,Dr. Misty Burnett,oncology
DOC_001233,Dr. Jose Swanson,cardiac
DOC_001234,Dr. Mark Turner,orthopaedic
DOC_001235,Dr. Clinton Francis,oncology
DOC_001236,Dr. Natalie Miller,oncology
DOC_001237,Dr. Traci Leon,orthopaedic
DOC_001238,Dr. Whitney Gilbert,dental
DOC_001239,Dr. Rebecca Benson,cardiac
DOC_001240,Dr. Kenneth Lewis,cosmetic
DOC_001241,Dr. Denise Barker,orthopaedic
DOC_001242,Dr. Jonathan Williams,cosmetic
DOC_001243,Dr. Christopher Mitchell,dental
DOC_001244,Dr. Daniel Casey,dental
DOC_001245,Dr. Denise Ford,cosmetic
DOC_001246,Dr. Madison Davis,orthopaedic
DOC_001247,Dr. Michael Walker,dental
DOC_001248,Dr. Monica Lynch,cosmetic
DOC_001249,Dr. Jason Larson,orthopaedic
DOC_001250,Dr. Karen Grant,dental
DOC_001251,Dr. Francisco Carson,dental
DOC_001252,Dr. Scott Porter,fertility
DOC_001253,Dr. Carolyn Price,orthopaedic
DOC_001254,Dr. Matthew Duncan,cosmetic
DOC_001255,Dr. John Mercer,orthopaedic
DOC_001256,Dr. Paul Moreno,fertility
DOC_001257,Dr. Paul Hayes,cardiac
DOC_001258,Dr. Christopher Richards,dental
DOC_001259,Dr. Krystal Perry,oncology
DOC_001260,Dr. Nicole Campbell,cosmetic
DOC_001261,Dr. Wanda Brooks,orthopaedic
DOC_001262,Dr. Jamie Rush,oncology
DOC_001263,Dr. James Lewis,dental
DOC_001264,Dr. Dylan Hancock,orthopaedic
DOC_001265,Dr. Victoria Werner,oncology
DOC_001266,Dr. Heather Robinson,dental
DOC_001267,Dr. Diana Townsend,cosmetic
DOC_001268,Dr. Mary Mcdaniel,orthopaedic
DOC_001269,Dr. Makayla Shaw,dental
DOC_001270,Dr. Courtney Powell,dental
DOC_001271,Dr. Donna Middleton,dental
DOC_001272,Dr. Shane Ross,oncology
DOC_001273,Dr. Ronald Hines,dental
DOC_001274,Dr. Melinda Garcia,dental
DOC_001275,Dr. Jennifer Barnes,cosmetic
DOC_001276,Dr. Allen Walker,orthopaedic
DOC_001277,Dr. Kathy Miller,fertility
DOC_001278,Dr. Jennifer Johnson,cosmetic
DOC_001279,Dr. Carol Garrett,cardiac
DOC_001280,Dr. Tiffany Johnson,orthopaedic
DOC_001281,Dr. Rachel Price,oncology
DOC_001282,Dr. Cheryl Gentry,cardiac
DOC_001283,Dr. Nathan Allen,cardiac
DOC_001284,Dr. Micheal Gonzalez,cardiac
DOC_001285,Dr. Austin Johnson,oncology
DOC_001286,Dr. Judy Sutton,cosmetic
DOC_001287,Dr. David Thompson,oncology
DOC_001288,Dr. Martin Lara,orthopaedic
DOC_001289,Dr. Shelby Stout,orthopaedic
DOC_001290,Dr. Nathan Jones,cardiac
DOC_001291,Dr. Melanie Russell,orthopaedic
DOC_001292,Dr. Julie Cruz,cosmetic
DOC_001293,Dr. Tina Ware,oncology
DOC_001294,Dr. Michelle Lawson,orthopaedic
DOC_001295,Dr. Michelle Gonzales DVM,orthopaedic
DOC_001296,Dr. Robert Clayton,cardiac
DOC_001297,Dr. Amanda Ross,fertility
DOC_001298,Dr. Lori Alexander,cosmetic
DOC_001299,Dr. Ashley Boone,cosmetic
DOC_001300,Dr. Lauren Moody,oncology
DOC_001301,Dr. Holly Douglas,cardiac
DOC_001302,Dr. David Olson,cardiac
DOC_001303,Dr. Gary Benson,fertility
DOC_001304,Dr. Michael Goodwin,fertility
DOC_001305,Dr. Grace Norris,dental
DOC_001306,Dr. Jerry Scott,dental
DOC_001307,Dr. Andrew Taylor,cardiac
DOC_001308,Dr. Allison Beard,dental
DOC_001309,Dr. Michelle Parker,fertility
DOC_001310,Dr. Latoya Torres,dental
DOC_001311,Dr. Megan Moore,dental
DOC_001312,Dr. Betty Lawson,cardiac
DOC_001313,Dr. Dawn Perez,orthopaedic
DOC_001314,Dr. Lauren Hernandez,dental
DOC_001315,Dr. Jackson Romero,fertility
DOC_001316,Dr. Kellie Woods,cardiac
DOC_001317,Dr. Valerie Schneider,orthopaedic
DOC_001318,Dr. Kathryn Mills,cosmetic
DOC_001319,Dr. Timothy Wong,orthopaedic
DOC_001320,Dr. Karen Webb,cardiac
DOC_001321,Dr. Michael Brown,cardiac
DOC_001322,Dr. Daniel Hernandez,cardiac
DOC_001323,Dr. Monica Wilson,cardiac
DOC_001324,Dr. Jonathan Hudson,cardiac
DOC_001325,Dr. Alexandria Francis,orthopaedic
DOC_001326,Dr. Rachel Villanueva,dental
DOC_001327,Dr. Heidi Johnson,cosmetic
DOC_001328,Dr. Tiffany Romero,fertility
DOC_001329,Dr. Tyrone Bradford,dental
DOC_001330,Dr. Angela Yates,cosmetic
DOC_001331,Dr. Joseph Sanchez,cosmetic
DOC_001332,Dr. Catherine Mayer,fertility
DOC_001333,Dr. Crystal Love,dental
DOC_001334,Dr. William Baker,dental
DOC_001335,Dr. Patrick Quinn,cosmetic
DOC_001336,Dr. Susan Anderson,cosmetic
DOC_001337,Dr. Daniel Sanchez,orthopaedic
DOC_001338,Dr. Karen Garcia,cosmetic
DOC_001339,Dr. Amber Tyler,orthopaedic
DOC_001340,Dr. John Ramos,orthopaedic
DOC_001341,Dr. Brett Lawrence,cardiac
DOC_001342,Dr. Elizabeth Smith,dental
DOC_001343,Dr. Taylor Cortez,cardiac
DOC_001344,Dr. Marvin Chapman,cosmetic
DOC_001345,Dr. Nicole Gay,dental
DOC_001346,Dr. Jason Nelson,cosmetic
DOC_001347,Dr. Erin Webb,cosmetic
DOC_001348,Dr. Matthew Baker,cardiac
DOC_001349,Dr. Glenda Byrd,cosmetic
DOC_001350,Dr. Lori Rodriguez,orthopaedic
DOC_001351,Dr. Catherine Smith,fertility
DOC_001352,Dr. Katrina Simpson,dental
DOC_001353,Dr. Philip Chambers,dental
DOC_001354,Dr. Scott Peterson,cosmetic
DOC_001355,Dr. Samantha Lee,fertility
DOC_001356,Dr. David Parker,dental
DOC_001357,Dr. Randall Kennedy,orthopaedic
DOC_001358,Dr. Tanya Clark,cosmetic
DOC_001359,Dr. Erica Lee,cardiac
DOC_001360,Dr. Christopher Moore,orthopaedic
DOC_001361,Dr. Erika Black,orthopaedic
DOC_001362,Dr. Kurt Butler,cosmetic
DOC_001363,Dr. Crystal Baker,dental
DOC_001364,Dr. Sandra Wood,cosmetic
DOC_001365,Dr. Nicholas Calderon,dental
DOC_001366,Dr. Eric Elliott,fertility
DOC_001367,Dr. Abigail Case,dental
DOC_001368,Dr. Jason Brewer,orthopaedic
DOC_001369,Dr. Jesus Hill,fertility
DOC_001370,Dr. Christina Bates,fertility
DOC_001371,Dr. Ronnie Johnson,cardiac
DOC_001372,Dr. James Grant,dental
DOC_001373,Dr. Rebecca Williamson,cosmetic
DOC_001374,Dr. Donald Jones,orthopaedic
DOC_001375,Dr. Nathan David,cardiac
DOC_001376,Dr. Tiffany Arroyo,orthopaedic
DOC_001377,Dr. Jeanette Moyer,cosmetic
DOC_001378,Dr. Danielle Benitez,orthopaedic
DOC_001379,Dr. Amy Brown,cosmetic
DOC_001380,Dr. Joshua Kim,cosmetic
DOC_001381,Dr. John Gilmore,cosmetic
DOC_001382,Dr. William Oconnor,cosmetic
DOC_001383,Dr. Shelly Lawrence,cardiac
DOC_001384,Dr. Kristina Gonzales,cardiac
DOC_001385,Dr. Joshua Guerrero,fertility
DOC_001386,Dr. Ruth Norris,fertility
DOC_001387,Dr. Randy Harrell,oncology
DOC_001388,Dr. Nancy Krueger,cosmetic
DOC_001389,Dr. Raymond Burgess,cosmetic
DOC_001390,Dr. Frank Perez,dental
DOC_001391,Dr. Cristian Mata,cosmetic
DOC_001392,Dr. Larry Cantu,orthopaedic
DOC_001393,Dr. Martin Simmons,cosmetic
DOC_001394,Dr. Rebecca Decker,fertility
DOC_001395,Dr. William Brooks,oncology
DOC_001396,Dr. Whitney Moyer,dental
DOC_001397,Dr. Erin Ryan,cosmetic
DOC_001398,Dr. Gene Jones,cosmetic
DOC_001399,Dr. Brandon Grant,orthopaedic
DOC_001400,Dr. Christopher Palmer,cardiac
DOC_001401,Dr. Laura Mcdonald,dental
DOC_001402,Dr. Cheryl Jones,orthopaedic
DOC_001403,Dr. Sabrina Owens,oncology
DOC_001404,Dr. Wendy Hernandez,cardiac
DOC_001405,Dr. Christopher Johnston,dental
DOC_001406,Dr. Richard Stevenson,fertility
DOC_001407,Dr. Stacy Morales,cosmetic
DOC_001408,Dr. Marcus Price,cosmetic
DOC_001409,Dr. Frank Hernandez,dental
DOC_001410,Dr. Lauren Saunders,oncology
DOC_001411,Dr. Martha Gonzalez,dental
DOC_001412,Dr. Tammy Barry,oncology
DOC_001413,Dr. Laura Lopez,cosmetic
DOC_001414,Dr. Eric Garcia,fertility
DOC_001415,Dr. Terry Williams,fertility
DOC_001416,Dr. Gregory Jones,oncology
DOC_001417,Dr. Tanya Barrett,orthopaedic
DOC_001418,Dr. Christopher Ritter,dental
DOC_001419,Dr. Thomas Barton,orthopaedic
DOC_001420,Dr. Shawn Blackburn,cosmetic
DOC_001421,Dr. Travis Johnson,fertility
DOC_001422,Dr. Sarah Clark,cosmetic
DOC_001423,Dr. Jeffrey Gonzalez,fertility
DOC_001424,Dr. Leslie Martinez,cardiac
DOC_001425,Dr. Katie Lane,cardiac
DOC_001426,Dr. Carla Clark,dental
DOC_001427,Dr. Natalie Howard,dental
DOC_001428,Dr. Jennifer Clark MD,dental
DOC_001429,Dr. Karen Hicks,cosmetic
DOC_001430,Dr. Alexis James,orthopaedic
DOC_001431,Dr. Tyrone Garcia,orthopaedic
DOC_001432,Dr. Eric Brown,cosmetic
DOC_001433,Dr. Marissa Perez,dental
DOC_001434,Dr. Marie Patrick,dental
DOC_001435,Dr. Alexis Brandt,orthopaedic
DOC_001436,Dr. Stephanie Williams,cardiac
DOC_001437,Dr. Cassandra Smith,dental
DOC_001438,Dr. Brenda Harrison,cosmetic
DOC_001439,Dr. Kyle Clark,dental
DOC_001440,Dr. Eileen Williamson,orthopaedic
DOC_001441,Dr. Jennifer Thompson,fertility
DOC_001442,Dr. Brittany Pacheco,cosmetic
DOC_001443,Dr. Holly Buckley,dental
DOC_001444,Dr. Amanda Harris,cardiac
DOC_001445,Dr. Jake Skinner,cosmetic
DOC_001446,Dr. Alyssa Johnson,dental
DOC_001447,Dr. John Moss,cosmetic
DOC_001448,Dr. Jason Ryan,orthopaedic
DOC_001449,Dr. Miranda Jackson,fertility
DOC_001450,Dr. Gregory Walker,cosmetic
DOC_001451,Dr. Austin Novak,cosmetic
DOC_001452,Dr. Jason Villanueva,cosmetic
DOC_001453,Dr. Scott Pacheco,fertility
DOC_001454,Dr. John Lam,oncology
DOC_001455,Dr. Frank Fernandez,dental
DOC_001456,Dr. Mary Davis,cosmetic
DOC_001457,Dr. Ronald Duncan Jr.,cardiac
DOC_001458,Dr. Renee Thomas,cardiac
DOC_001459,Dr. Natalie Love,cosmetic
DOC_001460,Dr. Lucas Wright,dental
DOC_001461,Dr. Nicholas Turner,cosmetic
DOC_001462,Dr. Julia Garza,fertility
DOC_001463,Dr. Victoria Adams,cosmetic
DOC_001464,Dr. Erin Brooks,cardiac
DOC_001465,Dr. Noah Rosales,fertility
DOC_001466,Dr. Rebecca Welch,cosmetic
DOC_001467,Dr. Veronica Smith,orthopaedic
DOC_001468,Dr. Sara Young,cosmetic
DOC_001469,Dr. Adam Castillo,cardiac
DOC_001470,Dr. Chelsea Kane,fertility
DOC_001471,Dr. Jennifer Haney,cosmetic
DOC_001472,Dr. Dennis Gonzales,fertility
DOC_001473,Dr. Mary Robertson,cosmetic
DOC_001474,Dr. Zachary Lopez,cosmetic
DOC_001475,Dr. Shane Ingram,orthopaedic
DOC_001476,Dr. Brent Chase,orthopaedic
DOC_001477,Dr. Deborah Casey,oncology
DOC_001478,Dr. Alexander Daniels,oncology
DOC_001479,Dr. William Greer,cosmetic
DOC_001480,Dr. Micheal Martinez,cosmetic
DOC_001481,Dr. Jesse Tran,dental
DOC_001482,Dr. Tracy Bonilla,cardiac
DOC_001483,Dr. Robert Blackwell,cosmetic
DOC_001484,Dr. Brenda Becker,cosmetic
DOC_001485,Dr. Christina Garner,dental
DOC_001486,Dr. Penny Hart,dental
DOC_001487,Dr. Amber Patel,oncology
DOC_001488,Dr. Melissa Osborn,cosmetic
DOC_001489,Dr. Christopher Becker,oncology
DOC_001490,Dr. Shannon Perez,cosmetic
DOC_001491,Dr. Michelle Fernandez,dental
DOC_001492,Dr. Jessica Harris,cosmetic
DOC_001493,Dr. Wayne Morales,oncology
DOC_001494,Dr. Joseph Fisher,cosmetic
DOC_001495,Dr. Frank Griffith,cardiac
DOC_001496,Dr. Benjamin Erickson,fertility
DOC_001497,Dr. Christine Quinn,orthopaedic
DOC_001498,Dr. Andrea Fischer,dental
DOC_001499,Dr. John Martin,dental
DOC_001500,Dr. Vanessa Good,oncology
DOC_001501,Dr. Michael Gomez,dental
DOC_001502,Dr. Casey Hubbard,fertility
DOC_001503,Dr. Drew Green,cosmetic
DOC_001504,Dr. Diana Huerta,cardiac
DOC_001505,Dr. Eric Rodriguez,cardiac
DOC_001506,Dr. Amber Watson,cardiac
DOC_001507,Dr. Sharon Perez,fertility
DOC_001508,Dr. Kathleen Walker,fertility
DOC_001509,Dr. Karen Jones,fertility
DOC_001510,Dr. Lisa Gaines,cardiac
DOC_001511,Dr. Justin Watson,cardiac
DOC_001512,Dr. Susan Olson,cardiac
DOC_001513,Dr. Margaret Lee,cardiac
DOC_900001,Dr. James Lynch,dental
