id,name
INS_000001,Fowler Health Cover
INS_000002,Johnson Insurance Group
INS_000003,Hill Insurance Group
INS_000004,Walker Assurance
INS_000005,Doyle Health Cover
INS_000006,Rhodes Assurance
INS_000007,Mcclain Assurance
INS_000008,Miller Insurance Group
INS_000009,Henderson Health Cover
INS_000010,Johnson Health Cover
INS_000011,Robinson Insurance Group
INS_000012,Wagner Health Cover
INS_000013,Johnson Insurance Group
INS_000014,Gonzalez Assurance
INS_000015,Santos Health Cover
INS_000016,Gardner Insurance Group
INS_000017,Robinson Assurance
INS_000018,Lawrence Assurance
INS_000019,Pacheco Mutual Health
INS_000020,Smith Insurance Group
