id,account_ref,bank_name,opened_date
ACC_000001,MG6677490163282680,James Bank,2019-02-10
ACC_000002,MG4049700720486445,Howard Bank,2016-11-11
ACC_000003,MG1065830106637141,Bush Bank,2019-05-13
ACC_000004,MG9129950847676476,Flowers Bank,2022-12-30
ACC_000005,MG7486263520465164,Martin Bank,2017-12-27
ACC_000006,MG8038046536643594,Kelly Bank,2025-02-10
ACC_000007,MG9728336050350123,Johnson Bank,2016-02-16
ACC_000008,MG3594054209391147,Stewart Bank,2025-05-03
ACC_000009,MG5407297676352153,Ryan Bank,2024-03-09
ACC_000010,MG9322315004978997,Brown Bank,2023-06-03
ACC_000011,MG8403247815556884,James Bank,2017-07-03
ACC_000012,MG7654883216288588,Rice Bank,2024-02-02
ACC_000013,MG7095586594279574,Valencia Bank,2020-07-27
ACC_000014,MG8680102040296534,Mckay Bank,2018-08-27
ACC_000015,MG3690492860070150,Liu Bank,2022-06-14
ACC_000016,MG7458752328774107,Nielsen Bank,2018-08-04
ACC_000017,MG8266884453786535,Sellers Bank,2020-08-08
ACC_000018,MG3667258513100483,George Bank,2025-06-27
ACC_000019,MG9237688842569992,Alvarez Bank,2017-04-21
ACC_000020,MG2209302219817554,Pierce Bank,2020-03-20
ACC_000021,MG4089632161410169,Brennan Bank,2019-09-21
ACC_000022,MG9632883455601182,Henderson Bank,2019-06-01
ACC_000023,MG5765878497565651,Walker Bank,2025-05-01
ACC_000024,MG8868829287617266,Young Bank,2016-08-19
ACC_000025,MG7071377292811216,Henderson Bank,2017-09-07
ACC_000026,MG9122985722973087,Owens Bank,2023-07-22
ACC_000027,MG5614588578701001,Herrera Bank,2024-10-24
ACC_000028,MG1322584762763468,Taylor Bank,2019-07-19
ACC_000029,MG5096060581705860,House Bank,2015-09-09
ACC_000030,MG5644790211314011,Allison Bank,2023-04-19
ACC_000031,MG3718644119052746,Bowers Bank,2017-03-04
ACC_000032,MG4547131994602877,Gibson Bank,2017-06-03
ACC_000033,MG3997847449095740,Calhoun Bank,2020-02-21
ACC_000034,MG7149325218929315,Zamora Bank,2018-07-02
ACC_000035,MG2243848344746777,Donovan Bank,2015-07-01
ACC_000036,MG9269408741776145,Harris Bank,2015-12-11
ACC_000037,MG8644917997808011,Allen Bank,2021-03-13
ACC_000038,MG3288371353787416,Mahoney Bank,2017-08-10
ACC_000039,MG5090116872687920,Ibarra Bank,2024-08-24
ACC_000040,MG6430820088999893,Suarez Bank,2024-07-19
ACC_000041,MG3858720709272055,Newton Bank,2019-05-07
ACC_000042,MG1702975537723275,Moore Bank,2024-01-19
ACC_000043,MG9010175114059259,Clark Bank,2018-05-01
ACC_000044,MG6344474932256028,Cooper Bank,2017-06-25
ACC_000045,MG2293467953099807,Watts Bank,2016-04-28
ACC_000046,MG6261749507207489,Green Bank,2019-01-28
ACC_000047,MG6351108480017779,Jordan Bank,2016-05-21
ACC_000048,MG6496931199118764,Russell Bank,2017-08-30
ACC_000049,MG5981867560806503,Oliver Bank,2020-07-07
ACC_000050,MG7098586872398146,Moore Bank,2019-02-28
ACC_000051,MG8164257006793405,Adams Bank,2018-10-06
ACC_000052,MG4671652873245087,Cobb Bank,2020-06-18
ACC_000053,MG2795877936095413,Keller Bank,2024-08-28
ACC_000054,MG9213244697277380,Ross Bank,2024-01-08
ACC_000055,MG2909326667709713,Ramirez Bank,2018-08-07
ACC_000056,MG6129404367773736,Estes Bank,2023-03-22
ACC_000057,MG1941535871242977,Baker Bank,2023-03-06
ACC_000058,MG9813021703365516,Ray Bank,2015-03-30
ACC_000059,MG4394302123201126,Scott Bank,2023-06-15
ACC_000060,MG6415972802809375,Nguyen Bank,2021-01-17
ACC_000061,MG5208762309639368,Terry Bank,2024-10-27
ACC_000062,MG4055299787880124,Clark Bank,2015-04-01
ACC_000063,MG5698110712298610,Rogers Bank,2016-12-13
ACC_000064,MG5215749771220939,Cardenas Bank,2019-10-10
ACC_000065,MG1406558052904837,Potter Bank,2017-09-21
ACC_000066,MG7883231973465108,Cruz Bank,2018-03-02
ACC_000067,MG3740198738284296,Solis Bank,2017-05-02
ACC_000068,MG8667398420153186,Strickland Bank,2016-09-06
ACC_000069,MG6258050740550963,Washington Bank,2020-07-02
ACC_000070,MG2085898036993178,Hall Bank,2024-11-19
ACC_000071,MG9065098741812672,Benson Bank,2022-08-19
ACC_000072,MG8662011844619833,Carrillo Bank,2022-06-16
ACC_000073,MG8871176258700145,Shah Bank,2022-11-05
ACC_000074,MG5777653548590329,Smith Bank,2018-07-25
ACC_000075,MG5415471239606846,Price Bank,2019-09-28
ACC_000076,MG5829112122193803,Caldwell Bank,2020-07-24
ACC_000077,MG4911067762279213,Yates Bank,2018-10-17
ACC_000078,MG3278661455139414,Patterson Bank,2017-03-07
ACC_000079,MG1270491208850609,Camacho Bank,2018-12-28
ACC_000080,MG9251635668662761,White Bank,2016-04-01
ACC_000081,MG8364770818334766,Ryan Bank,2023-07-30
ACC_000082,MG6604378704893873,Scott Bank,2023-05-05
ACC_000083,MG9940316485700602,Burton Bank,2017-12-12
ACC_000084,MG1558567958861397,Garcia Bank,2017-12-13
ACC_000085,MG7535621155455110,Short Bank,2022-07-22
ACC_000086,MG6939561710163508,Garcia Bank,2019-11-04
ACC_000087,MG6397258210443913,Yu Bank,2015-10-07
ACC_000088,MG1362283659459314,Sanchez Bank,2025-05-16
ACC_000089,MG9032389207185936,Michael Bank,2019-09-21
ACC_000090,MG7746567570305807,Ramirez Bank,2017-12-01
ACC_000091,MG6056370370566994,Beard Bank,2019-03-27
ACC_000092,MG7478042815193915,Haynes Bank,2021-03-10
ACC_000093,MG2132263164810567,West Bank,2023-09-08
ACC_000094,MG7007409308320820,Smith Bank,2015-12-18
ACC_000095,MG3220123395035326,Parker Bank,2024-08-03
ACC_000096,MG2164265231124469,Hall Bank,2022-01-05
ACC_000097,MG3476372730415420,Griffith Bank,2023-01-16
ACC_000098,MG9576302216370090,Turner Bank,2022-05-13
ACC_000099,MG6490544345984564,Erickson Bank,2022-10-30
ACC_000100,MG8875968519902604,Smith Bank,2019-03-15
ACC_000101,MG6492046999899212,Mitchell Bank,2018-10-22
ACC_000102,MG4007001402628800,Hernandez Bank,2023-07-01
ACC_000103,MG9214046517299824,Shepherd Bank,2017-07-25
ACC_000104,MG5108069750628444,Oliver Bank,2020-01-18
ACC_000105,MG8344504150775480,Norris Bank,2018-01-19
ACC_000106,MG2509295677100029,Harrison Bank,2024-01-14
ACC_000107,MG4510563311408763,Peck Bank,2019-09-25
ACC_000108,MG2733317409078188,Coleman Bank,2025-06-26
ACC_000109,MG2385672243198638,Stephens Bank,2015-04-12
ACC_000110,MG3435689370437744,Gonzales Bank,2023-04-21
ACC_000111,MG8963641535557245,Harrison Bank,2017-05-07
ACC_000112,MG6874180613823296,Perez Bank,2022-03-16
ACC_000113,MG3864937488661182,White Bank,2025-04-03
ACC_000114,MG8391077079380608,Bates Bank,2024-10-31
ACC_000115,MG3893911140168096,Morales Bank,2019-05-17
ACC_000116,MG7739387017003493,Hodges Bank,2022-07-02
ACC_000117,MG1607666321686735,Smith Bank,2020-08-09
ACC_000118,MG2512007637200840,Murray Bank,2015-04-12
ACC_000119,MG8747208762584824,Brown Bank,2016-07-17
ACC_000120,MG3317067633915670,Lynch Bank,2018-06-09
ACC_000121,MG5537607439517324,Allen Bank,2022-11-25
ACC_000122,MG2070193132305644,Wilson Bank,2022-12-23
ACC_000123,MG5038565564811255,Reyes Bank,2021-11-11
ACC_000124,MG4536263590273665,Weeks Bank,2016-12-05
ACC_000125,MG9780360812455596,Romero Bank,2024-03-09
ACC_000126,MG5958178916413626,Keller Bank,2020-12-12
ACC_000127,MG3341661898086922,Allen Bank,2018-01-10
ACC_000128,MG7821192868595744,Reyes Bank,2019-05-25
ACC_000129,MG7089871442586739,Smith Bank,2023-11-12
ACC_000130,MG5284825810107945,Murphy Bank,2019-12-08
ACC_000131,MG1892412735389329,Ferguson Bank,2019-05-10
ACC_000132,MG4804606308448560,Finley Bank,2017-03-04
ACC_000133,MG2585244692557719,Sims Bank,2015-10-26
ACC_000134,MG6494365606076096,Garcia Bank,2017-10-12
ACC_000135,MG2848512679051660,Jackson Bank,2023-05-31
ACC_000136,MG2097720677886606,Pitts Bank,2017-02-02
ACC_000137,MG9537809488413768,Marshall Bank,2018-05-27
ACC_000138,MG4426591250954305,Cruz Bank,2023-06-16
ACC_000139,MG6262774325244429,Webb Bank,2019-03-05
ACC_000140,MG4228055123751201,Smith Bank,2021-12-31
ACC_000141,MG4883671033186191,Grimes Bank,2019-04-17
ACC_000142,MG6698342639302384,Osborne Bank,2018-12-24
ACC_000143,MG6928780688350308,Campos Bank,2018-09-05
ACC_000144,MG3886439920246685,Saunders Bank,2020-10-27
ACC_000145,MG2930850753041293,Browning Bank,2023-03-13
ACC_000146,MG7799855882260845,Murphy Bank,2020-11-27
ACC_000147,MG3316801261108342,Perry Bank,2020-07-10
ACC_000148,MG9315103604908868,Phillips Bank,2024-09-03
ACC_000149,MG1041569189589948,Harrell Bank,2021-01-29
ACC_000150,MG1346877993910921,Brock Bank,2024-10-28
ACC_000151,MG8079847412442392,Jones Bank,2015-01-21
ACC_000152,MG3976444600714948,Webster Bank,2024-03-31
ACC_000153,MG5828391313770256,Gibson Bank,2020-03-19
ACC_000154,MG4370175428040439,Blankenship Bank,2024-03-21
ACC_000155,MG1909955493420265,Turner Bank,2019-02-03
ACC_000156,MG5335871962259545,Ortiz Bank,2023-07-08
ACC_000157,MG8152755025758145,Santiago Bank,2017-04-28
ACC_000158,MG3559574211160679,Paul Bank,2023-10-18
ACC_000159,MG7014976667156383,Foley Bank,2016-03-11
ACC_000160,MG6568433003526778,Garcia Bank,2018-12-15
ACC_000161,MG1360855088854983,Jennings Bank,2021-02-06
ACC_000162,MG9525878161566439,Harris Bank,2016-01-07
ACC_000163,MG6708109905700554,Riggs Bank,2018-10-11
ACC_000164,MG4879687218741444,Huerta Bank,2019-07-04
ACC_000165,MG9126902380655230,Wilson Bank,2019-01-30
ACC_000166,MG9422866918099724,Brown Bank,2015-06-23
ACC_000167,MG8537281694089992,West Bank,2024-07-28
ACC_000168,MG5005144493685930,Simmons Bank,2019-03-04
ACC_000169,MG1568054536334839,Rodriguez Bank,2016-10-22
ACC_000170,MG3795887665729744,Joseph Bank,2025-03-04
ACC_000171,MG8470172612431252,Jacobs Bank,2016-05-01
ACC_000172,MG8579391899651846,Garcia Bank,2025-03-31
ACC_000173,MG9490441161500675,Miles Bank,2021-07-30
ACC_000174,MG5107634721116608,Edwards Bank,2020-01-27
ACC_000175,MG4477073115008636,Scott Bank,2017-12-09
ACC_000176,MG4523561575159882,Mckay Bank,2018-10-18
ACC_000177,MG2417710071857315,Wells Bank,2024-01-13
ACC_000178,MG9781624219506944,Davis Bank,2017-02-28
ACC_000179,MG1569956308323023,Martinez Bank,2016-07-23
ACC_000180,MG8777231462734522,Hawkins Bank,2021-06-27
ACC_000181,MG9539587963052056,Wilson Bank,2016-05-04
ACC_000182,MG1815211526818954,Ramirez Bank,2018-08-27
ACC_000183,MG3886607070581065,White Bank,2016-12-12
ACC_000184,MG7055680552164041,Park Bank,2021-11-09
ACC_000185,MG1965811265492683,Peterson Bank,2021-03-08
ACC_000186,MG5675946382987246,Wood Bank,2020-03-23
ACC_000187,MG5573736233004203,Griffith Bank,2024-11-01
ACC_000188,MG3051709950008641,Perry Bank,2022-07-22
ACC_000189,MG6833653567004208,Estrada Bank,2023-08-20
ACC_000190,MG8035813428165506,Williams Bank,2024-06-26
ACC_000191,MG6741430698219804,Foster Bank,2019-07-01
ACC_000192,MG4825735907627180,Thompson Bank,2021-08-09
ACC_000193,MG5551860832684670,James Bank,2023-07-12
ACC_000194,MG7629157838041597,Padilla Bank,2020-02-22
ACC_000195,MG9052190981810334,Smith Bank,2022-11-05
ACC_000196,MG5764522186236586,Walker Bank,2016-12-26
ACC_000197,MG3774998835575598,Young Bank,2017-11-14
ACC_000198,MG2145485784961353,Thomas Bank,2022-06-04
ACC_000199,MG8385013743758746,Morrison Bank,2019-09-16
ACC_000200,MG3824620949004819,Jones Bank,2016-12-04
ACC_000201,MG5481386675099988,Mitchell Bank,2024-10-06
ACC_000202,MG5148382519657991,Cole Bank,2022-12-25
ACC_000203,MG1142249998961205,Pacheco Bank,2015-11-08
ACC_000204,MG5294805699546322,Pearson Bank,2019-12-03
ACC_000205,MG8630531805012891,Kim Bank,2023-04-30
ACC_000206,MG9449248187863344,Holland Bank,2021-05-14
ACC_000207,MG4101767978604559,Jones Bank,2025-06-11
ACC_000208,MG3666696674081365,Davis Bank,2020-11-06
ACC_000209,MG2727290452699768,Miller Bank,2022-10-08
ACC_000210,MG8307893813594902,Hansen Bank,2016-11-03
ACC_000211,MG3382405395575836,Schneider Bank,2024-09-03
ACC_000212,MG3381378448115424,Moore Bank,2025-02-15
ACC_000213,MG4869613449100430,Phillips Bank,2025-05-09
ACC_000214,MG6140506258501669,Moore Bank,2015-01-17
ACC_000215,MG9946699952071405,White Bank,2024-04-09
ACC_000216,MG2871982663376145,Schwartz Bank,2015-05-29
ACC_000217,MG2759462446569286,Goodwin Bank,2020-12-04
ACC_000218,MG5314753673253020,Bowers Bank,2019-04-22
ACC_000219,MG3212880283045528,Campbell Bank,2025-06-05
ACC_000220,MG7791158243963211,Reyes Bank,2022-08-30
ACC_000221,MG8164544028632838,Nelson Bank,2017-03-23
ACC_000222,MG8224485447595290,Whitehead Bank,2024-07-12
ACC_000223,MG3022205270912863,Hughes Bank,2019-03-26
ACC_000224,MG4592757723920113,Miller Bank,2023-11-21
ACC_000225,MG1316051299986999,Walker Bank,2015-11-23
ACC_000226,MG1454823897850520,Lewis Bank,2017-05-23
ACC_000227,MG7555374691717681,Allen Bank,2025-03-29
ACC_000228,MG8890103248765325,Fowler Bank,2019-08-20
ACC_000229,MG5747118670653030,Dean Bank,2025-05-03
ACC_000230,MG5547492300637863,Gomez Bank,2020-04-12
ACC_000231,MG5707814493513834,Kramer Bank,2023-05-14
ACC_000232,MG8157090327244385,Cooper Bank,2016-12-24
ACC_000233,MG9645636570659494,Quinn Bank,2015-01-31
ACC_000234,MG1844270416069525,Maxwell Bank,2021-04-09
ACC_000235,MG8879851400745124,Marshall Bank,2019-05-01
ACC_000236,MG4031708894499418,Hays Bank,2017-06-21
ACC_000237,MG5460445703810287,Kline Bank,2020-12-01
ACC_000238,MG1457926610905132,Morris Bank,2018-10-11
ACC_000239,MG3318513545638328,Miller Bank,2022-11-15
ACC_000240,MG3211297686954828,Gould Bank,2023-05-09
ACC_000241,MG1244639201478265,Jones Bank,2017-06-03
ACC_000242,MG6763952908932771,Hernandez Bank,2019-09-20
ACC_000243,MG9126034188672551,Porter Bank,2022-02-13
ACC_000244,MG9908407622843861,Hayes Bank,2015-10-01
ACC_000245,MG1666519150321662,Roach Bank,2015-04-26
ACC_000246,MG7414747243851697,Harris Bank,2020-06-25
ACC_000247,MG5026534766128985,Taylor Bank,2022-05-26
ACC_000248,MG3971811660379582,Ortiz Bank,2023-11-04
ACC_000249,MG7174448825553101,Andrews Bank,2021-10-12
ACC_000250,MG1699702002325379,Martinez Bank,2023-12-29
ACC_000251,MG3608507024645423,Holmes Bank,2018-07-24
ACC_000252,MG7143293099951948,Ferguson Bank,2022-01-31
ACC_000253,MG1666634974648357,Shaw Bank,2022-11-21
ACC_000254,MG5912184571655171,Johnson Bank,2023-09-18
ACC_000255,MG7843795166661557,Williams Bank,2025-02-02
ACC_000256,MG5492748028800010,May Bank,2019-12-18
ACC_000257,MG5641186946697748,Chavez Bank,2022-01-08
ACC_000258,MG9295164858138133,Barker Bank,2020-01-21
ACC_000259,MG5441559223927069,Moore Bank,2020-11-07
ACC_000260,MG1005113163330500,Rodriguez Bank,2021-10-14
ACC_000261,MG6639752959277333,Barnes Bank,2016-10-03
ACC_000262,MG3936145259476511,Estes Bank,2019-02-24
ACC_000263,MG4710327368176676,Barrera Bank,2021-09-26
ACC_000264,MG3015510990345624,Wagner Bank,2022-08-14
ACC_000265,MG3253897780586994,Levy Bank,2018-01-05
ACC_000266,MG3365841989438043,Lewis Bank,2021-09-15
ACC_000267,MG2834745645965895,Powell Bank,2018-12-24
ACC_000268,MG8495533491953610,Williams Bank,2020-07-19
ACC_000269,MG3728818689711325,Williams Bank,2024-11-08
ACC_000270,MG5925545570843872,Wilson Bank,2015-11-06
ACC_000271,MG2698409890260273,Williams Bank,2016-05-02
ACC_000272,MG8654687910292218,Taylor Bank,2025-05-06
ACC_000273,MG6902855748845564,Wheeler Bank,2016-11-09
ACC_000274,MG6459097016758868,Hicks Bank,2017-05-27
ACC_000275,MG4985663691087122,Burns Bank,2019-09-02
ACC_000276,MG1646174281240412,Hart Bank,2019-09-29
ACC_000277,MG6939876198134027,Smith Bank,2017-02-16
ACC_000278,MG7523351400221856,Rivera Bank,2017-01-23
ACC_000279,MG9578335419212731,Rodriguez Bank,2021-04-17
ACC_000280,MG7402684129387680,Griffith Bank,2018-10-08
ACC_000281,MG5275201996039246,Knapp Bank,2016-01-30
ACC_000282,MG2590002831944454,Frye Bank,2016-06-19
ACC_000283,MG9331180018630520,Stevens Bank,2023-08-28
ACC_000284,MG9731814153128589,Bush Bank,2017-01-22
ACC_000285,MG6532630697694601,Moses Bank,2020-01-19
ACC_000286,MG6146577788689981,Miller Bank,2019-05-20
ACC_000287,MG2382218011775031,Bradshaw Bank,2021-12-16
ACC_000288,MG7598120271035907,Sanchez Bank,2025-03-06
ACC_000289,MG4320896979703104,Santiago Bank,2025-03-08
ACC_000290,MG2976216329818822,Schmidt Bank,2016-11-01
ACC_000291,MG8665499644772667,Donovan Bank,2023-03-31
ACC_000292,MG6567945507426858,Johns Bank,2017-07-15
ACC_000293,MG9340034392731537,Woods Bank,2016-04-20
ACC_000294,MG1641200296299320,Thompson Bank,2018-07-26
ACC_000295,MG5277750560952437,Khan Bank,2022-12-03
ACC_000296,MG3566101603736698,Thompson Bank,2022-11-30
ACC_000297,MG2043089787873245,Rogers Bank,2018-09-15
ACC_000298,MG5403386717477179,Gibson Bank,2024-04-17
ACC_000299,MG2274750711756144,Davidson Bank,2017-11-04
ACC_000300,MG5696887912199702,Small Bank,2019-05-09
ACC_000301,MG3516726961922771,Anderson Bank,2019-06-21
ACC_000302,MG6529474958816671,Gordon Bank,2015-05-03
ACC_000303,MG4546647767516205,Prince Bank,2023-01-11
ACC_000304,MG4791521149149291,Griffin Bank,2018-08-15
ACC_000305,MG1902586586457252,Adams Bank,2016-01-08
ACC_000306,MG9481638257276702,Rivera Bank,2023-03-22
ACC_000307,MG9829043302183954,Jacobson Bank,2022-09-27
ACC_000308,MG5004439849243055,Padilla Bank,2015-06-12
ACC_000309,MG3915111364473595,Dunn Bank,2015-01-13
ACC_000310,MG9802411712091819,Ruiz Bank,2020-01-15
ACC_000311,MG4812896084955445,Kelley Bank,2015-02-02
ACC_000312,MG5521716942678445,Wagner Bank,2024-10-06
ACC_000313,MG4509005219853480,Chavez Bank,2023-12-25
ACC_000314,MG5776509619542107,Palmer Bank,2024-07-29
ACC_000315,MG7073314771652827,Cooper Bank,2016-11-26
ACC_000316,MG3371278853703859,Brown Bank,2020-04-26
ACC_000317,MG9100821503293142,Brooks Bank,2017-03-31
ACC_000318,MG2176766320386867,West Bank,2018-02-11
ACC_000319,MG2465708961184322,Good Bank,2016-03-04
ACC_000320,MG5799248288485373,Ford Bank,2020-06-14
ACC_000321,MG2601212394665300,Ball Bank,2019-09-20
ACC_000322,MG3465155517454407,Stephenson Bank,2017-07-10
ACC_000323,MG1295289995479558,Smith Bank,2018-09-13
ACC_000324,MG2736475628441339,Harris Bank,2017-12-07
ACC_000325,MG7809844846749537,Fernandez Bank,2021-04-18
ACC_000326,MG8598451218242000,Boyd Bank,2020-01-11
ACC_000327,MG4909143234027662,Gutierrez Bank,2024-05-27
ACC_000328,MG7901880112964777,Hill Bank,2022-07-02
ACC_000329,MG1307614698354342,Warren Bank,2021-11-21
ACC_000330,MG1382121575452884,Butler Bank,2021-12-03
ACC_000331,MG3950269486245874,Hardy Bank,2019-06-22
ACC_000332,MG5522608444016313,Lee Bank,2015-07-19
ACC_000333,MG3316350817496314,Adams Bank,2019-05-22
ACC_000334,MG9727944209479089,Smith Bank,2015-01-30
ACC_000335,MG9708337233977248,Giles Bank,2023-03-29
ACC_000336,MG8543228993472737,Hayden Bank,2016-09-28
ACC_000337,MG6074761631241825,Campbell Bank,2016-03-17
ACC_000338,MG7489364992000528,Owens Bank,2017-09-24
ACC_000339,MG6380704298855832,Wong Bank,2015-08-14
ACC_000340,MG9052557235432585,Ward Bank,2017-09-19
ACC_000341,MG5098169092991385,Riley Bank,2025-07-01
ACC_000342,MG8852785742336483,Butler Bank,2017-09-13
ACC_000343,MG9301218746914028,Hernandez Bank,2020-01-24
ACC_000344,MG4745455120605617,Jackson Bank,2018-03-26
ACC_000345,MG9085378455454370,Cortez Bank,2016-12-29
ACC_000346,MG6899134534480011,Bryant Bank,2019-09-06
ACC_000347,MG9548662419242769,Brown Bank,2015-12-27
ACC_000348,MG1545676679704646,Craig Bank,2019-12-04
ACC_000349,MG3290943831645539,Drake Bank,2018-11-15
ACC_000350,MG7946744867595331,Chung Bank,2015-03-06
ACC_000351,MG6287675433002564,Stevens Bank,2018-12-23
ACC_000352,MG9880407212033798,Brown Bank,2022-05-02
ACC_000353,MG5125386620453612,Smith Bank,2015-03-14
ACC_000354,MG6058082572415810,Jackson Bank,2015-12-22
ACC_000355,MG7791132658956680,Lam Bank,2021-03-15
ACC_000356,MG8821484076493024,Elliott Bank,2023-11-05
ACC_000357,MG4051212633278438,Knight Bank,2022-05-25
ACC_000358,MG2839235906904749,Atkinson Bank,2022-05-22
ACC_000359,MG7373660380832056,Ayala Bank,2021-02-28
ACC_000360,MG9539863814342128,Willis Bank,2022-08-29
ACC_000361,MG7808527429545793,James Bank,2017-03-19
ACC_000362,MG5374407246047857,Barton Bank,2019-12-14
ACC_000363,MG1708689608946254,Juarez Bank,2019-02-12
ACC_000364,MG2626355761901285,Garcia Bank,2019-01-15
ACC_000365,MG4169084265329803,Miller Bank,2016-07-21
ACC_000366,MG1722495883636334,Gutierrez Bank,2019-03-27
ACC_000367,MG6223944674825602,Adams Bank,2016-08-18
ACC_000368,MG8440861239054523,Thomas Bank,2018-12-15
ACC_000369,MG2532871793006460,Wheeler Bank,2022-04-28
ACC_000370,MG7550928027986696,Gonzalez Bank,2015-09-23
ACC_000371,MG1506599316837921,Ochoa Bank,2020-09-17
ACC_000372,MG2351166010743313,Neal Bank,2025-05-21
ACC_000373,MG8476335448713382,Henry Bank,2024-12-03
ACC_000374,MG5298838926156736,Johnston Bank,2015-07-18
ACC_000375,MG5160051371293013,White Bank,2020-06-22
ACC_000376,MG3942085166892904,Saunders Bank,2022-04-24
ACC_000377,MG8628998211981758,Taylor Bank,2022-04-14
ACC_000378,MG3137821048470330,Turner Bank,2019-08-02
ACC_000379,MG6329195424133001,Moore Bank,2015-10-03
ACC_000380,MG2115333034781634,Herrera Bank,2019-02-08
ACC_000381,MG3676707631842219,Garcia Bank,2020-11-01
ACC_000382,MG3968068415963522,Walker Bank,2020-08-10
ACC_000383,MG5748727245440339,Perry Bank,2017-06-26
ACC_000384,MG1606368746197056,Nixon Bank,2023-12-07
ACC_000385,MG1617587713979730,Alvarez Bank,2022-08-15
ACC_000386,MG7226623551570875,Kim Bank,2023-11-19
ACC_000387,MG7816144894659267,Horton Bank,2021-08-19
ACC_000388,MG6979103815908284,Simmons Bank,2019-05-02
ACC_000389,MG7805087287687669,Murray Bank,2019-08-04
ACC_000390,MG9979006531047722,Salinas Bank,2020-03-26
ACC_000391,MG6266722161744664,Harris Bank,2021-02-13
ACC_000392,MG6916005655915362,Goodwin Bank,2021-07-11
ACC_000393,MG6773924830067708,Stokes Bank,2022-07-25
ACC_000394,MG8856884938615363,Huffman Bank,2020-10-28
ACC_000395,MG4047322988897326,Powers Bank,2021-03-17
ACC_000396,MG5016250190451784,Edwards Bank,2023-10-17
ACC_000397,MG7509882978704408,Allen Bank,2024-01-27
ACC_000398,MG9497292823686471,Medina Bank,2019-01-03
ACC_000399,MG1997386927288337,Glenn Bank,2023-06-06
ACC_000400,MG6477937773641053,Crane Bank,2024-06-18
ACC_000401,MG4619242674131985,Washington Bank,2025-01-26
ACC_000402,MG5487400345529138,Miller Bank,2017-01-28
ACC_000403,MG5791737877415824,Cannon Bank,2024-11-02
ACC_000404,MG6780856705043815,Dunn Bank,2024-03-30
ACC_000405,MG3040287867232396,Alexander Bank,2016-07-13
ACC_000406,MG5937526533899867,Robinson Bank,2025-06-12
ACC_000407,MG9122409706806267,Bell Bank,2024-08-04
ACC_000408,MG8461788250023125,Page Bank,2017-09-04
ACC_000409,MG6581319917189927,Chen Bank,2021-08-17
ACC_000410,MG1111574925242163,Jackson Bank,2023-06-22
ACC_000411,MG5564711073843360,Werner Bank,2020-05-08
ACC_000412,MG4932903594803066,Carter Bank,2020-06-15
ACC_000413,MG5889782586123612,Wright Bank,2018-02-01
ACC_000414,MG5493522312767331,Bridges Bank,2016-02-23
ACC_000415,MG9550015935167870,Long Bank,2021-10-04
ACC_000416,MG7104795475615374,Brady Bank,2016-03-18
ACC_000417,MG9959997696271986,Summers Bank,2021-11-16
ACC_000418,MG1142229152469666,Simpson Bank,2021-11-30
ACC_000419,MG9335639766473769,Mathews Bank,2016-04-13
ACC_000420,MG1234156631964130,Alexander Bank,2018-01-05
ACC_000421,MG1690663839037275,Smith Bank,2023-10-12
ACC_000422,MG7908949294288673,Harris Bank,2021-09-09
ACC_000423,MG6873105265903736,Barker Bank,2024-05-18
ACC_000424,MG9555983573225370,Mckee Bank,2019-08-01
ACC_000425,MG7006571992889176,Martin Bank,2019-04-26
ACC_000426,MG6994470693422336,Frazier Bank,2015-07-18
ACC_000427,MG8979810023150392,Smith Bank,2018-09-08
ACC_000428,MG8407608549115733,Ayala Bank,2024-08-05
ACC_000429,MG4802455755263369,Lewis Bank,2022-07-01
ACC_000430,MG4083421209852500,Goodman Bank,2020-11-19
ACC_000431,MG3596977062648569,Gillespie Bank,2022-01-11
ACC_000432,MG2883496128147558,Tran Bank,2019-11-16
ACC_000433,MG8934554991185768,Little Bank,2018-07-25
ACC_000434,MG8188748449855846,Jones Bank,2022-08-29
ACC_000435,MG6981217385745826,Oneal Bank,2016-10-13
ACC_000436,MG4549833366153352,Best Bank,2019-04-18
ACC_000437,MG1953481212918654,Townsend Bank,2020-12-08
ACC_000438,MG9056477059963656,Fuller Bank,2021-05-18
ACC_000439,MG6173386581161038,Mason Bank,2015-09-26
ACC_000440,MG5249300059185815,Willis Bank,2023-03-26
ACC_000441,MG7710831921140719,Hines Bank,2023-08-03
ACC_000442,MG7652550897340502,Brown Bank,2018-10-13
ACC_000443,MG7042631717557286,Wade Bank,2017-07-04
ACC_000444,MG2492794267510086,Watson Bank,2023-05-31
ACC_000445,MG1289344555905051,Brady Bank,2023-08-10
ACC_000446,MG4539716953293771,Marks Bank,2024-10-29
ACC_000447,MG3069532160367692,Gibson Bank,2024-05-15
ACC_000448,MG2533523582427624,Ward Bank,2020-11-11
ACC_000449,MG3037577863702006,Smith Bank,2018-06-30
ACC_000450,MG2511441825389773,Cox Bank,2019-04-23
ACC_000451,MG7667337084722079,Mora Bank,2023-11-07
ACC_000452,MG2229969887009472,White Bank,2023-03-29
ACC_000453,MG5140337364128913,Miller Bank,2023-05-24
ACC_000454,MG5766627168635354,Watson Bank,2016-11-27
ACC_000455,MG8044852132504920,Tran Bank,2016-11-09
ACC_000456,MG2679958933258868,Smith Bank,2017-03-02
ACC_000457,MG5473232615957339,Gonzalez Bank,2025-05-24
ACC_000458,MG8827158661362688,Johnson Bank,2023-05-17
ACC_000459,MG7285856991209558,Weaver Bank,2020-07-08
ACC_000460,MG9503246547496345,Brown Bank,2015-10-05
ACC_000461,MG1439878391657881,Watson Bank,2017-04-21
ACC_000462,MG4192527890768953,Villegas Bank,2022-12-01
ACC_000463,MG6837371123233887,Miller Bank,2020-10-28
ACC_000464,MG2949700943852852,Rosales Bank,2018-09-09
ACC_000465,MG7658479846346540,Owens Bank,2017-05-08
ACC_000466,MG8619383946590351,Russell Bank,2025-05-18
ACC_000467,MG6216982473790534,Herrera Bank,2020-07-17
ACC_000468,MG2071217349839517,Terry Bank,2021-04-04
ACC_000469,MG3202885392004991,Williams Bank,2021-09-20
ACC_000470,MG1359518190558638,Wright Bank,2022-04-13
ACC_000471,MG7112308315950041,Jones Bank,2021-05-27
ACC_000472,MG9602744807700327,Osborn Bank,2015-07-27
ACC_000473,MG9826817211175168,Gonzalez Bank,2024-10-02
ACC_000474,MG8437694949754381,Thompson Bank,2019-11-10
ACC_000475,MG7154602159006688,Lewis Bank,2018-09-16
ACC_000476,MG4944145213788162,Mendoza Bank,2019-07-19
ACC_000477,MG3208206384402640,Miller Bank,2022-12-18
ACC_000478,MG8335403410672844,Shaw Bank,2019-07-13
ACC_000479,MG4729845439973267,Key Bank,2022-03-08
ACC_000480,MG3859501013283643,Dickson Bank,2020-07-07
ACC_000481,MG1938251946520011,Garcia Bank,2019-05-11
ACC_000482,MG1182350153837252,Watkins Bank,2019-10-22
ACC_000483,MG3245933583448483,Drake Bank,2024-09-06
ACC_000484,MG2951147311583002,Wolfe Bank,2016-03-30
ACC_000485,MG5947060593364693,Thompson Bank,2018-03-30
ACC_000486,MG9831488715939453,Peterson Bank,2016-07-16
ACC_000487,MG6607643532058319,Yu Bank,2020-11-27
ACC_000488,MG4455566321294603,Brooks Bank,2019-05-31
ACC_000489,MG9381189956315162,Mcmahon Bank,2018-03-24
ACC_000490,MG6110302468189089,Steele Bank,2021-06-07
ACC_000491,MG1310238935494865,Lamb Bank,2023-12-21
ACC_000492,MG6308109854702730,Flores Bank,2017-09-06
ACC_000493,MG6293317133026631,Fields Bank,2022-03-08
ACC_000494,MG4286662327189605,Mccarty Bank,2018-08-06
ACC_000495,MG1772975884938155,Costa Bank,2018-05-18
ACC_000496,MG3201644194831258,Wilkerson Bank,2021-11-22
ACC_000497,MG9879633257724679,Snyder Bank,2015-02-12
ACC_000498,MG9619240672138808,Jones Bank,2021-10-27
ACC_000499,MG1106281793611041,Reynolds Bank,2016-08-25
ACC_000500,MG3231522924947963,Valdez Bank,2022-02-24
ACC_000501,MG8175359730450046,Lawson Bank,2024-08-06
ACC_000502,MG6164607718221377,Armstrong Bank,2017-12-23
ACC_000503,MG2649863456825863,Larsen Bank,2017-09-06
ACC_000504,MG6857310385396312,Hernandez Bank,2019-12-05
ACC_000505,MG8875899073553253,Sanders Bank,2016-10-30
ACC_000506,MG3503954365492507,Burns Bank,2021-06-11
ACC_000507,MG1895586785789114,Guerrero Bank,2022-07-16
ACC_000508,MG8396926486946760,Baker Bank,2023-04-21
ACC_000509,MG3785891573238646,Marshall Bank,2024-08-05
ACC_000510,MG8462990270828072,Avila Bank,2016-01-12
ACC_000511,MG6346863882560690,Perez Bank,2019-11-28
ACC_000512,MG7711075005942697,Brown Bank,2017-07-28
ACC_000513,MG3636423158534535,Byrd Bank,2018-05-02
ACC_000514,MG3112050389154347,Osborn Bank,2018-06-04
ACC_000515,MG4539251209606000,Burton Bank,2018-09-06
ACC_000516,MG6421752659380694,Mills Bank,2024-01-10
ACC_000517,MG4401898058775104,Barnes Bank,2019-12-05
ACC_000518,MG1580116892094179,Perry Bank,2023-04-18
ACC_000519,MG6719871636757704,Beard Bank,2024-06-05
ACC_000520,MG3238071958325559,Williams Bank,2017-03-03
ACC_000521,MG1877902360956844,Preston Bank,2024-04-22
ACC_000522,MG3429094095607078,Cohen Bank,2017-06-02
ACC_000523,MG7584643138872100,Malone Bank,2016-11-28
ACC_000524,MG5036124360419721,Camacho Bank,2018-04-29
ACC_000525,MG6498628105750287,Johnson Bank,2015-12-02
ACC_000526,MG3405697019295372,Lee Bank,2021-05-23
ACC_000527,MG2997570263023604,Whitaker Bank,2017-05-12
ACC_000528,MG9271784151717001,Leblanc Bank,2020-09-28
ACC_000529,MG8873408388466486,Maldonado Bank,2016-10-12
ACC_000530,MG8652361466223816,Allen Bank,2024-08-14
ACC_000531,MG2529465322249606,Nash Bank,2017-09-15
ACC_000532,MG9578833970577836,Chan Bank,2017-04-29
ACC_000533,MG2680229064531388,Buck Bank,2015-04-01
ACC_000534,MG7059954766617594,Woodard Bank,2016-09-03
ACC_000535,MG2737067825428897,Rodriguez Bank,2017-11-21
ACC_000536,MG2159896642034276,Brown Bank,2020-09-08
ACC_000537,MG7849194156833468,Taylor Bank,2020-12-30
ACC_000538,MG8443072131471994,Cooley Bank,2015-09-02
ACC_000539,MG4184727753910006,White Bank,2023-06-23
ACC_000540,MG9840076277262263,Savage Bank,2018-04-11
ACC_000541,MG9679303074973598,Fisher Bank,2024-11-28
ACC_000542,MG6437207846953640,James Bank,2015-10-21
ACC_000543,MG9879319682641819,Evans Bank,2021-11-30
ACC_000544,MG1039272593632439,Miller Bank,2018-10-30
ACC_000545,MG5565107598047384,Cook Bank,2021-07-24
ACC_000546,MG3315976184754849,Hatfield Bank,2024-11-02
ACC_000547,MG2289689553272419,Hamilton Bank,2021-01-16
ACC_000548,MG2755265208803446,Jordan Bank,2018-01-10
ACC_000549,MG1241701992337851,Patterson Bank,2017-07-28
ACC_000550,MG7853569730379070,Cooper Bank,2024-10-13
ACC_000551,MG9304651862426505,Anderson Bank,2023-07-14
ACC_000552,MG1858181078645742,Barron Bank,2016-02-24
ACC_000553,MG1116940138046166,Clark Bank,2023-08-03
ACC_000554,MG3975404987268800,Johnson Bank,2017-12-12
ACC_000555,MG3468209816962926,Wagner Bank,2020-08-29
ACC_000556,MG5351604769033129,Huff Bank,2021-10-21
ACC_000557,MG9586974511630068,Harris Bank,2017-07-15
ACC_000558,MG6005966074517571,Wilson Bank,2016-03-16
ACC_000559,MG5400779638098470,Kelley Bank,2022-01-31
ACC_000560,MG8236010442367607,Lozano Bank,2015-05-24
ACC_000561,MG1645993837546919,Garcia Bank,2015-02-25
ACC_000562,MG6352862531275933,Rodgers Bank,2025-01-28
ACC_000563,MG6774943648269313,Davis Bank,2022-03-31
ACC_000564,MG7337070013191228,Chang Bank,2022-06-15
ACC_000565,MG3480715459750314,White Bank,2016-01-29
ACC_000566,MG2716544415904462,Morales Bank,2015-12-28
ACC_000567,MG7484132375703547,Carroll Bank,2022-08-26
ACC_000568,MG5424091906032991,Kim Bank,2021-01-29
ACC_000569,MG3872565745905966,Bush Bank,2019-09-07
ACC_000570,MG6396570095615821,Alvarado Bank,2018-05-14
ACC_000571,MG7637144006726339,Ramirez Bank,2024-02-11
ACC_000572,MG8621867828025212,Gates Bank,2021-05-06
ACC_000573,MG4658519833903992,West Bank,2015-12-21
ACC_000574,MG4162147149603376,Richmond Bank,2018-11-07
ACC_000575,MG5722007584992144,Walsh Bank,2020-11-28
ACC_000576,MG7046988271889426,Saunders Bank,2020-04-12
ACC_000577,MG8159726809816898,Greene Bank,2016-06-09
ACC_000578,MG7964647851871005,Moran Bank,2021-03-11
ACC_000579,MG4206857352912454,Chavez Bank,2020-12-06
ACC_000580,MG3832299222734198,Brooks Bank,2021-04-06
ACC_000581,MG3972860971978827,Rodriguez Bank,2021-02-26
ACC_000582,MG6826697405884626,Prince Bank,2022-04-15
ACC_000583,MG5565237692155443,Sherman Bank,2022-08-15
ACC_000584,MG1091164036073129,Williams Bank,2019-06-16
ACC_000585,MG9238572433806687,Schultz Bank,2020-07-11
ACC_000586,MG7167226888951480,Reynolds Bank,2025-02-19
ACC_000587,MG9500766992673632,Richards Bank,2020-10-06
ACC_000588,MG9342373263036999,Gordon Bank,2023-12-09
ACC_000589,MG9164776360029512,Hunt Bank,2020-06-30
ACC_000590,MG8901917928934339,Cameron Bank,2023-07-28
ACC_000591,MG5600556662506507,Morris Bank,2016-05-28
ACC_000592,MG1489437767501360,Wilson Bank,2019-12-20
ACC_000593,MG3088724146028091,Bell Bank,2018-02-22
ACC_000594,MG4623517285331045,Santiago Bank,2018-08-19
ACC_000595,MG5757961767067993,Gonzalez Bank,2016-08-14
ACC_000596,MG3231115208480646,Garcia Bank,2022-11-06
ACC_000597,MG6057468312410599,Parrish Bank,2015-10-19
ACC_000598,MG4279254188280501,Frye Bank,2016-01-26
ACC_000599,MG1008932176455660,Gonzalez Bank,2020-11-14
ACC_000600,MG1315816893305273,Hardy Bank,2016-09-01
ACC_000601,MG8040555311532034,Lee Bank,2025-05-27
ACC_000602,MG3593793710805078,Owens Bank,2015-01-26
ACC_000603,MG7761913982121719,Pineda Bank,2015-12-19
ACC_000604,MG4685521031779498,Zimmerman Bank,2020-10-19
ACC_000605,MG5974044081376727,Fox Bank,2022-03-27
ACC_000606,MG8440434276419679,Krueger Bank,2019-07-17
ACC_000607,MG7299829196400351,Rivera Bank,2020-11-29
ACC_000608,MG7747564156491231,Carter Bank,2017-04-18
ACC_000609,MG7715202001563785,Clements Bank,2022-02-06
ACC_000610,MG2162226985283829,Fernandez Bank,2020-12-31
ACC_000611,MG7453512697964901,Campbell Bank,2023-07-28
ACC_000612,MG7824695891172733,Pruitt Bank,2018-07-27
ACC_000613,MG6103984289399130,Huber Bank,2022-07-17
ACC_000614,MG5469029353392544,Medina Bank,2019-07-05
ACC_000615,MG7132354454487176,Smith Bank,2023-07-04
ACC_000616,MG6484864316472706,Johnson Bank,2023-11-30
ACC_000617,MG5890162756813819,Love Bank,2016-10-22
ACC_000618,MG7888388701548944,Johnson Bank,2020-07-17
ACC_000619,MG8538555635699383,Sullivan Bank,2016-08-11
ACC_000620,MG5359458332813058,Stewart Bank,2020-02-02
ACC_000621,MG1148421330798850,Price Bank,2015-07-06
ACC_000622,MG3732243864349483,Rodriguez Bank,2018-08-02
ACC_000623,MG5896882823340797,Buchanan Bank,2024-05-01
ACC_000624,MG8667685320414316,Myers Bank,2016-03-14
ACC_000625,MG9332579609897054,Medina Bank,2020-05-15
ACC_000626,MG5628873998032150,Arroyo Bank,2021-07-16
ACC_000627,MG7399624185798870,Torres Bank,2021-05-06
ACC_000628,MG8534813944038375,Randolph Bank,2017-05-10
ACC_000629,MG7857533607077575,Gamble Bank,2018-03-22
ACC_000630,MG2264051425501204,Murray Bank,2017-06-12
ACC_000631,MG7891651967635546,Young Bank,2015-10-10
ACC_000632,MG8014217903072248,Stewart Bank,2019-01-29
ACC_000633,MG8234944662779860,Patterson Bank,2018-01-27
ACC_000634,MG8945627531195834,Ford Bank,2018-04-07
ACC_000635,MG4944846784730390,Howard Bank,2024-12-27
ACC_000636,MG3581519992121370,Torres Bank,2017-10-11
ACC_000637,MG2790610404338756,Mcclain Bank,2017-08-03
ACC_000638,MG4289529683992216,Lutz Bank,2018-09-14
ACC_000639,MG3885256562049155,Kennedy Bank,2016-09-04
ACC_000640,MG8966465889704569,Shaw Bank,2020-11-20
ACC_000641,MG7051956149951111,Bates Bank,2024-08-08
ACC_000642,MG8399145465136960,Thomas Bank,2015-08-26
ACC_000643,MG1466246040758861,Gibson Bank,2022-01-20
ACC_000644,MG4150389001356809,Williams Bank,2022-12-08
ACC_000645,MG4504006050324849,Hooper Bank,2017-11-10
ACC_000646,MG2426770262075125,Solomon Bank,2015-11-15
ACC_000647,MG4753475950565331,Black Bank,2022-01-30
ACC_000648,MG1515616720500572,Gomez Bank,2024-03-26
ACC_000649,MG2157296582126829,Cox Bank,2025-03-07
ACC_000650,MG6182394445633151,Love Bank,2018-12-28
ACC_000651,MG6143642212107485,Martin Bank,2018-02-16
ACC_000652,MG1480011775366848,Whitaker Bank,2017-12-02
ACC_000653,MG7640714632243671,Johnson Bank,2015-01-06
ACC_000654,MG6536220309895793,Nielsen Bank,2024-12-31
ACC_000655,MG4432692055626122,Black Bank,2022-03-14
ACC_000656,MG1223000876454371,Norton Bank,2015-07-01
ACC_000657,MG4870239126809691,Hoover Bank,2022-10-30
ACC_000658,MG7030838567337134,Gray Bank,2018-06-24
ACC_000659,MG4951316010052872,Anderson Bank,2024-04-04
ACC_000660,MG8216216349903014,Bowers Bank,2022-09-01
ACC_000661,MG9412149050806691,Gordon Bank,2021-03-06
ACC_000662,MG3240286293316769,Patterson Bank,2025-02-05
ACC_000663,MG7386575588973210,Mays Bank,2016-01-22
ACC_000664,MG9426506435241990,Olson Bank,2022-12-12
ACC_000665,MG7522625966061628,Lopez Bank,2017-09-04
ACC_000666,MG1811232838344400,Ortiz Bank,2016-03-04
ACC_000667,MG3251539475245267,Rodriguez Bank,2022-07-12
ACC_000668,MG8887552756757913,Simmons Bank,2023-01-05
ACC_000669,MG3354894240696497,Hansen Bank,2018-08-11
ACC_000670,MG3503320709229739,Webb Bank,2015-02-18
ACC_000671,MG8110267922475242,Owen Bank,2015-08-13
ACC_000672,MG5612976212869949,Mendez Bank,2017-05-03
ACC_000673,MG6958446441684062,Cohen Bank,2018-07-16
ACC_000674,MG7340124592300752,Lynch Bank,2021-06-29
ACC_000675,MG7822189748352762,Ramsey Bank,2015-10-28
ACC_000676,MG9656497064731308,Arias Bank,2021-12-08
ACC_000677,MG4141038029999055,Galvan Bank,2016-05-05
ACC_000678,MG7283301770357709,Holmes Bank,2015-02-21
ACC_000679,MG4737532723649123,Bowers Bank,2023-03-05
ACC_000680,MG3461416446170399,Dixon Bank,2016-05-19
ACC_000681,MG6666268748253362,Chan Bank,2021-12-29
ACC_000682,MG9421152754582381,Gomez Bank,2017-09-07
ACC_000683,MG4850324284266474,Hill Bank,2019-02-05
ACC_000684,MG7506405988227290,Phillips Bank,2018-11-10
ACC_000685,MG3436669455974982,Arroyo Bank,2020-09-21
ACC_000686,MG3612783310369033,Olson Bank,2015-10-30
ACC_000687,MG7170330091941193,Scott Bank,2019-08-14
ACC_000688,MG9631916542625813,Goodman Bank,2024-05-03
ACC_000689,MG7590872039638162,Peterson Bank,2020-05-03
ACC_000690,MG6434781048445095,Lee Bank,2017-10-06
ACC_000691,MG8238626792890185,Mclaughlin Bank,2017-04-23
ACC_000692,MG9543275326952456,Maxwell Bank,2020-10-28
ACC_000693,MG6074253082159541,Wilson Bank,2018-05-28
ACC_000694,MG3316488181251532,Miller Bank,2016-09-26
ACC_000695,MG4710796541715112,Moon Bank,2025-06-28
ACC_000696,MG1017367370860055,Ramirez Bank,2016-08-19
ACC_000697,MG1353874447299433,Long Bank,2025-03-25
ACC_000698,MG5708511646699415,Nguyen Bank,2020-06-01
ACC_000699,MG9321572606348957,Salazar Bank,2024-12-21
ACC_000700,MG7343861211749069,Ramirez Bank,2023-07-05
ACC_000701,MG5773105158497666,White Bank,2016-02-06
ACC_000702,MG7016448612919154,Anderson Bank,2018-12-06
ACC_000703,MG4477365426381975,Smith Bank,2020-10-16
ACC_000704,MG3744202107564245,Fisher Bank,2019-02-27
ACC_000705,MG9306490778561571,Garcia Bank,2015-09-08
ACC_000706,MG6040517286126074,Martin Bank,2017-03-06
ACC_000707,MG5829535841765070,Lewis Bank,2022-11-05
ACC_000708,MG3371946964092915,Frazier Bank,2020-03-21
ACC_000709,MG4084193623400482,Jacobs Bank,2018-01-17
ACC_000710,MG2600330176409885,Welch Bank,2021-05-21
ACC_000711,MG9499322972419964,Delgado Bank,2025-01-25
ACC_000712,MG7434252003384260,Page Bank,2016-03-04
ACC_000713,MG2167552962144150,Miller Bank,2018-04-25
ACC_000714,MG7253184801238847,Jackson Bank,2025-05-25
ACC_000715,MG9584649009551310,Moore Bank,2016-07-03
ACC_000716,MG2254576448088899,Mcdonald Bank,2022-03-20
ACC_000717,MG2981179722097854,Perez Bank,2015-10-03
ACC_000718,MG3139429378338795,Charles Bank,2017-07-18
ACC_000719,MG8666810701718898,Lopez Bank,2018-10-01
ACC_000720,MG3374074379581900,Patel Bank,2025-06-15
ACC_000721,MG7491431313314970,Lopez Bank,2015-12-03
ACC_000722,MG2995274335391409,Jones Bank,2025-04-17
ACC_000723,MG3833906304497527,Taylor Bank,2017-01-11
ACC_000724,MG5597894343432961,Hernandez Bank,2024-07-03
ACC_000725,MG4195540637155221,Booker Bank,2023-02-08
ACC_000726,MG4981506345108510,Peterson Bank,2023-08-17
ACC_000727,MG4300517556261709,Lee Bank,2015-11-15
ACC_000728,MG3637339069895367,Kennedy Bank,2018-04-06
ACC_000729,MG4556038268857439,Maldonado Bank,2025-01-04
ACC_000730,MG8200702622723749,Collins Bank,2020-02-07
ACC_000731,MG7256933407540167,Nguyen Bank,2017-12-14
ACC_000732,MG9190807067171789,Jackson Bank,2024-04-06
ACC_000733,MG6842881239237283,Porter Bank,2019-04-09
ACC_000734,MG6165857873372398,Parks Bank,2015-08-13
ACC_000735,MG5056240994806479,Morgan Bank,2016-08-22
ACC_000736,MG6553206191445047,Trujillo Bank,2016-08-09
ACC_000737,MG2603207293675626,Gonzales Bank,2015-10-08
ACC_000738,MG1908560793683021,Lee Bank,2022-10-30
ACC_000739,MG9146734805921163,Oconnor Bank,2022-03-18
ACC_000740,MG3655361264468843,Hill Bank,2021-03-09
ACC_000741,MG9237938749209654,Gross Bank,2022-08-23
ACC_000742,MG6305556973631211,Lee Bank,2018-09-20
ACC_000743,MG3861860541548612,Vega Bank,2024-01-31
ACC_000744,MG5351949841876688,Cannon Bank,2022-05-14
ACC_000745,MG8185889717201209,Conley Bank,2020-01-13
ACC_000746,MG9177559952635107,Anderson Bank,2021-09-12
ACC_000747,MG6641346125172725,Russo Bank,2022-09-04
ACC_000748,MG7383466100280233,Scott Bank,2016-10-22
ACC_000749,MG4514364907916689,Diaz Bank,2023-05-10
ACC_000750,MG4915789757639589,Jones Bank,2015-10-24
ACC_000751,MG1639786572505731,Bauer Bank,2024-07-13
ACC_000752,MG5058322725843950,Brown Bank,2017-06-03
ACC_000753,MG4637390820519484,Fox Bank,2015-03-16
ACC_000754,MG5828378406024611,Wright Bank,2021-09-17
ACC_000755,MG9658129274369739,Garrett Bank,2019-10-29
ACC_000756,MG6885884797760052,Garcia Bank,2022-02-18
ACC_000757,MG7531752112473223,Sparks Bank,2024-06-08
ACC_000758,MG1626499016187450,Allen Bank,2024-12-13
ACC_000759,MG8961490023852523,Mitchell Bank,2016-03-26
ACC_000760,MG2575044660608544,Smith Bank,2024-05-25
ACC_000761,MG2845455386708650,Taylor Bank,2016-01-28
ACC_000762,MG5039257453949958,Baker Bank,2022-10-26
ACC_000763,MG7110870948234433,Thompson Bank,2016-12-12
ACC_000764,MG2375319376469866,Montoya Bank,2023-08-27
ACC_000765,MG9785807779222802,Dennis Bank,2022-03-31
ACC_000766,MG7590865799510335,Long Bank,2015-05-06
ACC_000767,MG8453105095037678,Larson Bank,2016-05-31
ACC_000768,MG5579138248961332,Wagner Bank,2020-01-01
ACC_000769,MG4062323907034050,Ross Bank,2017-12-11
ACC_000770,MG9605686735482712,Gonzalez Bank,2019-11-19
ACC_000771,MG3511088230727138,Gilbert Bank,2021-02-01
ACC_000772,MG8339524803329110,Lee Bank,2020-10-30
ACC_000773,MG7812427023483032,Cooper Bank,2023-04-30
ACC_000774,MG8710630159930983,Brooks Bank,2019-04-02
ACC_000775,MG3601929530750592,Todd Bank,2021-03-03
ACC_000776,MG9188141905035951,Ruiz Bank,2016-08-22
ACC_000777,MG2947503778146772,Rivera Bank,2021-01-28
ACC_000778,MG6442738419660317,Singh Bank,2025-06-10
ACC_000779,MG6303589332981652,Payne Bank,2025-06-22
ACC_000780,MG7192555597911431,Christensen Bank,2020-08-06
ACC_000781,MG4098320084301868,Landry Bank,2023-02-09
ACC_000782,MG8090739568304830,James Bank,2024-10-24
ACC_000783,MG8682707729326233,Bray Bank,2022-12-06
ACC_000784,MG1529209520411478,Smith Bank,2020-10-13
ACC_000785,MG7673021259289418,Wright Bank,2018-12-17
ACC_000786,MG9283261251653242,Moreno Bank,2023-10-27
ACC_000787,MG1224529468359856,Hughes Bank,2023-05-11
ACC_000788,MG7894300659403717,Reyes Bank,2024-12-20
ACC_000789,MG8894578297410248,Yu Bank,2022-08-23
ACC_000790,MG9569806528680207,Clark Bank,2022-04-06
ACC_000791,MG9809277890023370,Stout Bank,2025-06-10
ACC_000792,MG2063177652511665,Carrillo Bank,2022-10-26
ACC_000793,MG2490697729111108,Flores Bank,2024-11-14
ACC_000794,MG3025688731971317,Hall Bank,2018-05-12
ACC_000795,MG5244425012486332,Hall Bank,2016-02-10
ACC_000796,MG9237494849739838,Mcdaniel Bank,2023-11-04
ACC_000797,MG6880556795566667,Ortiz Bank,2015-07-07
ACC_000798,MG4951878051721384,Novak Bank,2018-10-10
ACC_000799,MG2623078885374479,Schaefer Bank,2019-08-22
ACC_000800,MG6359899408451161,Holloway Bank,2019-12-02
ACC_000801,MG9272998894321451,Cortez Bank,2019-12-27
ACC_000802,MG8875209868965586,Long Bank,2018-12-11
ACC_000803,MG5812450456804389,Terrell Bank,2024-11-08
ACC_000804,MG6329864347164531,Mitchell Bank,2017-05-26
ACC_000805,MG9117592211636147,Mason Bank,2023-05-29
ACC_000806,MG1367829907945069,Mosley Bank,2018-03-03
ACC_000807,MG3832190769602729,Huang Bank,2016-08-11
ACC_000808,MG1182328840159715,Hunt Bank,2016-05-17
ACC_000809,MG9762976658560046,Herring Bank,2023-11-04
ACC_000810,MG8420523109226865,Parker Bank,2022-08-31
ACC_000811,MG4732788017457773,Cross Bank,2019-06-03
ACC_000812,MG9927057868566385,Franklin Bank,2024-05-27
ACC_000813,MG5826877995003656,Wilkins Bank,2024-06-09
ACC_000814,MG8456472534411239,Clark Bank,2017-07-01
ACC_000815,MG7982477231637148,Chaney Bank,2017-12-10
ACC_000816,MG2008893091837799,Martin Bank,2023-01-13
ACC_000817,MG5310265670290045,Gray Bank,2018-10-03
ACC_000818,MG5143560283837211,Gutierrez Bank,2015-01-31
ACC_000819,MG4577266753215833,Clark Bank,2016-05-16
ACC_000820,MG2098134386765544,Andersen Bank,2021-03-17
ACC_000821,MG3702877022107141,Mitchell Bank,2016-03-14
ACC_000822,MG7960413593246356,Krause Bank,2024-09-26
ACC_000823,MG3854085956876244,Walsh Bank,2023-02-03
ACC_000824,MG6885758320452382,Smith Bank,2024-01-01
ACC_000825,MG5528429658505179,Harris Bank,2020-01-21
ACC_000826,MG1266686973787520,Collier Bank,2019-05-06
ACC_000827,MG5441243574757461,Lee Bank,2025-05-23
ACC_000828,MG7149489530661471,Brown Bank,2017-06-20
ACC_000829,MG9911310526501868,Morgan Bank,2022-05-22
ACC_000830,MG3183628316730605,Brooks Bank,2015-02-06
ACC_000831,MG3730986076526148,Edwards Bank,2021-01-17
ACC_000832,MG8887102024577654,Johnson Bank,2023-09-03
ACC_000833,MG4277752385552745,Gutierrez Bank,2016-09-16
ACC_000834,MG7101132265553628,Webb Bank,2021-12-16
ACC_000835,MG8648726934221225,Porter Bank,2023-04-20
ACC_000836,MG3119068153124928,Anderson Bank,2024-04-11
ACC_000837,MG2636339076313945,Cook Bank,2024-08-12
ACC_000838,MG4576385334393330,Small Bank,2018-06-25
ACC_000839,MG6607767317231990,Garcia Bank,2018-07-22
ACC_000840,MG1957425843798708,Wilson Bank,2016-02-09
ACC_000841,MG8777248091384789,Mullen Bank,2025-03-21
ACC_000842,MG3732806210843200,Castro Bank,2015-10-09
ACC_000843,MG5609677782699498,Jackson Bank,2019-09-09
ACC_000844,MG2938214507314640,Collins Bank,2021-10-20
ACC_000845,MG3385191752250577,White Bank,2017-01-18
ACC_000846,MG3456403540748191,Carlson Bank,2016-08-04
ACC_000847,MG2582647743529053,Gillespie Bank,2022-03-30
ACC_000848,MG9265565902512697,Rivera Bank,2017-01-07
ACC_000849,MG8830858506523948,Garcia Bank,2019-05-18
ACC_000850,MG8938764991859520,Roth Bank,2016-03-01
ACC_000851,MG4676650031222692,Kelley Bank,2021-01-30
ACC_000852,MG8298088771005641,Dickson Bank,2024-11-08
ACC_000853,MG3531213701868172,Ford Bank,2015-05-19
ACC_000854,MG1419050365559076,Newman Bank,2024-11-29
ACC_000855,MG7840646033891862,Brown Bank,2018-07-26
ACC_000856,MG9972184821490362,Robinson Bank,2022-09-27
ACC_000857,MG7543141671415339,Gonzalez Bank,2023-05-06
ACC_000858,MG4599561079607417,Maldonado Bank,2023-12-22
ACC_000859,MG4080835056228453,Faulkner Bank,2024-03-23
ACC_000860,MG2205001624376635,Smith Bank,2018-12-03
ACC_000861,MG3672448640359504,Castro Bank,2023-07-17
ACC_000862,MG6102362683265921,Thompson Bank,2024-06-18
ACC_000863,MG2744133514951714,Taylor Bank,2023-12-05
ACC_000864,MG1631440895366888,May Bank,2021-06-06
ACC_000865,MG4029463302089651,Perry Bank,2022-06-16
ACC_000866,MG3333563208173399,Bryant Bank,2023-06-12
ACC_000867,MG7713499203422333,Lane Bank,2022-12-08
ACC_000868,MG3573324539532484,Richardson Bank,2023-03-07
ACC_000869,MG1644285719367244,Carpenter Bank,2017-05-14
ACC_000870,MG4276975260177775,Barnett Bank,2020-07-24
ACC_000871,MG5514956578589347,Yates Bank,2024-01-22
ACC_000872,MG2929108932530047,Mitchell Bank,2020-10-04
ACC_000873,MG6796781716029764,Miller Bank,2022-06-13
ACC_000874,MG1737278957667950,York Bank,2022-11-29
ACC_000875,MG3870086669564383,Green Bank,2024-02-11
ACC_000876,MG7746366213867784,Haynes Bank,2018-09-05
ACC_000877,MG7160962819408669,Washington Bank,2016-06-08
ACC_000878,MG5312919381777540,Atkins Bank,2022-02-17
ACC_000879,MG7567137942348823,Campos Bank,2023-07-22
ACC_000880,MG4677406908645253,Wilson Bank,2022-08-31
ACC_000881,MG1143246727357399,Thomas Bank,2019-06-30
ACC_000882,MG3127361818680860,Berg Bank,2022-07-29
ACC_000883,MG4619521892316898,Richard Bank,2019-04-27
ACC_000884,MG2610323070908048,Bishop Bank,2025-03-23
ACC_000885,MG8081346625363111,Pearson Bank,2019-05-07
ACC_000886,MG1663262489245060,Kaiser Bank,2023-09-05
ACC_000887,MG1096783458400230,Edwards Bank,2023-08-06
ACC_000888,MG2404075130447588,Smith Bank,2016-04-16
ACC_000889,MG6903239157764925,Johnson Bank,2016-06-12
ACC_000890,MG2229439625016898,Harvey Bank,2022-11-07
ACC_000891,MG5167421260773226,Gallagher Bank,2024-12-20
ACC_000892,MG6959916354328316,Pratt Bank,2024-07-23
ACC_000893,MG6260239852403408,Contreras Bank,2022-04-22
ACC_000894,MG5673825166741227,Carrillo Bank,2018-01-24
ACC_000895,MG4062705792998754,Gonzalez Bank,2021-04-30
ACC_000896,MG8738650511789806,Long Bank,2016-05-04
ACC_000897,MG1981488758341882,Brewer Bank,2023-11-17
ACC_000898,MG3418436338125968,Duncan Bank,2022-02-17
ACC_000899,MG2618978182322750,Case Bank,2018-01-11
ACC_000900,MG8905445894682058,Henry Bank,2016-06-29
ACC_000901,MG4486536367879183,Turner Bank,2019-11-21
ACC_000902,MG4507040673845790,Thompson Bank,2019-04-14
ACC_000903,MG7449988334180759,Taylor Bank,2018-10-20
ACC_000904,MG7519240853585211,Smith Bank,2018-10-27
ACC_000905,MG6685015470219423,Morgan Bank,2020-07-15
ACC_000906,MG8725084048832761,Morgan Bank,2016-12-21
ACC_000907,MG6900347218197584,Thomas Bank,2021-11-25
ACC_000908,MG3050300359777457,Valdez Bank,2022-04-04
ACC_000909,MG3186872757665372,Brown Bank,2015-11-04
ACC_000910,MG4334046320781531,Nguyen Bank,2015-02-05
ACC_000911,MG3864254991565628,Daugherty Bank,2021-02-05
ACC_000912,MG5185917356176863,Jackson Bank,2019-04-29
ACC_000913,MG2874519949922247,Wood Bank,2023-01-24
ACC_000914,MG3764810202690818,Moore Bank,2017-02-04
ACC_000915,MG7333928269894447,Cole Bank,2023-12-23
ACC_000916,MG4198238833203986,Allen Bank,2021-12-12
ACC_000917,MG7901753682725318,Turner Bank,2021-12-17
ACC_000918,MG2499725287256270,Barnes Bank,2024-11-08
ACC_000919,MG2839291243742772,Brown Bank,2020-08-01
ACC_000920,MG7536058272865591,Rodriguez Bank,2022-12-05
ACC_000921,MG8912021061129745,Mitchell Bank,2023-10-27
ACC_000922,MG6665649142630937,Hamilton Bank,2018-05-24
ACC_000923,MG1417816402998600,Young Bank,2023-12-11
ACC_000924,MG5723156353000762,Wallace Bank,2018-03-30
ACC_000925,MG2783541066601920,Riley Bank,2021-06-16
ACC_000926,MG4581555096432472,Brown Bank,2018-04-27
ACC_000927,MG4795196993052330,Schwartz Bank,2020-02-19
ACC_000928,MG2082571436404840,Brown Bank,2020-11-12
ACC_000929,MG8351380607311910,Taylor Bank,2020-10-04
ACC_000930,MG3718461334742667,Boyd Bank,2016-09-10
ACC_000931,MG2304227411725059,Atkins Bank,2017-03-19
ACC_000932,MG5616590054601706,Robinson Bank,2024-09-05
ACC_000933,MG5551603184659199,Williams Bank,2021-04-10
ACC_000934,MG3009903293457464,Esparza Bank,2025-05-02
ACC_000935,MG1464215899640257,Steele Bank,2024-01-01
ACC_000936,MG4722428262635977,Russell Bank,2024-10-18
ACC_000937,MG4279213642016613,Hudson Bank,2016-03-24
ACC_000938,MG6000530731213167,Silva Bank,2025-06-12
ACC_000939,MG7204424083031332,Bray Bank,2024-06-16
ACC_000940,MG5054858249604935,Wolfe Bank,2023-09-01
ACC_000941,MG2482355264417778,Salazar Bank,2023-08-21
ACC_000942,MG5589900365606781,Johnston Bank,2018-01-09
ACC_000943,MG6413207816570315,Rodriguez Bank,2023-07-15
ACC_000944,MG1376753728661543,Wilson Bank,2020-10-20
ACC_000945,MG4955335899210031,Mendoza Bank,2016-04-19
ACC_000946,MG9250255702768147,Crosby Bank,2017-03-30
ACC_000947,MG5500325934438756,Watson Bank,2024-03-07
ACC_000948,MG1498528555437678,Chavez Bank,2017-06-17
ACC_000949,MG8514499713876520,Henson Bank,2018-06-24
ACC_000950,MG2955986219425130,Golden Bank,2019-12-23
ACC_000951,MG1564869501375426,Meyer Bank,2018-09-20
ACC_000952,MG3922769047967275,Burton Bank,2015-01-15
ACC_000953,MG6839622405942496,Hall Bank,2018-03-27
ACC_000954,MG1421713204004396,Arellano Bank,2023-10-16
ACC_000955,MG2569525460407436,Carrillo Bank,2024-05-11
ACC_000956,MG2729028018242901,Williams Bank,2015-07-05
ACC_000957,MG1488619789731213,Andrews Bank,2016-04-22
ACC_000958,MG7074343907295035,Martinez Bank,2016-04-14
ACC_000959,MG8923193938115336,Johnson Bank,2016-02-25
ACC_000960,MG4987467994225123,Velazquez Bank,2025-03-25
ACC_000961,MG2531119650540851,Montes Bank,2021-09-24
ACC_000962,MG9664244669552478,Parker Bank,2017-07-28
ACC_000963,MG9198872555480237,Morales Bank,2018-05-11
ACC_000964,MG5038583674746332,Randall Bank,2019-04-02
ACC_000965,MG1888883719422060,Davis Bank,2019-07-25
ACC_000966,MG8202235992479807,Miller Bank,2017-06-23
ACC_000967,MG4938507015895457,Wood Bank,2016-02-17
ACC_000968,MG6083455268464866,Watson Bank,2017-11-15
ACC_000969,MG1926451423426597,Coleman Bank,2017-02-11
ACC_000970,MG8396834166088303,Mosley Bank,2015-12-21
ACC_000971,MG4839714977990055,Jones Bank,2019-06-10
ACC_000972,MG2746000400436494,Choi Bank,2025-05-24
ACC_000973,MG9252609272756059,Williams Bank,2024-02-18
ACC_000974,MG5413585755336701,Mckenzie Bank,2019-12-23
ACC_000975,MG8877176282907783,Davenport Bank,2025-01-15
ACC_000976,MG7582545205974477,Watts Bank,2022-12-28
ACC_000977,MG3723969901432866,Sanchez Bank,2025-01-20
ACC_000978,MG9875451915600643,Wilson Bank,2016-11-20
ACC_000979,MG5035219815956128,Smith Bank,2018-06-27
ACC_000980,MG8763977131777819,Green Bank,2019-02-18
ACC_000981,MG7861616557342447,Perkins Bank,2022-01-06
ACC_000982,MG7533654156089378,Kelly Bank,2020-07-19
ACC_000983,MG1110311216785245,Roberts Bank,2018-07-10
ACC_000984,MG3258216360573082,Cohen Bank,2025-03-19
ACC_000985,MG3953291644313148,Mccall Bank,2019-04-10
ACC_000986,MG6420473698130135,Mclean Bank,2017-08-28
ACC_000987,MG7980430530039680,Perez Bank,2018-10-04
ACC_000988,MG7255570509234804,Martinez Bank,2022-07-25
ACC_000989,MG3683100626953240,Palmer Bank,2021-02-11
ACC_000990,MG1624748783044290,Brown Bank,2022-05-02
ACC_000991,MG7738637675941549,Wilson Bank,2022-08-06
ACC_000992,MG9354764197874113,Mcmahon Bank,2021-08-04
ACC_000993,MG4750024698662936,Rush Bank,2021-04-03
ACC_000994,MG8960483332940507,Webster Bank,2019-06-27
ACC_000995,MG6376023268402986,Rosario Bank,2015-04-26
ACC_000996,MG6851910467635379,White Bank,2020-06-21
ACC_000997,MG3300649695721808,Kelly Bank,2022-02-27
ACC_000998,MG2700511754159699,Ward Bank,2017-11-08
ACC_000999,MG8011933648609302,Roberts Bank,2017-07-01
ACC_001000,MG1773990744714575,Bowen Bank,2017-01-29
ACC_001001,MG4704798851989511,Wallace Bank,2019-07-22
ACC_001002,MG4457872028840435,Miller Bank,2022-09-23
ACC_001003,MG5974759396652227,Thomas Bank,2016-07-15
ACC_001004,MG7564154004569256,Morales Bank,2020-04-24
ACC_001005,MG7545777036646878,Massey Bank,2016-12-24
ACC_001006,MG5216905265276860,Hardy Bank,2018-07-05
ACC_001007,MG1054812517076141,Rodriguez Bank,2024-09-07
ACC_001008,MG6813905141827100,King Bank,2024-10-16
ACC_001009,MG4842386737897027,Davis Bank,2021-11-28
ACC_001010,MG7585055051210102,Jones Bank,2017-10-17
ACC_001011,MG8469879840863998,Walton Bank,2015-12-19
ACC_001012,MG7648834778931225,Farrell Bank,2017-12-19
ACC_001013,MG3434856658168744,Ramos Bank,2025-01-31
ACC_001014,MG8439838650912587,Johnson Bank,2019-03-26
ACC_001015,MG5773595854766534,Rodriguez Bank,2024-10-12
ACC_001016,MG2604214028359842,Leonard Bank,2015-03-13
ACC_001017,MG2727304376638096,Keller Bank,2021-10-13
ACC_001018,MG8287922611431591,Garza Bank,2016-07-04
ACC_001019,MG2272540852699894,Anderson Bank,2023-05-12
ACC_001020,MG5665425825492719,Richardson Bank,2022-01-19
ACC_001021,MG2886368034940989,Silva Bank,2016-05-06
ACC_001022,MG4295407310221779,Watts Bank,2015-04-28
ACC_001023,MG3813499610058172,Harrison Bank,2024-08-15
ACC_001024,MG3134285768719828,Johnson Bank,2021-12-18
ACC_001025,MG2540844480190831,Mendez Bank,2021-09-02
ACC_001026,MG6323389066716360,Davis Bank,2023-04-03
ACC_001027,MG1910288919948428,Richard Bank,2021-12-28
ACC_001028,MG5212768433100338,Davis Bank,2020-08-22
ACC_001029,MG6131737348290442,Edwards Bank,2021-08-26
ACC_001030,MG9591110621855330,Harmon Bank,2017-01-30
ACC_001031,MG3680873583787952,Evans Bank,2017-04-19
ACC_001032,MG4324512011678175,Graham Bank,2021-05-15
ACC_001033,MG1009467753043493,Flores Bank,2015-12-20
ACC_001034,MG7038292244985653,Sullivan Bank,2021-07-12
ACC_001035,MG5093134815853448,Wilson Bank,2024-05-01
ACC_001036,MG1579140839574364,Lee Bank,2018-01-08
ACC_001037,MG2343442908171127,Taylor Bank,2017-09-20
ACC_001038,MG2746915231138999,Powers Bank,2016-08-21
ACC_001039,MG8913143970099798,Blackwell Bank,2015-08-27
ACC_001040,MG1168755280626512,Sanders Bank,2016-07-21
ACC_001041,MG8656215687533407,Mejia Bank,2022-08-03
ACC_001042,MG7284180465902710,Edwards Bank,2022-11-24
ACC_001043,MG4461076604178282,Collier Bank,2021-03-29
ACC_001044,MG4840568196192212,Ferguson Bank,2021-06-11
ACC_001045,MG8120198110235933,Lyons Bank,2017-11-26
ACC_001046,MG1084921548648855,Rodriguez Bank,2021-02-19
ACC_001047,MG1605736636020968,Everett Bank,2018-01-15
ACC_001048,MG9193711058484630,Vazquez Bank,2024-06-03
ACC_001049,MG7397989144565407,Browning Bank,2023-03-27
ACC_001050,MG6865347974077971,Long Bank,2018-01-05
ACC_001051,MG6644133777809106,Spence Bank,2024-02-25
ACC_001052,MG6774811110204693,Shepard Bank,2018-04-10
ACC_001053,MG4791462044963714,Gutierrez Bank,2022-08-13
ACC_001054,MG6064327477391525,Love Bank,2015-07-04
ACC_001055,MG4523037972281562,Mcdowell Bank,2016-04-22
ACC_001056,MG4911438557067490,White Bank,2015-11-08
ACC_001057,MG2644549133842982,Ramos Bank,2025-05-05
ACC_001058,MG5004107361701485,Davidson Bank,2024-04-10
ACC_001059,MG2199350299879278,Saunders Bank,2023-03-22
ACC_001060,MG4766776993329878,Banks Bank,2022-11-03
ACC_001061,MG1138569894645128,Anderson Bank,2018-01-21
ACC_001062,MG6536705844971656,Long Bank,2023-09-27
ACC_001063,MG8819646319198142,Bennett Bank,2022-03-10
ACC_001064,MG5942265191970217,Davenport Bank,2018-10-19
ACC_001065,MG4357132903699606,Williamson Bank,2024-01-24
ACC_001066,MG6256435198645286,Burke Bank,2016-10-26
ACC_001067,MG5910767866128002,Rubio Bank,2015-11-24
ACC_001068,MG5809770570176613,Jackson Bank,2016-02-09
ACC_001069,MG8700449145372504,Bradley Bank,2016-09-25
ACC_001070,MG1569552700618333,Atkins Bank,2016-01-08
ACC_001071,MG7950406628867124,Johnson Bank,2024-05-04
ACC_001072,MG9970810058298699,Henderson Bank,2016-05-11
ACC_001073,MG8934068798779439,Madden Bank,2023-05-28
ACC_001074,MG6854620619194782,Lambert Bank,2025-06-17
ACC_001075,MG9156818712995119,Anderson Bank,2018-05-21
ACC_001076,MG6514679410302943,Stewart Bank,2025-02-10
ACC_001077,MG7120547698870851,Juarez Bank,2020-04-27
ACC_001078,MG2648263112648022,Baker Bank,2015-09-17
ACC_001079,MG9585803640403755,Edwards Bank,2019-04-22
ACC_001080,MG2285826566867716,Stewart Bank,2021-05-26
ACC_001081,MG9386415835956553,Woodard Bank,2023-08-18
ACC_001082,MG4719632490575238,Simpson Bank,2019-12-08
ACC_001083,MG4225665632518859,Alexander Bank,2023-10-13
ACC_001084,MG1338002410783071,Alvarado Bank,2017-05-06
ACC_001085,MG5184998429531614,Rhodes Bank,2016-05-14
ACC_001086,MG3192117002250011,Clay Bank,2024-02-04
ACC_001087,MG7638095451009672,Johnson Bank,2023-07-11
ACC_001088,MG7947299223411759,Gibson Bank,2016-03-13
ACC_001089,MG7842477562177135,Manning Bank,2022-09-23
ACC_001090,MG5578847939972617,Payne Bank,2020-12-04
ACC_001091,MG1672238080298366,Valdez Bank,2021-10-06
ACC_001092,MG7448861746017485,Martinez Bank,2022-02-17
ACC_001093,MG5712644525902160,Henry Bank,2021-05-05
ACC_001094,MG2565888031626413,Alvarez Bank,2022-07-27
ACC_001095,MG4295953763202316,Hart Bank,2020-03-17
ACC_001096,MG6880278579427285,Holland Bank,2018-06-30
ACC_001097,MG5945209744059497,Miller Bank,2017-06-05
ACC_001098,MG8865924303461914,Mcdonald Bank,2016-01-05
ACC_001099,MG5160478242522538,Jones Bank,2016-02-09
ACC_001100,MG8772400628687387,King Bank,2016-01-19
ACC_001101,MG3261371956358194,Scott Bank,2015-04-01
ACC_001102,MG1390080493371375,Miller Bank,2021-07-17
ACC_001103,MG7609904471609476,Ramsey Bank,2021-10-13
ACC_001104,MG3604745202004235,Wilson Bank,2021-01-20
ACC_001105,MG3804023245545647,Nunez Bank,2017-12-13
ACC_001106,MG3011487589666967,Vaughn Bank,2020-03-11
ACC_001107,MG9638324496431893,Foster Bank,2023-03-31
ACC_001108,MG9698286166195453,Martinez Bank,2023-11-27
ACC_001109,MG5659658083667468,Smith Bank,2021-03-06
ACC_001110,MG8626155601772680,Rodriguez Bank,2020-07-23
ACC_001111,MG2245336236042431,Garrett Bank,2015-04-15
ACC_001112,MG8180420714439660,Tyler Bank,2023-08-28
ACC_001113,MG1943179202290556,Maynard Bank,2020-10-22
ACC_001114,MG5191762435435664,Simon Bank,2018-01-28
ACC_001115,MG8897076232776598,Orozco Bank,2017-08-16
ACC_001116,MG9932128387975122,Butler Bank,2015-06-26
ACC_001117,MG3230014729957251,Kennedy Bank,2023-12-20
ACC_001118,MG8524235832199541,Matthews Bank,2021-11-19
ACC_001119,MG7234673502401915,Cohen Bank,2021-08-02
ACC_001120,MG6868436348843800,Vasquez Bank,2018-11-13
ACC_001121,MG4123278633732312,Leon Bank,2017-07-05
ACC_001122,MG3779764794237348,Snyder Bank,2022-01-05
ACC_001123,MG1129913225011199,Young Bank,2015-11-02
ACC_001124,MG6587773368259740,Perez Bank,2018-01-03
ACC_001125,MG7801268584818270,Munoz Bank,2018-10-22
ACC_001126,MG2442452321647823,Garcia Bank,2018-08-15
ACC_001127,MG6993232305422438,Williams Bank,2024-07-08
ACC_001128,MG9550310168837211,Carter Bank,2018-12-20
ACC_001129,MG5349362338795753,Alexander Bank,2021-10-13
ACC_001130,MG8751136078166088,Wells Bank,2023-07-27
ACC_001131,MG8369594964481970,Mitchell Bank,2020-05-01
ACC_001132,MG2069721906132070,Jackson Bank,2019-10-13
ACC_001133,MG8715164614808933,Cox Bank,2019-01-22
ACC_001134,MG7329154572155253,Johnson Bank,2022-12-24
ACC_001135,MG1091238122266297,Thomas Bank,2016-10-16
ACC_001136,MG9039555877365838,Drake Bank,2025-04-12
ACC_001137,MG2196334458792992,Acevedo Bank,2021-10-04
ACC_001138,MG4317595579383410,Hernandez Bank,2016-10-28
ACC_001139,MG2980914154708952,Griffith Bank,2023-08-25
ACC_001140,MG5079874320802061,Edwards Bank,2019-06-22
ACC_001141,MG1050394949778166,Cooper Bank,2022-11-18
ACC_001142,MG5519195097711680,Medina Bank,2022-07-10
ACC_001143,MG6134346863239622,Hogan Bank,2016-05-29
ACC_001144,MG8273663290341321,Vargas Bank,2016-02-22
ACC_001145,MG6716018817774740,Allen Bank,2024-04-23
ACC_001146,MG3599209601342019,Doyle Bank,2021-03-14
ACC_001147,MG9267269041622180,Chavez Bank,2016-06-07
ACC_001148,MG1618101869942531,Trujillo Bank,2016-02-16
ACC_001149,MG2727048449128666,Zhang Bank,2023-12-28
ACC_001150,MG3173576070224287,Aguilar Bank,2023-12-06
ACC_001151,MG7563168809588542,Carson Bank,2018-08-29
ACC_001152,MG1597187302809416,Ward Bank,2015-07-15
ACC_001153,MG2256425072076242,Wood Bank,2021-09-14
ACC_001154,MG2163259800528576,Martinez Bank,2015-06-15
ACC_001155,MG6402893230419801,Dawson Bank,2018-11-11
ACC_001156,MG1763540286232999,Anderson Bank,2020-06-02
ACC_001157,MG1003752252127935,Wilson Bank,2024-01-24
ACC_001158,MG1503467865770050,Phelps Bank,2020-04-02
ACC_001159,MG3587466599169995,Tucker Bank,2016-03-23
ACC_001160,MG2648625432703087,Kelley Bank,2016-09-13
ACC_001161,MG2703757232805122,Jones Bank,2019-09-03
ACC_001162,MG2410376106570473,Williams Bank,2023-03-18
ACC_001163,MG8242377297230681,Hernandez Bank,2022-09-12
ACC_001164,MG7488659474440400,Luna Bank,2017-02-03
ACC_001165,MG3547292392563714,Davis Bank,2018-10-06
ACC_001166,MG7204031745291036,Ingram Bank,2015-01-23
ACC_001167,MG7286924025295405,Prince Bank,2018-08-18
ACC_001168,MG9828828469142327,Martinez Bank,2019-02-25
ACC_001169,MG4529846836127807,Mayer Bank,2019-06-17
ACC_001170,MG1330409688224047,Williams Bank,2025-03-22
ACC_001171,MG8302428563704882,Atkins Bank,2020-07-17
ACC_001172,MG8558088614705633,Weaver Bank,2017-04-07
ACC_001173,MG2753546540603705,Mitchell Bank,2016-06-05
ACC_001174,MG5553280120823779,Tate Bank,2019-06-07
ACC_001175,MG6029142253517512,Moore Bank,2020-03-26
ACC_001176,MG1290959792603494,Orozco Bank,2020-02-22
ACC_001177,MG2759439654506319,Russell Bank,2022-04-21
ACC_001178,MG4927230526893077,Washington Bank,2019-04-04
ACC_001179,MG5070216628733814,Fields Bank,2018-04-09
ACC_001180,MG4786730153393442,Hess Bank,2023-09-02
ACC_001181,MG8543503306984565,Woodward Bank,2022-01-08
ACC_001182,MG1820525819794772,Martin Bank,2017-09-07
ACC_001183,MG9671692276532588,Ferguson Bank,2024-11-04
ACC_001184,MG6546315624422451,Jones Bank,2017-07-03
ACC_001185,MG1996661262454227,Dougherty Bank,2021-11-01
ACC_001186,MG5339735106924722,Reid Bank,2022-06-29
ACC_001187,MG8964240968660336,Petty Bank,2017-07-29
ACC_001188,MG1336012775597425,Nelson Bank,2016-10-09
ACC_001189,MG2891486462430804,Gutierrez Bank,2022-08-20
ACC_001190,MG6907754112946602,Woodard Bank,2017-01-03
ACC_001191,MG5541987500624549,Thompson Bank,2020-11-20
ACC_001192,MG2185090768334418,Fletcher Bank,2025-05-28
ACC_001193,MG8164147528824354,Lee Bank,2018-04-27
ACC_001194,MG6799361753606381,Velasquez Bank,2023-06-13
ACC_001195,MG1799804477622158,Carroll Bank,2015-10-22
ACC_001196,MG2374243241497992,Daniel Bank,2024-12-30
ACC_001197,MG4406559368397672,Holmes Bank,2022-09-26
ACC_001198,MG1989122604835471,Simpson Bank,2024-02-01
ACC_001199,MG9618510933295679,Cook Bank,2017-10-25
ACC_001200,MG8857278224952613,Garrett Bank,2022-06-30
ACC_001201,MG9150333843184890,Johnson Bank,2015-12-23
ACC_001202,MG7952841212089572,Harvey Bank,2022-03-26
ACC_001203,MG9273423351952635,Duran Bank,2016-01-28
ACC_001204,MG4898715000723150,Garrett Bank,2023-01-05
ACC_001205,MG6754662912624402,Bishop Bank,2024-08-29
ACC_001206,MG2161440306084308,Reynolds Bank,2020-06-17
ACC_001207,MG8930487885633455,Jenkins Bank,2022-05-16
ACC_001208,MG7962537260884283,Smith Bank,2018-08-11
ACC_001209,MG1137451592149606,Wilson Bank,2017-12-23
ACC_001210,MG8139197389858770,Nelson Bank,2023-07-14
ACC_001211,MG9227001537356262,Morrison Bank,2016-08-02
ACC_001212,MG1278653712695631,George Bank,2018-12-25
ACC_001213,MG8628501039539695,Marquez Bank,2017-05-15
ACC_001214,MG3714504628131705,Washington Bank,2019-03-31
ACC_001215,MG2258252322935814,Levy Bank,2020-05-27
ACC_001216,MG5998833236723841,Allen Bank,2018-10-21
ACC_001217,MG1904167847577302,Pham Bank,2020-05-08
ACC_001218,MG4529412195754793,Daniel Bank,2017-05-10
ACC_001219,MG1594119431465335,Bailey Bank,2025-02-21
ACC_001220,MG3783010328999702,Fowler Bank,2018-03-21
ACC_001221,MG1906723253141264,Sherman Bank,2022-05-31
ACC_001222,MG1554270005172966,May Bank,2024-08-29
ACC_001223,MG1278172574250479,Phillips Bank,2015-06-19
ACC_001224,MG9000484281021603,Sanders Bank,2017-06-04
ACC_001225,MG8874541348826812,Morse Bank,2017-11-05
ACC_001226,MG7046610236588158,Johnson Bank,2017-06-24
ACC_001227,MG8019379487625650,Walker Bank,2022-08-09
ACC_001228,MG8155052690454534,Lopez Bank,2024-10-11
ACC_001229,MG1715058732080667,Hughes Bank,2022-07-18
ACC_001230,MG6762606583355583,Medina Bank,2021-01-05
ACC_001231,MG6861081925932154,Anderson Bank,2022-04-15
ACC_001232,MG4976432648342020,Forbes Bank,2024-02-12
ACC_001233,MG8058354673322674,King Bank,2016-11-16
ACC_001234,MG7337884077193879,Mosley Bank,2016-05-11
ACC_001235,MG3358289993184942,Hudson Bank,2022-06-25
ACC_001236,MG5899958090035298,Liu Bank,2016-12-04
ACC_001237,MG5418379092124543,Ayala Bank,2017-09-04
ACC_001238,MG7847299253991200,Taylor Bank,2022-04-08
ACC_001239,MG6453284228118945,Cooper Bank,2019-10-09
ACC_001240,MG4935338030009674,Hayes Bank,2018-12-16
ACC_001241,MG2473040072998309,Davis Bank,2017-10-16
ACC_001242,MG4446805565065837,Sosa Bank,2016-07-05
ACC_001243,MG7465029751489410,Mccarthy Bank,2023-04-19
ACC_001244,MG9471175690244698,White Bank,2018-06-25
ACC_001245,MG5046397158808283,Jones Bank,2018-08-31
ACC_001246,MG4160144666656532,Garcia Bank,2020-02-04
ACC_001247,MG9427208493546592,Sims Bank,2025-04-07
ACC_001248,MG2760490740382537,Williams Bank,2024-11-26
ACC_001249,MG2162360323076710,Arroyo Bank,2022-09-08
ACC_001250,MG7654857791960640,Hamilton Bank,2016-02-10
ACC_001251,MG3449014065063153,Romero Bank,2021-05-24
ACC_001252,MG3909016186287095,Bowman Bank,2016-10-27
ACC_001253,MG1196257605452382,Glass Bank,2022-04-09
ACC_001254,MG8961267802730684,Duncan Bank,2015-01-26
ACC_001255,MG6398240800031451,Shields Bank,2018-08-14
ACC_001256,MG4654007874020156,Norris Bank,2021-11-17
ACC_001257,MG6005877382188292,Jones Bank,2021-02-15
ACC_001258,MG4139657442765074,Mitchell Bank,2023-03-16
ACC_001259,MG9774992308880120,Foley Bank,2019-08-06
ACC_001260,MG8275293276583784,Drake Bank,2022-04-15
ACC_001261,MG2723095396576227,Stewart Bank,2022-01-28
ACC_001262,MG7602620142456276,Carroll Bank,2021-04-17
ACC_001263,MG2056749665356652,Burton Bank,2016-09-30
ACC_001264,MG4656754431407695,Rogers Bank,2018-05-27
ACC_001265,MG3868952038038064,Morris Bank,2019-04-14
ACC_001266,MG2076279373249979,Jones Bank,2016-03-23
ACC_001267,MG6424656616598016,Banks Bank,2019-05-30
ACC_001268,MG4395031613265155,Gibson Bank,2016-07-13
ACC_001269,MG9907154737008240,Suarez Bank,2018-11-13
ACC_001270,MG3021380961715809,Perez Bank,2022-01-16
ACC_001271,MG5865095481516629,Marquez Bank,2015-03-22
ACC_001272,MG7085706619172833,Carroll Bank,2022-05-15
ACC_001273,MG2250640658374820,Keller Bank,2016-04-03
ACC_001274,MG3444787897525209,Velazquez Bank,2021-04-26
ACC_001275,MG8487821625262315,Lewis Bank,2023-06-12
ACC_001276,MG1885915170346082,Pittman Bank,2019-04-08
ACC_001277,MG8528242000523565,Montgomery Bank,2018-09-08
ACC_001278,MG5302162019595475,Moore Bank,2024-09-04
ACC_001279,MG7703667255078335,Cox Bank,2018-08-26
ACC_001280,MG7500412326043935,Rodriguez Bank,2017-03-09
ACC_001281,MG4362847480904452,Donovan Bank,2024-09-17
ACC_001282,MG6622149196039257,York Bank,2023-06-09
ACC_001283,MG9861526736427754,Lee Bank,2016-03-25
ACC_001284,MG7178593648159034,Miller Bank,2017-10-18
ACC_001285,MG1269306440254910,Richardson Bank,2018-04-24
ACC_001286,MG4460506896315602,Hunt Bank,2022-03-25
ACC_001287,MG9436675058560165,Sanchez Bank,2019-03-23
ACC_001288,MG5586260806586301,Thompson Bank,2020-06-14
ACC_001289,MG6302720339973398,Welch Bank,2024-02-05
ACC_001290,MG6499601016227058,Rivera Bank,2024-01-06
ACC_001291,MG2486455253119223,Hall Bank,2015-07-11
ACC_001292,MG8444743693074937,Hancock Bank,2020-11-25
ACC_001293,MG1546756478769719,Brown Bank,2017-01-19
ACC_001294,MG2234164763197508,Lopez Bank,2018-08-12
ACC_001295,MG9153500762633588,Campbell Bank,2023-11-08
ACC_001296,MG9371667978896387,Martin Bank,2025-02-21
ACC_001297,MG3444885296440934,Hendricks Bank,2020-06-17
ACC_001298,MG4471964289945277,Ward Bank,2019-10-16
ACC_001299,MG3410727202818833,Williams Bank,2020-02-03
ACC_001300,MG4977302908371559,Berg Bank,2019-03-09
ACC_001301,MG3152410304850852,Smith Bank,2021-08-22
ACC_001302,MG2027917489173137,Woods Bank,2022-07-22
ACC_001303,MG6732288571219448,Roberts Bank,2018-01-15
ACC_001304,MG4144287145015286,Martinez Bank,2023-05-12
ACC_001305,MG8859131670111676,Anderson Bank,2021-10-07
ACC_001306,MG9058703224575333,Winters Bank,2018-01-14
ACC_001307,MG1104010984674592,Alvarez Bank,2015-11-18
ACC_001308,MG6771443161029774,Christensen Bank,2015-12-18
ACC_001309,MG8142198580865743,Oliver Bank,2018-10-20
ACC_001310,MG6981902614763916,Moss Bank,2025-04-16
ACC_001311,MG3846761786262308,Lee Bank,2022-11-23
ACC_001312,MG5576544793883301,Moore Bank,2015-10-18
ACC_001313,MG3066018687064501,Wallace Bank,2025-05-12
ACC_001314,MG9700305787682938,Le Bank,2020-05-13
ACC_001315,MG3817854759238174,Pierce Bank,2021-11-14
ACC_001316,MG2158012204715731,Anderson Bank,2017-03-30
ACC_001317,MG4612556121557211,Brown Bank,2020-09-23
ACC_001318,MG1281263419997792,Brown Bank,2015-03-26
ACC_001319,MG9181860561730454,Butler Bank,2025-02-21
ACC_001320,MG1607540036731968,Mendoza Bank,2016-10-12
ACC_001321,MG7472588289132176,Espinoza Bank,2017-07-03
ACC_001322,MG8370510869086326,Hernandez Bank,2015-02-27
ACC_001323,MG2128592887699532,Smith Bank,2021-09-25
ACC_001324,MG7076185354826251,Faulkner Bank,2016-10-12
ACC_001325,MG2455152926398139,Powers Bank,2018-07-12
ACC_001326,MG6638543576797293,Bridges Bank,2019-01-10
ACC_001327,MG3845889705726560,Robinson Bank,2017-05-22
ACC_001328,MG3785049933338131,Mccall Bank,2017-07-22
ACC_001329,MG6431410581906918,Castillo Bank,2015-01-25
ACC_001330,MG8299638552804300,Moore Bank,2021-12-09
ACC_001331,MG7116641619765508,Bryant Bank,2019-05-15
ACC_001332,MG1773450787302364,Brown Bank,2021-05-01
ACC_001333,MG4015738414741242,Holt Bank,2024-07-22
ACC_001334,MG9961926608809539,Hammond Bank,2017-05-20
ACC_001335,MG1856265050263312,Warner Bank,2015-06-10
ACC_001336,MG1045295459309007,Conner Bank,2019-03-06
ACC_001337,MG1564670421497079,Flores Bank,2017-06-12
ACC_001338,MG1640462751576538,Fowler Bank,2015-03-21
ACC_001339,MG9299981380259783,Brewer Bank,2018-11-01
ACC_001340,MG3354427085766551,Hayes Bank,2017-07-01
ACC_001341,MG8090265980497499,Colon Bank,2015-07-01
ACC_001342,MG7438086746683984,Gilmore Bank,2016-02-23
ACC_001343,MG7174191642225512,Nguyen Bank,2020-05-18
ACC_001344,MG8996204678761419,Copeland Bank,2019-04-20
ACC_001345,MG6278047884792998,Leon Bank,2025-03-14
ACC_001346,MG1137552492300073,Phillips Bank,2023-07-25
ACC_001347,MG6285820399297590,Clark Bank,2022-03-15
ACC_001348,MG2650830877899777,Gillespie Bank,2017-05-07
ACC_001349,MG8245961956013045,Reid Bank,2024-04-09
ACC_001350,MG8929651781687905,Henderson Bank,2015-05-09
ACC_001351,MG6242979061675573,Gibson Bank,2022-12-05
ACC_001352,MG2612369264297095,Curry Bank,2025-06-06
ACC_001353,MG6474099015370474,Huffman Bank,2018-10-23
ACC_001354,MG2700870889542842,Richards Bank,2016-06-28
ACC_001355,MG3080347447080267,Thompson Bank,2024-08-13
ACC_001356,MG6485955907820997,Bennett Bank,2024-04-05
ACC_001357,MG5723775860416019,Bauer Bank,2016-06-13
ACC_001358,MG4254355771882054,Sanchez Bank,2021-12-27
ACC_001359,MG6392859460210237,Perkins Bank,2015-06-11
ACC_001360,MG9499216832899390,Wilson Bank,2020-10-15
ACC_001361,MG9654611109878992,Beard Bank,2022-12-19
ACC_001362,MG6639319063098947,Taylor Bank,2015-04-01
ACC_001363,MG9432905436726097,Estrada Bank,2023-10-04
ACC_001364,MG1154970038418802,Hodge Bank,2022-01-11
ACC_001365,MG1746067637618964,Reynolds Bank,2015-12-31
ACC_001366,MG3940737828787857,Galvan Bank,2017-12-09
ACC_001367,MG7010753301887517,Myers Bank,2022-10-05
ACC_001368,MG7053154674177780,Reynolds Bank,2017-12-03
ACC_001369,MG4308015743458524,Johnson Bank,2023-10-22
ACC_001370,MG3421100463024456,Jacobs Bank,2024-12-03
ACC_001371,MG1933706976778678,Calhoun Bank,2022-01-04
ACC_001372,MG8189623142916012,Roberts Bank,2024-05-08
ACC_001373,MG5832007594986487,Hopkins Bank,2020-08-04
ACC_001374,MG2416396804103163,Wright Bank,2016-10-26
ACC_001375,MG2438806766710878,George Bank,2016-11-21
ACC_001376,MG8563901669294086,Smith Bank,2023-08-29
ACC_001377,MG3023395371376704,Rodriguez Bank,2019-08-31
ACC_001378,MG6961877957066362,Kim Bank,2020-02-25
ACC_001379,MG9301734699344552,Vance Bank,2024-05-14
ACC_001380,MG7221207124228340,Ramirez Bank,2016-10-01
ACC_001381,MG5014191951389295,Harris Bank,2015-04-20
ACC_001382,MG9528184816799401,Jensen Bank,2024-01-09
ACC_001383,MG4120174981917635,Ramirez Bank,2018-04-25
ACC_001384,MG9279236567943875,Jefferson Bank,2023-11-21
ACC_001385,MG5362685992814449,Jackson Bank,2019-04-16
ACC_001386,MG3339163537446952,Powell Bank,2018-02-12
ACC_001387,MG7649959388220621,Brewer Bank,2015-01-05
ACC_001388,MG8953323826813318,Perez Bank,2017-03-21
ACC_001389,MG4892144121904687,Miller Bank,2017-06-24
ACC_001390,MG2308443042813751,Logan Bank,2019-05-30
ACC_001391,MG6226830789617860,Harrison Bank,2021-08-29
ACC_001392,MG2411179283517428,Sanchez Bank,2018-02-10
ACC_001393,MG7259670972046505,Smith Bank,2021-07-10
ACC_001394,MG5416035328678407,Richardson Bank,2021-01-19
ACC_001395,MG9972155283557621,Pierce Bank,2017-12-03
ACC_001396,MG4334880567283466,Evans Bank,2015-04-11
ACC_001397,MG1535383949259062,Munoz Bank,2017-03-15
ACC_001398,MG5882060209782156,Turner Bank,2024-07-31
ACC_001399,MG7808302524560517,Gould Bank,2021-01-22
ACC_001400,MG7812812986367718,Prince Bank,2017-12-26
ACC_001401,MG7472856826343972,Williams Bank,2024-07-18
ACC_001402,MG1869264203468841,Jarvis Bank,2016-06-19
ACC_001403,MG8563709992547296,Cook Bank,2021-08-22
ACC_001404,MG6292035398394536,Jones Bank,2023-11-27
ACC_001405,MG7116549620748375,Donaldson Bank,2019-03-25
ACC_001406,MG8242946792642350,Butler Bank,2018-07-13
ACC_001407,MG2767130385316035,Mckenzie Bank,2020-07-10
ACC_001408,MG1476811733333657,Zavala Bank,2023-05-02
ACC_001409,MG7173299522160146,Buckley Bank,2020-07-19
ACC_001410,MG3716646447685236,Wheeler Bank,2019-01-15
ACC_001411,MG1902373274140123,Holloway Bank,2025-01-04
ACC_001412,MG7325186406395440,Fry Bank,2022-10-14
ACC_001413,MG5462864290541384,Bates Bank,2023-04-03
ACC_001414,MG8233837685957571,Sullivan Bank,2017-10-25
ACC_001415,MG8015541876070535,Hernandez Bank,2023-12-25
ACC_001416,MG2140962253782034,Patterson Bank,2017-09-19
ACC_001417,MG4602515202586982,Armstrong Bank,2016-03-10
ACC_001418,MG1703567342931858,Holder Bank,2018-04-25
ACC_001419,MG1486790855892352,Rodriguez Bank,2020-09-15
ACC_001420,MG4050952956038829,Ortega Bank,2015-05-17
ACC_001421,MG7434702681930779,Wilson Bank,2018-09-03
ACC_001422,MG6213575057136108,Rodriguez Bank,2021-07-18
ACC_001423,MG6489645357705485,Moore Bank,2015-09-10
ACC_001424,MG8113866904117651,Lee Bank,2018-09-07
ACC_001425,MG7640558389888463,Zimmerman Bank,2021-05-11
ACC_001426,MG7338465356528387,White Bank,2022-11-09
ACC_001427,MG3610417349668480,Johnson Bank,2017-08-23
ACC_001428,MG1455371330846075,Becker Bank,2023-10-29
ACC_001429,MG2530846800731376,Hodge Bank,2017-04-17
ACC_001430,MG9876205988655366,Russell Bank,2015-07-15
ACC_001431,MG7125291741585285,Montoya Bank,2018-10-30
ACC_001432,MG1741058262096470,Lam Bank,2019-08-03
ACC_001433,MG2750694620689325,Case Bank,2024-07-07
ACC_001434,MG6433704949542964,Hays Bank,2017-08-10
ACC_001435,MG4297668454762043,Castro Bank,2022-11-19
ACC_001436,MG7770889468703235,Harris Bank,2021-04-19
ACC_001437,MG8800539334599023,Bauer Bank,2016-06-26
ACC_001438,MG2079975678390348,Smith Bank,2018-06-10
ACC_001439,MG7139856658784286,Garcia Bank,2023-09-13
ACC_001440,MG2921055090436754,Hunt Bank,2016-09-01
ACC_001441,MG9320182481362950,Lopez Bank,2019-02-23
ACC_001442,MG4826272425778499,Juarez Bank,2016-09-13
ACC_001443,MG7183316442425294,Wilson Bank,2015-02-12
ACC_001444,MG7922476502481889,Green Bank,2021-05-23
ACC_001445,MG5924742838432600,Morrison Bank,2022-12-20
ACC_001446,MG5754478173617797,York Bank,2016-09-28
ACC_001447,MG1982235123633111,Cain Bank,2015-11-17
ACC_001448,MG8804178658872884,Rodriguez Bank,2023-03-11
ACC_001449,MG1210198730473075,Smith Bank,2021-01-29
ACC_001450,MG1641762428042734,Lopez Bank,2023-07-23
ACC_001451,MG5758756478535377,Preston Bank,2020-09-26
ACC_001452,MG6425516497098033,Mann Bank,2023-02-01
ACC_001453,MG5114340677928814,Hall Bank,2019-12-26
ACC_001454,MG9841875312017753,Smith Bank,2021-09-18
ACC_001455,MG9284210416881623,Hodge Bank,2023-02-02
ACC_001456,MG6273159761120494,Thomas Bank,2020-10-15
ACC_001457,MG6286848418275703,Harris Bank,2022-01-17
ACC_001458,MG6561611150200558,Harris Bank,2022-10-25
ACC_001459,MG5180891682655005,Wood Bank,2024-01-04
ACC_001460,MG5576453804325575,Foley Bank,2024-04-26
ACC_001461,MG2781862241798377,Andrews Bank,2015-12-24
ACC_001462,MG7832817263094989,Lopez Bank,2025-06-26
ACC_001463,MG8420317198630274,Oconnor Bank,2022-07-05
ACC_001464,MG1912510379888598,Jordan Bank,2017-08-25
ACC_001465,MG6307731355551872,Hart Bank,2018-10-20
ACC_001466,MG5031752464626981,Taylor Bank,2022-07-23
ACC_001467,MG3579301911630918,Rojas Bank,2017-06-30
ACC_001468,MG6144986038462850,Young Bank,2018-06-14
ACC_001469,MG7201990594470207,Montoya Bank,2020-01-13
ACC_001470,MG5831823844840443,Robinson Bank,2015-01-01
ACC_001471,MG3858929940963887,Burton Bank,2019-10-29
ACC_001472,MG4385428072901496,Brown Bank,2025-06-07
ACC_001473,MG7293360305505746,Cole Bank,2017-08-16
ACC_001474,MG5450312882607817,Cohen Bank,2020-05-16
ACC_001475,MG9484471269041678,Orozco Bank,2015-06-15
ACC_001476,MG1032118512717498,Dodson Bank,2021-05-20
ACC_001477,MG7600061470240431,Frederick Bank,2019-08-05
ACC_001478,MG2912926825460492,Smith Bank,2016-12-28
ACC_001479,MG3065838894781761,Sullivan Bank,2022-09-04
ACC_001480,MG5897386063900053,Taylor Bank,2017-12-01
ACC_001481,MG4951644614284205,Holmes Bank,2018-02-10
ACC_001482,MG7417290618291915,Taylor Bank,2016-02-19
ACC_001483,MG1279126056933945,Morris Bank,2020-02-09
ACC_001484,MG6592030545575939,Miller Bank,2015-11-08
ACC_001485,MG5780688845980577,Mccoy Bank,2021-12-11
ACC_001486,MG4258217315236123,Hess Bank,2016-08-07
ACC_001487,MG7099242644429709,Stanley Bank,2015-10-01
ACC_001488,MG3833147906591882,Perez Bank,2021-09-17
ACC_001489,MG8526611628475624,Glover Bank,2016-05-03
ACC_001490,MG2243455606544690,Bennett Bank,2025-03-31
ACC_001491,MG8565290403678903,Smith Bank,2019-04-26
ACC_001492,MG7726844761651665,Weber Bank,2019-03-13
ACC_001493,MG8526542599977444,Quinn Bank,2024-02-04
ACC_001494,MG9487679859065539,Jones Bank,2018-03-14
ACC_001495,MG8077121465589329,Horton Bank,2017-10-07
ACC_001496,MG8672090830601008,Yu Bank,2025-03-15
ACC_001497,MG2418619786588921,King Bank,2018-10-10
ACC_001498,MG6741506613655700,Chung Bank,2025-05-04
ACC_001499,MG8133672941453458,Johnson Bank,2025-02-21
ACC_001500,MG5489503862622128,Perez Bank,2016-03-22
ACC_001501,MG1958367577975543,Nunez Bank,2023-05-14
ACC_001502,MG8616437012694960,Thomas Bank,2020-01-21
ACC_001503,MG3394742863421176,Taylor Bank,2022-03-15
ACC_001504,MG9092759702673062,Schneider Bank,2018-04-01
ACC_001505,MG7796425341243175,Cortez Bank,2019-12-15
ACC_001506,MG5422629890131208,Barker Bank,2017-02-19
ACC_001507,MG8060988348965770,Munoz Bank,2025-06-03
ACC_001508,MG5743120936172761,Russell Bank,2024-02-21
ACC_001509,MG8510442214321930,Jackson Bank,2019-03-25
ACC_001510,MG6475355363909518,Mathews Bank,2016-06-10
ACC_001511,MG7667940357361584,Carter Bank,2024-03-22
ACC_001512,MG6665691055985447,Mcmillan Bank,2018-03-01
ACC_001513,MG4500528089647463,Acevedo Bank,2016-07-15
ACC_001514,MG9636639071319824,Lewis Bank,2018-03-21
ACC_001515,MG7832483808619270,Cisneros Bank,2015-12-02
ACC_001516,MG5706314175381379,Thomas Bank,2015-07-19
ACC_001517,MG9806046756060282,Young Bank,2018-03-09
ACC_001518,MG3091029259617395,Roy Bank,2018-06-15
ACC_001519,MG3748411449249676,Richardson Bank,2020-01-21
ACC_001520,MG1435471769474809,Cunningham Bank,2021-01-31
ACC_001521,MG7433537100899639,Fisher Bank,2015-07-08
ACC_001522,MG1312097346583407,Garcia Bank,2025-01-08
ACC_001523,MG7111747216634865,Smith Bank,2020-12-21
ACC_001524,MG8561718367671485,Johnson Bank,2022-06-24
ACC_001525,MG7348482264552335,Grant Bank,2021-02-26
ACC_001526,MG5768047440293763,Nguyen Bank,2015-03-24
ACC_001527,MG7439869431566199,Bates Bank,2015-03-01
ACC_001528,MG4514524771814452,Ballard Bank,2020-12-14
ACC_001529,MG5645459320176812,Thomas Bank,2021-10-13
ACC_001530,MG6843048911730873,Aguirre Bank,2020-12-12
ACC_001531,MG3957097157870067,Edwards Bank,2017-09-08
ACC_001532,MG4944080244222286,Contreras Bank,2018-04-17
ACC_001533,MG7648716833640288,Murillo Bank,2015-10-22
ACC_001534,MG3045110419804148,Wilson Bank,2020-05-21
ACC_001535,MG5875101376094725,Lee Bank,2019-04-04
ACC_001536,MG6211532635911276,Salazar Bank,2021-10-08
ACC_001537,MG3139460362080456,Thompson Bank,2018-01-15
ACC_001538,MG3478643429806063,Campbell Bank,2018-05-05
ACC_001539,MG1412465436206914,Cruz Bank,2021-03-25
ACC_001540,MG5935518902991420,Davis Bank,2016-12-04
ACC_001541,MG9196593123790714,Gregory Bank,2019-08-13
ACC_001542,MG3805267942535163,Payne Bank,2016-08-25
ACC_001543,MG2486371259941688,Bray Bank,2017-03-15
ACC_001544,MG8389644370593707,Davis Bank,2016-06-21
ACC_001545,MG5550330438386983,Jones Bank,2016-08-12
ACC_001546,MG3225756360734172,Navarro Bank,2023-01-02
ACC_001547,MG1053078723325273,Christensen Bank,2025-02-12
ACC_001548,MG9967161023691059,Ball Bank,2015-08-15
ACC_001549,MG8057887581936633,Pittman Bank,2019-04-15
ACC_001550,MG8719181654559023,Jones Bank,2020-12-11
ACC_001551,MG6862395818455093,Curtis Bank,2022-10-07
ACC_001552,MG6827127171832690,Lynch Bank,2017-12-24
ACC_001553,MG8063125463029223,Roberts Bank,2019-07-26
ACC_001554,MG3056764719900882,Carter Bank,2021-12-05
ACC_001555,MG7423371599768168,Anderson Bank,2015-05-25
ACC_001556,MG3068127831240916,Davis Bank,2022-02-08
ACC_001557,MG9663520336056346,Stuart Bank,2023-11-28
ACC_001558,MG6491033743378638,Brown Bank,2023-02-11
ACC_001559,MG9041664022282694,Gibbs Bank,2017-07-29
ACC_001560,MG9557438216741991,Luna Bank,2021-05-05
ACC_001561,MG5355986011631952,Long Bank,2015-08-14
ACC_001562,MG8023272289513999,Shepard Bank,2021-04-17
ACC_001563,MG1360227833386981,Price Bank,2022-09-28
ACC_001564,MG9044858649573683,Schmitt Bank,2022-10-02
ACC_001565,MG3730583120287594,Brewer Bank,2018-04-07
ACC_001566,MG4707429933610606,Holloway Bank,2015-01-10
ACC_001567,MG4825907786325393,Clark Bank,2023-12-12
ACC_001568,MG5849189840603834,Simmons Bank,2016-09-13
ACC_001569,MG8645779333822660,York Bank,2020-09-21
ACC_001570,MG8791440925916001,Vargas Bank,2021-09-12
ACC_001571,MG2122444146810635,Kennedy Bank,2023-06-08
ACC_001572,MG7115494469953734,Taylor Bank,2015-06-02
ACC_001573,MG8795798249358296,Rogers Bank,2023-12-30
ACC_001574,MG5426451197019180,Patterson Bank,2019-03-01
ACC_001575,MG8200639065788098,Cook Bank,2016-01-06
ACC_001576,MG4048166824332728,Esparza Bank,2016-02-24
ACC_001577,MG6333260032527778,Wilson Bank,2024-07-12
ACC_001578,MG6782387916964528,Reyes Bank,2016-10-24
ACC_001579,MG2969519433903126,Willis Bank,2021-06-14
ACC_001580,MG4028331378668525,Walker Bank,2024-09-02
ACC_001581,MG3285650124481257,Thompson Bank,2017-10-06
ACC_001582,MG9531497866657414,Daniels Bank,2016-07-30
ACC_001583,MG2605831586184859,Smith Bank,2022-08-26
ACC_001584,MG6122991823488014,Davis Bank,2019-08-25
ACC_001585,MG3709106320219005,Thompson Bank,2022-06-09
ACC_001586,MG1854254789914959,White Bank,2023-09-25
ACC_001587,MG2363678605201261,Gray Bank,2017-01-22
ACC_001588,MG9894715496875760,Orr Bank,2016-04-26
ACC_001589,MG7507191584010421,Benitez Bank,2015-08-04
ACC_001590,MG6545436339651829,Maldonado Bank,2019-05-06
ACC_001591,MG4413150358990958,Davis Bank,2016-07-17
ACC_001592,MG2911386478653396,Santiago Bank,2024-11-11
ACC_001593,MG6300572292816311,Matthews Bank,2022-07-21
ACC_001594,MG4617300854299458,Rodriguez Bank,2022-04-08
ACC_001595,MG6651841786687993,Hodges Bank,2025-03-16
ACC_001596,MG8313407228872969,Velasquez Bank,2017-07-02
ACC_001597,MG2013630385491257,Jackson Bank,2019-12-17
ACC_001598,MG4045676077447226,Weaver Bank,2018-01-31
