source_id,target_id,role
ALT_000001,CRD_002242,shared_license
ALT_000001,CRD_002243,shared_license
ALT_000001,CRD_002244,shared_license
ALT_000001,CRD_002245,shared_license
ALT_000001,DOC_001510,license_holder
ALT_000001,DOC_001511,license_holder
ALT_000001,DOC_001512,license_holder
ALT_000001,DOC_001513,license_holder
ALT_000002,CLM_0021796,post_revocation_claim
ALT_000002,CLM_0021797,post_revocation_claim
ALT_000002,CLM_0021798,post_revocation_claim
ALT_000002,CLM_0021799,post_revocation_claim
ALT_000002,CLM_0021800,post_revocation_claim
ALT_000002,CLM_0021801,post_revocation_claim
ALT_000002,CLM_0021802,post_revocation_claim
ALT_000002,CLM_0021803,post_revocation_claim
ALT_000002,CLM_0021804,post_revocation_claim
ALT_000002,CLM_0021805,post_revocation_claim
ALT_000002,CLM_0021806,post_revocation_claim
ALT_000002,CLM_0021807,post_revocation_claim
ALT_000002,CLM_0021808,post_revocation_claim
ALT_000002,CLM_0021809,post_revocation_claim
ALT_000002,CLM_0021810,post_revocation_claim
ALT_000002,CLM_0021811,post_revocation_claim
ALT_000002,CLM_0021812,post_revocation_claim
ALT_000002,CLM_0021813,post_revocation_claim
ALT_000002,CLM_0021814,post_revocation_claim
ALT_000002,CLM_0021815,post_revocation_claim
ALT_000002,CLM_0021816,post_revocation_claim
ALT_000002,CLM_0021817,post_revocation_claim
ALT_000002,CLM_0021818,post_revocation_claim
ALT_000002,CLM_0021819,post_revocation_claim
ALT_000002,CLM_0021820,post_revocation_claim
ALT_000002,CLM_0021821,post_revocation_claim
ALT_000002,CLM_0021822,post_revocation_claim
ALT_000002,CLM_0021823,post_revocation_claim
ALT_000002,CLM_0021824,post_revocation_claim
ALT_000002,CLM_0021825,post_revocation_claim
ALT_000002,CLM_0021826,post_revocation_claim
ALT_000002,CLM_0021827,post_revocation_claim
ALT_000002,CLM_0021828,post_revocation_claim
ALT_000002,CLM_0021829,post_revocation_claim
ALT_000002,CLM_0021830,post_revocation_claim
ALT_000002,CLM_0021831,post_revocation_claim
ALT_000002,CLM_0021832,post_revocation_claim
ALT_000002,CLM_0021833,post_revocation_claim
ALT_000002,CLM_0021834,post_revocation_claim
ALT_000002,CLM_0021835,post_revocation_claim
ALT_000002,CLM_0021836,post_revocation_claim
ALT_000002,CLM_0021837,post_revocation_claim
ALT_000002,CLM_0021838,post_revocation_claim
ALT_000002,CLM_0021839,post_revocation_claim
ALT_000002,CLM_0021840,post_revocation_claim
ALT_000002,CLM_0021841,post_revocation_claim
ALT_000002,CLM_0021842,post_revocation_claim
ALT_000002,CLM_0021843,post_revocation_claim
ALT_000002,CLM_0021844,post_revocation_claim
ALT_000002,CLM_0021845,post_revocation_claim
ALT_000002,CLM_0021846,post_revocation_claim
ALT_000002,CLM_0021847,post_revocation_claim
ALT_000002,CLM_0021848,post_revocation_claim
ALT_000002,CLM_0021849,post_revocation_claim
ALT_000002,CLM_0021850,post_revocation_claim
ALT_000002,CLM_0021851,post_revocation_claim
ALT_000002,CLM_0021852,post_revocation_claim
ALT_000002,CRD_002236,revoked_credential
ALT_000002,DOC_001504,suspect_doctor
ALT_000003,CLM_0000720,post_revocation_claim
ALT_000003,CLM_0000721,post_revocation_claim
ALT_000003,CLM_0000722,post_revocation_claim
ALT_000003,CLM_0001573,post_revocation_claim
ALT_000003,CLM_0001574,post_revocation_claim
ALT_000003,CLM_0003655,post_revocation_claim
ALT_000003,CLM_0004537,post_revocation_claim
ALT_000003,CLM_0004538,post_revocation_claim
ALT_000003,CLM_0004635,post_revocation_claim
ALT_000003,CLM_0005271,post_revocation_claim
ALT_000003,CLM_0005272,post_revocation_claim
ALT_000003,CLM_0005489,post_revocation_claim
ALT_000003,CLM_0005714,post_revocation_claim
ALT_000003,CLM_0006322,post_revocation_claim
ALT_000003,CLM_0006323,post_revocation_claim
ALT_000003,CLM_0009286,post_revocation_claim
ALT_000003,CLM_0009287,post_revocation_claim
ALT_000003,CLM_0009511,post_revocation_claim
ALT_000003,CLM_0009512,post_revocation_claim
ALT_000003,CLM_0009513,post_revocation_claim
ALT_000003,CLM_0010918,post_revocation_claim
ALT_000003,CLM_0010919,post_revocation_claim
ALT_000003,CLM_0010920,post_revocation_claim
ALT_000003,CLM_0011016,post_revocation_claim
ALT_000003,CLM_0011017,post_revocation_claim
ALT_000003,CLM_0011018,post_revocation_claim
ALT_000003,CLM_0013125,post_revocation_claim
ALT_000003,CLM_0013178,post_revocation_claim
ALT_000003,CLM_0013827,post_revocation_claim
ALT_000003,CLM_0013828,post_revocation_claim
ALT_000003,CLM_0013829,post_revocation_claim
ALT_000003,CLM_0014081,post_revocation_claim
ALT_000003,CLM_0014082,post_revocation_claim
ALT_000003,CLM_0014586,post_revocation_claim
ALT_000003,CLM_0014587,post_revocation_claim
ALT_000003,CLM_0015219,post_revocation_claim
ALT_000003,CLM_0015220,post_revocation_claim
ALT_000003,CLM_0016871,post_revocation_claim
ALT_000003,CLM_0017053,post_revocation_claim
ALT_000003,CLM_0017054,post_revocation_claim
ALT_000003,CLM_0017055,post_revocation_claim
ALT_000003,CLM_0017070,post_revocation_claim
ALT_000003,CLM_0017381,post_revocation_claim
ALT_000003,CLM_0017382,post_revocation_claim
ALT_000003,CLM_0018119,post_revocation_claim
ALT_000003,CLM_0018120,post_revocation_claim
ALT_000003,CLM_0018121,post_revocation_claim
ALT_000003,CLM_0018189,post_revocation_claim
ALT_000003,CLM_0018190,post_revocation_claim
ALT_000003,CLM_0018692,post_revocation_claim
ALT_000003,CLM_0018693,post_revocation_claim
ALT_000003,CLM_0018779,post_revocation_claim
ALT_000003,CLM_0019802,post_revocation_claim
ALT_000003,CLM_0019803,post_revocation_claim
ALT_000003,CLM_0019804,post_revocation_claim
ALT_000003,CLM_0020273,post_revocation_claim
ALT_000003,CLM_0020274,post_revocation_claim
ALT_000003,CLM_0020275,post_revocation_claim
ALT_000003,CLM_0020700,post_revocation_claim
ALT_000003,CLM_0020863,post_revocation_claim
ALT_000003,CLM_0020864,post_revocation_claim
ALT_000003,CLM_0021344,post_revocation_claim
ALT_000003,CRD_001232,revoked_credential
ALT_000003,DOC_000824,suspect_doctor
ALT_000004,CRD_002236,shared_license
ALT_000004,CRD_002237,shared_license
ALT_000004,CRD_002238,shared_license
ALT_000004,DOC_001504,license_holder
ALT_000004,DOC_001505,license_holder
ALT_000004,DOC_001506,license_holder
ALT_000005,CRD_002239,shared_license
ALT_000005,CRD_002240,shared_license
ALT_000005,CRD_002241,shared_license
ALT_000005,DOC_001507,license_holder
ALT_000005,DOC_001508,license_holder
ALT_000005,DOC_001509,license_holder
ALT_000006,CLM_0006384,post_revocation_claim
ALT_000006,CLM_0006385,post_revocation_claim
ALT_000006,CLM_0006386,post_revocation_claim
ALT_000006,CLM_0012674,post_revocation_claim
ALT_000006,CLM_0017506,post_revocation_claim
ALT_000006,CLM_0017507,post_revocation_claim
ALT_000006,CLM_0019541,post_revocation_claim
ALT_000006,CLM_0019542,post_revocation_claim
ALT_000006,CRD_000103,revoked_credential
ALT_000006,DOC_000069,suspect_doctor
ALT_000007,CLM_0013573,post_revocation_claim
ALT_000007,CLM_0015439,post_revocation_claim
ALT_000007,CLM_0015809,post_revocation_claim
ALT_000007,CRD_000996,revoked_credential
ALT_000007,DOC_000662,suspect_doctor
ALT_000008,CLM_0000511,post_revocation_claim
ALT_000008,CLM_0000512,post_revocation_claim
ALT_000008,CLM_0000513,post_revocation_claim
ALT_000008,CLM_0002337,post_revocation_claim
ALT_000008,CLM_0002338,post_revocation_claim
ALT_000008,CLM_0002339,post_revocation_claim
ALT_000008,CLM_0006340,post_revocation_claim
ALT_000008,CLM_0008467,post_revocation_claim
ALT_000008,CLM_0008468,post_revocation_claim
ALT_000008,CLM_0013358,post_revocation_claim
ALT_000008,CLM_0013359,post_revocation_claim
ALT_000008,CLM_0013543,post_revocation_claim
ALT_000008,CLM_0013544,post_revocation_claim
ALT_000008,CLM_0015412,post_revocation_claim
ALT_000008,CLM_0015413,post_revocation_claim
ALT_000008,CLM_0015414,post_revocation_claim
ALT_000008,CLM_0018730,post_revocation_claim
ALT_000008,CLM_0018731,post_revocation_claim
ALT_000008,CLM_0018732,post_revocation_claim
ALT_000008,CRD_002042,revoked_credential
ALT_000008,DOC_001376,suspect_doctor
ALT_000009,CLM_0000317,post_revocation_claim
ALT_000009,CLM_0000318,post_revocation_claim
ALT_000009,CLM_0001702,post_revocation_claim
ALT_000009,CLM_0001703,post_revocation_claim
ALT_000009,CLM_0003115,post_revocation_claim
ALT_000009,CLM_0004653,post_revocation_claim
ALT_000009,CLM_0010082,post_revocation_claim
ALT_000009,CLM_0011640,post_revocation_claim
ALT_000009,CLM_0011641,post_revocation_claim
ALT_000009,CLM_0011642,post_revocation_claim
ALT_000009,CLM_0013269,post_revocation_claim
ALT_000009,CLM_0013270,post_revocation_claim
ALT_000009,CLM_0016121,post_revocation_claim
ALT_000009,CLM_0016122,post_revocation_claim
ALT_000009,CRD_002094,revoked_credential
ALT_000009,DOC_001409,suspect_doctor
ALT_000010,CRD_000043,shared_license
ALT_000010,CRD_001145,shared_license
ALT_000010,DOC_000029,license_holder
ALT_000010,DOC_000764,license_holder
ALT_000011,CRD_000331,shared_license
ALT_000011,CRD_000543,shared_license
ALT_000011,DOC_000213,license_holder
ALT_000011,DOC_000355,license_holder
ALT_000012,CRD_000353,shared_license
ALT_000012,CRD_000682,shared_license
ALT_000012,DOC_000230,license_holder
ALT_000012,DOC_000446,license_holder
ALT_000013,CRD_000489,shared_license
ALT_000013,CRD_001609,shared_license
ALT_000013,DOC_000320,license_holder
ALT_000013,DOC_001084,license_holder
ALT_000014,CRD_000794,shared_license
ALT_000014,CRD_000960,shared_license
ALT_000014,DOC_000522,license_holder
ALT_000014,DOC_000637,license_holder
ALT_000015,CRD_000826,shared_license
ALT_000015,CRD_002043,shared_license
ALT_000015,DOC_000543,license_holder
ALT_000015,DOC_001377,license_holder
ALT_000016,CRD_000940,shared_license
ALT_000016,CRD_002106,shared_license
ALT_000016,DOC_000622,license_holder
ALT_000016,DOC_001418,license_holder
ALT_000017,CRD_001242,shared_license
ALT_000017,CRD_001576,shared_license
ALT_000017,DOC_000831,license_holder
ALT_000017,DOC_001064,license_holder
ALT_000018,CRD_001720,shared_license
ALT_000018,CRD_002191,shared_license
ALT_000018,DOC_001159,license_holder
ALT_000018,DOC_001475,license_holder
ALT_000019,CLM_0010007,cross_border_claim
ALT_000019,CLM_0010008,cross_border_claim
ALT_000019,CLM_0014662,cross_border_claim
ALT_000019,CLM_0014663,cross_border_claim
ALT_000019,CLM_0014664,cross_border_claim
ALT_000019,CRD_000027,shopped_credential
ALT_000019,DOC_000018,suspect_doctor
ALT_000020,CLM_0007380,cross_border_claim
ALT_000020,CLM_0007381,cross_border_claim
ALT_000020,CLM_0007382,cross_border_claim
ALT_000020,CLM_0007675,cross_border_claim
ALT_000020,CLM_0007676,cross_border_claim
ALT_000020,CLM_0007677,cross_border_claim
ALT_000020,CLM_0011810,cross_border_claim
ALT_000020,CLM_0011811,cross_border_claim
ALT_000020,CLM_0011826,cross_border_claim
ALT_000020,CLM_0015037,cross_border_claim
ALT_000020,CLM_0015038,cross_border_claim
ALT_000020,CLM_0015706,cross_border_claim
ALT_000020,CRD_000057,shopped_credential
ALT_000020,DOC_000037,suspect_doctor
ALT_000021,CLM_0000203,cross_border_claim
ALT_000021,CLM_0000204,cross_border_claim
ALT_000021,CLM_0000205,cross_border_claim
ALT_000021,CLM_0003200,cross_border_claim
ALT_000021,CLM_0003201,cross_border_claim
ALT_000021,CLM_0004081,cross_border_claim
ALT_000021,CLM_0004082,cross_border_claim
ALT_000021,CLM_0004468,cross_border_claim
ALT_000021,CLM_0004469,cross_border_claim
ALT_000021,CLM_0004470,cross_border_claim
ALT_000021,CLM_0012684,cross_border_claim
ALT_000021,CLM_0012685,cross_border_claim
ALT_000021,CLM_0015428,cross_border_claim
ALT_000021,CLM_0015429,cross_border_claim
ALT_000021,CLM_0015430,cross_border_claim
ALT_000021,CLM_0016335,cross_border_claim
ALT_000021,CRD_000105,shopped_credential
ALT_000021,DOC_000070,suspect_doctor
ALT_000022,CLM_0003179,cross_border_claim
ALT_000022,CLM_0005246,cross_border_claim
ALT_000022,CLM_0005247,cross_border_claim
ALT_000022,CLM_0010123,cross_border_claim
ALT_000022,CLM_0010124,cross_border_claim
ALT_000022,CLM_0010732,cross_border_claim
ALT_000022,CLM_0010733,cross_border_claim
ALT_000022,CLM_0010734,cross_border_claim
ALT_000022,CLM_0010786,cross_border_claim
ALT_000022,CLM_0012015,cross_border_claim
ALT_000022,CLM_0013486,cross_border_claim
ALT_000022,CLM_0014680,cross_border_claim
ALT_000022,CLM_0014681,cross_border_claim
ALT_000022,CLM_0019241,cross_border_claim
ALT_000022,CRD_000199,shopped_credential
ALT_000022,DOC_000127,suspect_doctor
ALT_000023,CLM_0003556,cross_border_claim
ALT_000023,CLM_0003557,cross_border_claim
ALT_000023,CLM_0005071,cross_border_claim
ALT_000023,CLM_0005072,cross_border_claim
ALT_000023,CLM_0005073,cross_border_claim
ALT_000023,CLM_0009884,cross_border_claim
ALT_000023,CLM_0009885,cross_border_claim
ALT_000023,CLM_0011879,cross_border_claim
ALT_000023,CLM_0011880,cross_border_claim
ALT_000023,CLM_0014727,cross_border_claim
ALT_000023,CLM_0014728,cross_border_claim
ALT_000023,CLM_0019987,cross_border_claim
ALT_000023,CLM_0019988,cross_border_claim
ALT_000023,CLM_0019989,cross_border_claim
ALT_000023,CLM_0020959,cross_border_claim
ALT_000023,CLM_0020960,cross_border_claim
ALT_000023,CLM_0020961,cross_border_claim
ALT_000023,CRD_000415,shopped_credential
ALT_000023,DOC_000269,suspect_doctor
ALT_000024,CLM_0005573,cross_border_claim
ALT_000024,CLM_0005574,cross_border_claim
ALT_000024,CLM_0007254,cross_border_claim
ALT_000024,CLM_0007255,cross_border_claim
ALT_000024,CLM_0008135,cross_border_claim
ALT_000024,CLM_0010434,cross_border_claim
ALT_000024,CLM_0015865,cross_border_claim
ALT_000024,CLM_0017302,cross_border_claim
ALT_000024,CLM_0017303,cross_border_claim
ALT_000024,CLM_0018641,cross_border_claim
ALT_000024,CLM_0018999,cross_border_claim
ALT_000024,CRD_000498,shopped_credential
ALT_000024,DOC_000326,suspect_doctor
ALT_000025,CLM_0000055,cross_border_claim
ALT_000025,CLM_0001802,cross_border_claim
ALT_000025,CLM_0001803,cross_border_claim
ALT_000025,CLM_0002273,cross_border_claim
ALT_000025,CLM_0002274,cross_border_claim
ALT_000025,CLM_0002275,cross_border_claim
ALT_000025,CLM_0003376,cross_border_claim
ALT_000025,CLM_0003517,cross_border_claim
ALT_000025,CLM_0003518,cross_border_claim
ALT_000025,CLM_0003871,cross_border_claim
ALT_000025,CLM_0003872,cross_border_claim
ALT_000025,CLM_0003873,cross_border_claim
ALT_000025,CLM_0006401,cross_border_claim
ALT_000025,CLM_0006402,cross_border_claim
ALT_000025,CLM_0006403,cross_border_claim
ALT_000025,CLM_0006857,cross_border_claim
ALT_000025,CLM_0006858,cross_border_claim
ALT_000025,CLM_0006859,cross_border_claim
ALT_000025,CLM_0008856,cross_border_claim
ALT_000025,CLM_0008961,cross_border_claim
ALT_000025,CLM_0009618,cross_border_claim
ALT_000025,CLM_0009619,cross_border_claim
ALT_000025,CLM_0009620,cross_border_claim
ALT_000025,CLM_0010441,cross_border_claim
ALT_000025,CLM_0010442,cross_border_claim
ALT_000025,CLM_0010443,cross_border_claim
ALT_000025,CLM_0012838,cross_border_claim
ALT_000025,CLM_0012839,cross_border_claim
ALT_000025,CLM_0012840,cross_border_claim
ALT_000025,CLM_0013723,cross_border_claim
ALT_000025,CLM_0014010,cross_border_claim
ALT_000025,CLM_0014138,cross_border_claim
ALT_000025,CLM_0014139,cross_border_claim
ALT_000025,CLM_0014140,cross_border_claim
ALT_000025,CLM_0014143,cross_border_claim
ALT_000025,CLM_0014144,cross_border_claim
ALT_000025,CLM_0014145,cross_border_claim
ALT_000025,CLM_0014511,cross_border_claim
ALT_000025,CLM_0014657,cross_border_claim
ALT_000025,CLM_0014933,cross_border_claim
ALT_000025,CLM_0014934,cross_border_claim
ALT_000025,CLM_0015023,cross_border_claim
ALT_000025,CLM_0015024,cross_border_claim
ALT_000025,CLM_0015025,cross_border_claim
ALT_000025,CLM_0015088,cross_border_claim
ALT_000025,CLM_0017441,cross_border_claim
ALT_000025,CLM_0017497,cross_border_claim
ALT_000025,CLM_0017498,cross_border_claim
ALT_000025,CLM_0017499,cross_border_claim
ALT_000025,CLM_0018244,cross_border_claim
ALT_000025,CLM_0018245,cross_border_claim
ALT_000025,CLM_0018246,cross_border_claim
ALT_000025,CLM_0018300,cross_border_claim
ALT_000025,CLM_0018301,cross_border_claim
ALT_000025,CLM_0018826,cross_border_claim
ALT_000025,CLM_0018827,cross_border_claim
ALT_000025,CLM_0020087,cross_border_claim
ALT_000025,CLM_0020088,cross_border_claim
ALT_000025,CRD_000606,shopped_credential
ALT_000025,DOC_000396,suspect_doctor
ALT_000026,CLM_0002962,cross_border_claim
ALT_000026,CLM_0002963,cross_border_claim
ALT_000026,CLM_0003930,cross_border_claim
ALT_000026,CLM_0003931,cross_border_claim
ALT_000026,CLM_0003932,cross_border_claim
ALT_000026,CLM_0008241,cross_border_claim
ALT_000026,CLM_0009412,cross_border_claim
ALT_000026,CLM_0009413,cross_border_claim
ALT_000026,CLM_0010627,cross_border_claim
ALT_000026,CLM_0010628,cross_border_claim
ALT_000026,CLM_0010629,cross_border_claim
ALT_000026,CLM_0012307,cross_border_claim
ALT_000026,CLM_0012308,cross_border_claim
ALT_000026,CLM_0019946,cross_border_claim
ALT_000026,CLM_0019947,cross_border_claim
ALT_000026,CLM_0020665,cross_border_claim
ALT_000026,CRD_000656,shopped_credential
ALT_000026,DOC_000428,suspect_doctor
ALT_000027,CLM_0001397,cross_border_claim
ALT_000027,CLM_0001398,cross_border_claim
ALT_000027,CLM_0001399,cross_border_claim
ALT_000027,CLM_0005880,cross_border_claim
ALT_000027,CLM_0005881,cross_border_claim
ALT_000027,CLM_0005882,cross_border_claim
ALT_000027,CLM_0014741,cross_border_claim
ALT_000027,CLM_0014742,cross_border_claim
ALT_000027,CRD_000671,shopped_credential
ALT_000027,DOC_000437,suspect_doctor
ALT_000028,CLM_0000280,cross_border_claim
ALT_000028,CLM_0000281,cross_border_claim
ALT_000028,CLM_0000282,cross_border_claim
ALT_000028,CLM_0000947,cross_border_claim
ALT_000028,CLM_0002183,cross_border_claim
ALT_000028,CLM_0002184,cross_border_claim
ALT_000028,CLM_0002185,cross_border_claim
ALT_000028,CLM_0002361,cross_border_claim
ALT_000028,CLM_0002362,cross_border_claim
ALT_000028,CLM_0002796,cross_border_claim
ALT_000028,CLM_0003032,cross_border_claim
ALT_000028,CLM_0003152,cross_border_claim
ALT_000028,CLM_0003153,cross_border_claim
ALT_000028,CLM_0004023,cross_border_claim
ALT_000028,CLM_0004024,cross_border_claim
ALT_000028,CLM_0004025,cross_border_claim
ALT_000028,CLM_0004981,cross_border_claim
ALT_000028,CLM_0004982,cross_border_claim
ALT_000028,CLM_0004983,cross_border_claim
ALT_000028,CLM_0005212,cross_border_claim
ALT_000028,CLM_0005610,cross_border_claim
ALT_000028,CLM_0005611,cross_border_claim
ALT_000028,CLM_0005612,cross_border_claim
ALT_000028,CLM_0006882,cross_border_claim
ALT_000028,CLM_0006883,cross_border_claim
ALT_000028,CLM_0006884,cross_border_claim
ALT_000028,CLM_0006966,cross_border_claim
ALT_000028,CLM_0007265,cross_border_claim
ALT_000028,CLM_0007266,cross_border_claim
ALT_000028,CLM_0007474,cross_border_claim
ALT_000028,CLM_0007827,cross_border_claim
ALT_000028,CLM_0007828,cross_border_claim
ALT_000028,CLM_0008999,cross_border_claim
ALT_000028,CLM_0009000,cross_border_claim
ALT_000028,CLM_0009366,cross_border_claim
ALT_000028,CLM_0009367,cross_border_claim
ALT_000028,CLM_0009503,cross_border_claim
ALT_000028,CLM_0009504,cross_border_claim
ALT_000028,CLM_0009505,cross_border_claim
ALT_000028,CLM_0010130,cross_border_claim
ALT_000028,CLM_0010131,cross_border_claim
ALT_000028,CLM_0010610,cross_border_claim
ALT_000028,CLM_0010611,cross_border_claim
ALT_000028,CLM_0010795,cross_border_claim
ALT_000028,CLM_0010796,cross_border_claim
ALT_000028,CLM_0011323,cross_border_claim
ALT_000028,CLM_0011469,cross_border_claim
ALT_000028,CLM_0011470,cross_border_claim
ALT_000028,CLM_0013759,cross_border_claim
ALT_000028,CLM_0014192,cross_border_claim
ALT_000028,CLM_0014193,cross_border_claim
ALT_000028,CLM_0014243,cross_border_claim
ALT_000028,CLM_0014244,cross_border_claim
ALT_000028,CLM_0014245,cross_border_claim
ALT_000028,CLM_0014853,cross_border_claim
ALT_000028,CLM_0014854,cross_border_claim
ALT_000028,CLM_0015510,cross_border_claim
ALT_000028,CLM_0015511,cross_border_claim
ALT_000028,CLM_0015512,cross_border_claim
ALT_000028,CLM_0016137,cross_border_claim
ALT_000028,CLM_0016293,cross_border_claim
ALT_000028,CLM_0016794,cross_border_claim
ALT_000028,CLM_0016795,cross_border_claim
ALT_000028,CLM_0016796,cross_border_claim
ALT_000028,CLM_0016814,cross_border_claim
ALT_000028,CLM_0016815,cross_border_claim
ALT_000028,CLM_0016816,cross_border_claim
ALT_000028,CLM_0018433,cross_border_claim
ALT_000028,CLM_0018855,cross_border_claim
ALT_000028,CLM_0019094,cross_border_claim
ALT_000028,CLM_0019095,cross_border_claim
ALT_000028,CLM_0019096,cross_border_claim
ALT_000028,CLM_0019299,cross_border_claim
ALT_000028,CLM_0019300,cross_border_claim
ALT_000028,CLM_0019301,cross_border_claim
ALT_000028,CLM_0019886,cross_border_claim
ALT_000028,CLM_0019887,cross_border_claim
ALT_000028,CLM_0020252,cross_border_claim
ALT_000028,CLM_0020758,cross_border_claim
ALT_000028,CLM_0020759,cross_border_claim
ALT_000028,CLM_0020974,cross_border_claim
ALT_000028,CLM_0020975,cross_border_claim
ALT_000028,CLM_0020976,cross_border_claim
ALT_000028,CLM_0021280,cross_border_claim
ALT_000028,CLM_0021281,cross_border_claim
ALT_000028,CLM_0021302,cross_border_claim
ALT_000028,CLM_0021303,cross_border_claim
ALT_000028,CLM_0021304,cross_border_claim
ALT_000028,CLM_0021612,cross_border_claim
ALT_000028,CRD_000777,shopped_credential
ALT_000028,DOC_000511,suspect_doctor
ALT_000029,CLM_0000741,cross_border_claim
ALT_000029,CLM_0002409,cross_border_claim
ALT_000029,CLM_0002410,cross_border_claim
ALT_000029,CLM_0003438,cross_border_claim
ALT_000029,CLM_0003439,cross_border_claim
ALT_000029,CLM_0014271,cross_border_claim
ALT_000029,CRD_000984,shopped_credential
ALT_000029,DOC_000653,suspect_doctor
ALT_000030,CLM_0000527,cross_border_claim
ALT_000030,CLM_0000528,cross_border_claim
ALT_000030,CLM_0000529,cross_border_claim
ALT_000030,CLM_0000615,cross_border_claim
ALT_000030,CLM_0000616,cross_border_claim
ALT_000030,CLM_0000617,cross_border_claim
ALT_000030,CLM_0001297,cross_border_claim
ALT_000030,CLM_0001298,cross_border_claim
ALT_000030,CLM_0001299,cross_border_claim
ALT_000030,CLM_0002998,cross_border_claim
ALT_000030,CLM_0003242,cross_border_claim
ALT_000030,CLM_0003243,cross_border_claim
ALT_000030,CLM_0003832,cross_border_claim
ALT_000030,CLM_0004156,cross_border_claim
ALT_000030,CLM_0004157,cross_border_claim
ALT_000030,CLM_0004158,cross_border_claim
ALT_000030,CLM_0005723,cross_border_claim
ALT_000030,CLM_0007283,cross_border_claim
ALT_000030,CLM_0010069,cross_border_claim
ALT_000030,CLM_0012790,cross_border_claim
ALT_000030,CLM_0012791,cross_border_claim
ALT_000030,CLM_0012792,cross_border_claim
ALT_000030,CLM_0013622,cross_border_claim
ALT_000030,CLM_0013623,cross_border_claim
ALT_000030,CLM_0013830,cross_border_claim
ALT_000030,CLM_0013831,cross_border_claim
ALT_000030,CLM_0015469,cross_border_claim
ALT_000030,CLM_0015470,cross_border_claim
ALT_000030,CLM_0016935,cross_border_claim
ALT_000030,CLM_0016936,cross_border_claim
ALT_000030,CLM_0016937,cross_border_claim
ALT_000030,CLM_0017034,cross_border_claim
ALT_000030,CLM_0017035,cross_border_claim
ALT_000030,CLM_0017036,cross_border_claim
ALT_000030,CLM_0017458,cross_border_claim
ALT_000030,CLM_0017885,cross_border_claim
ALT_000030,CLM_0020733,cross_border_claim
ALT_000030,CLM_0020734,cross_border_claim
ALT_000030,CLM_0020735,cross_border_claim
ALT_000030,CRD_001082,shopped_credential
ALT_000030,DOC_000722,suspect_doctor
ALT_000031,CLM_0004688,cross_border_claim
ALT_000031,CLM_0004689,cross_border_claim
ALT_000031,CLM_0004690,cross_border_claim
ALT_000031,CLM_0004720,cross_border_claim
ALT_000031,CLM_0007973,cross_border_claim
ALT_000031,CLM_0007974,cross_border_claim
ALT_000031,CLM_0009803,cross_border_claim
ALT_000031,CLM_0009804,cross_border_claim
ALT_000031,CLM_0013363,cross_border_claim
ALT_000031,CLM_0013364,cross_border_claim
ALT_000031,CLM_0014162,cross_border_claim
ALT_000031,CLM_0014163,cross_border_claim
ALT_000031,CLM_0018367,cross_border_claim
ALT_000031,CLM_0018368,cross_border_claim
ALT_000031,CLM_0018369,cross_border_claim
ALT_000031,CRD_001131,shopped_credential
ALT_000031,DOC_000756,suspect_doctor
ALT_000032,CLM_0001352,cross_border_claim
ALT_000032,CLM_0001691,cross_border_claim
ALT_000032,CLM_0001692,cross_border_claim
ALT_000032,CLM_0002943,cross_border_claim
ALT_000032,CLM_0003413,cross_border_claim
ALT_000032,CLM_0003414,cross_border_claim
ALT_000032,CLM_0004371,cross_border_claim
ALT_000032,CLM_0004372,cross_border_claim
ALT_000032,CLM_0004373,cross_border_claim
ALT_000032,CLM_0006908,cross_border_claim
ALT_000032,CLM_0006909,cross_border_claim
ALT_000032,CLM_0006910,cross_border_claim
ALT_000032,CLM_0008098,cross_border_claim
ALT_000032,CLM_0008099,cross_border_claim
ALT_000032,CLM_0008234,cross_border_claim
ALT_000032,CLM_0011130,cross_border_claim
ALT_000032,CLM_0011131,cross_border_claim
ALT_000032,CLM_0013414,cross_border_claim
ALT_000032,CLM_0013415,cross_border_claim
ALT_000032,CLM_0014105,cross_border_claim
ALT_000032,CLM_0015383,cross_border_claim
ALT_000032,CLM_0015384,cross_border_claim
ALT_000032,CLM_0015385,cross_border_claim
ALT_000032,CLM_0015492,cross_border_claim
ALT_000032,CLM_0016607,cross_border_claim
ALT_000032,CLM_0016608,cross_border_claim
ALT_000032,CLM_0016784,cross_border_claim
ALT_000032,CLM_0016785,cross_border_claim
ALT_000032,CLM_0019709,cross_border_claim
ALT_000032,CLM_0019710,cross_border_claim
ALT_000032,CRD_001185,shopped_credential
ALT_000032,DOC_000789,suspect_doctor
ALT_000033,CLM_0000313,cross_border_claim
ALT_000033,CLM_0000314,cross_border_claim
ALT_000033,CLM_0000315,cross_border_claim
ALT_000033,CLM_0001762,cross_border_claim
ALT_000033,CLM_0001919,cross_border_claim
ALT_000033,CLM_0001920,cross_border_claim
ALT_000033,CLM_0003164,cross_border_claim
ALT_000033,CLM_0003366,cross_border_claim
ALT_000033,CLM_0003367,cross_border_claim
ALT_000033,CLM_0004659,cross_border_claim
ALT_000033,CLM_0005684,cross_border_claim
ALT_000033,CLM_0005685,cross_border_claim
ALT_000033,CLM_0005686,cross_border_claim
ALT_000033,CLM_0005762,cross_border_claim
ALT_000033,CLM_0005763,cross_border_claim
ALT_000033,CLM_0005764,cross_border_claim
ALT_000033,CLM_0006327,cross_border_claim
ALT_000033,CLM_0006638,cross_border_claim
ALT_000033,CLM_0006639,cross_border_claim
ALT_000033,CLM_0006640,cross_border_claim
ALT_000033,CLM_0007325,cross_border_claim
ALT_000033,CLM_0007326,cross_border_claim
ALT_000033,CLM_0007327,cross_border_claim
ALT_000033,CLM_0007545,cross_border_claim
ALT_000033,CLM_0009285,cross_border_claim
ALT_000033,CLM_0009514,cross_border_claim
ALT_000033,CLM_0010224,cross_border_claim
ALT_000033,CLM_0010635,cross_border_claim
ALT_000033,CLM_0010636,cross_border_claim
ALT_000033,CLM_0010637,cross_border_claim
ALT_000033,CLM_0010971,cross_border_claim
ALT_000033,CLM_0010972,cross_border_claim
ALT_000033,CLM_0011113,cross_border_claim
ALT_000033,CLM_0011114,cross_border_claim
ALT_000033,CLM_0011627,cross_border_claim
ALT_000033,CLM_0013493,cross_border_claim
ALT_000033,CLM_0013494,cross_border_claim
ALT_000033,CLM_0013750,cross_border_claim
ALT_000033,CLM_0013824,cross_border_claim
ALT_000033,CLM_0013825,cross_border_claim
ALT_000033,CLM_0013826,cross_border_claim
ALT_000033,CLM_0014046,cross_border_claim
ALT_000033,CLM_0014055,cross_border_claim
ALT_000033,CLM_0014056,cross_border_claim
ALT_000033,CLM_0015379,cross_border_claim
ALT_000033,CLM_0016151,cross_border_claim
ALT_000033,CLM_0016152,cross_border_claim
ALT_000033,CLM_0016153,cross_border_claim
ALT_000033,CLM_0016172,cross_border_claim
ALT_000033,CLM_0016173,cross_border_claim
ALT_000033,CLM_0016174,cross_border_claim
ALT_000033,CLM_0016943,cross_border_claim
ALT_000033,CLM_0017163,cross_border_claim
ALT_000033,CLM_0017164,cross_border_claim
ALT_000033,CLM_0017165,cross_border_claim
ALT_000033,CLM_0017479,cross_border_claim
ALT_000033,CLM_0017480,cross_border_claim
ALT_000033,CLM_0017481,cross_border_claim
ALT_000033,CLM_0017685,cross_border_claim
ALT_000033,CLM_0017686,cross_border_claim
ALT_000033,CLM_0017687,cross_border_claim
ALT_000033,CLM_0018976,cross_border_claim
ALT_000033,CLM_0019101,cross_border_claim
ALT_000033,CLM_0019102,cross_border_claim
ALT_000033,CLM_0019493,cross_border_claim
ALT_000033,CLM_0019494,cross_border_claim
ALT_000033,CLM_0019495,cross_border_claim
ALT_000033,CLM_0019631,cross_border_claim
ALT_000033,CLM_0019632,cross_border_claim
ALT_000033,CLM_0020520,cross_border_claim
ALT_000033,CLM_0020521,cross_border_claim
ALT_000033,CLM_0020522,cross_border_claim
ALT_000033,CRD_001384,shopped_credential
ALT_000033,DOC_000933,suspect_doctor
ALT_000034,CLM_0000755,cross_border_claim
ALT_000034,CLM_0000756,cross_border_claim
ALT_000034,CLM_0005229,cross_border_claim
ALT_000034,CLM_0005230,cross_border_claim
ALT_000034,CLM_0005231,cross_border_claim
ALT_000034,CLM_0005841,cross_border_claim
ALT_000034,CLM_0005842,cross_border_claim
ALT_000034,CLM_0005843,cross_border_claim
ALT_000034,CLM_0008132,cross_border_claim
ALT_000034,CLM_0008133,cross_border_claim
ALT_000034,CLM_0014635,cross_border_claim
ALT_000034,CLM_0019833,cross_border_claim
ALT_000034,CLM_0019834,cross_border_claim
ALT_000034,CLM_0019835,cross_border_claim
ALT_000034,CLM_0020343,cross_border_claim
ALT_000034,CLM_0020344,cross_border_claim
ALT_000034,CLM_0020604,cross_border_claim
ALT_000034,CLM_0020605,cross_border_claim
ALT_000034,CRD_001462,shopped_credential
ALT_000034,DOC_000983,suspect_doctor
ALT_000035,CLM_0002815,cross_border_claim
ALT_000035,CLM_0014725,cross_border_claim
ALT_000035,CLM_0014726,cross_border_claim
ALT_000035,CLM_0014797,cross_border_claim
ALT_000035,CLM_0014798,cross_border_claim
ALT_000035,CLM_0014799,cross_border_claim
ALT_000035,CRD_001541,shopped_credential
ALT_000035,DOC_001042,suspect_doctor
ALT_000036,CLM_0002467,cross_border_claim
ALT_000036,CLM_0002468,cross_border_claim
ALT_000036,CLM_0002651,cross_border_claim
ALT_000036,CLM_0004612,cross_border_claim
ALT_000036,CLM_0004613,cross_border_claim
ALT_000036,CLM_0012298,cross_border_claim
ALT_000036,CLM_0012299,cross_border_claim
ALT_000036,CLM_0012300,cross_border_claim
ALT_000036,CLM_0012885,cross_border_claim
ALT_000036,CLM_0012886,cross_border_claim
ALT_000036,CRD_001701,shopped_credential
ALT_000036,DOC_001145,suspect_doctor
ALT_000037,CLM_0008606,cross_border_claim
ALT_000037,CLM_0010755,cross_border_claim
ALT_000037,CLM_0012288,cross_border_claim
ALT_000037,CLM_0012289,cross_border_claim
ALT_000037,CLM_0012290,cross_border_claim
ALT_000037,CLM_0014181,cross_border_claim
ALT_000037,CLM_0014357,cross_border_claim
ALT_000037,CLM_0014358,cross_border_claim
ALT_000037,CLM_0014359,cross_border_claim
ALT_000037,CLM_0015104,cross_border_claim
ALT_000037,CLM_0015105,cross_border_claim
ALT_000037,CLM_0015106,cross_border_claim
ALT_000037,CLM_0016223,cross_border_claim
ALT_000037,CLM_0016224,cross_border_claim
ALT_000037,CRD_001974,shopped_credential
ALT_000037,DOC_001333,suspect_doctor
ALT_000038,CLM_0002626,cross_border_claim
ALT_000038,CLM_0002877,cross_border_claim
ALT_000038,CLM_0002878,cross_border_claim
ALT_000038,CLM_0003863,cross_border_claim
ALT_000038,CLM_0003864,cross_border_claim
ALT_000038,CLM_0004820,cross_border_claim
ALT_000038,CLM_0006708,cross_border_claim
ALT_000038,CLM_0006709,cross_border_claim
ALT_000038,CLM_0008506,cross_border_claim
ALT_000038,CLM_0008507,cross_border_claim
ALT_000038,CLM_0008508,cross_border_claim
ALT_000038,CLM_0010044,cross_border_claim
ALT_000038,CLM_0010045,cross_border_claim
ALT_000038,CLM_0010318,cross_border_claim
ALT_000038,CLM_0010319,cross_border_claim
ALT_000038,CLM_0014340,cross_border_claim
ALT_000038,CLM_0015734,cross_border_claim
ALT_000038,CRD_002103,shopped_credential
ALT_000038,DOC_001416,suspect_doctor
ALT_000039,CLM_0001500,cross_border_claim
ALT_000039,CLM_0001551,cross_border_claim
ALT_000039,CLM_0001552,cross_border_claim
ALT_000039,CLM_0001858,cross_border_claim
ALT_000039,CLM_0002276,cross_border_claim
ALT_000039,CLM_0002340,cross_border_claim
ALT_000039,CLM_0002679,cross_border_claim
ALT_000039,CLM_0002680,cross_border_claim
ALT_000039,CLM_0002681,cross_border_claim
ALT_000039,CLM_0004030,cross_border_claim
ALT_000039,CLM_0004031,cross_border_claim
ALT_000039,CLM_0004236,cross_border_claim
ALT_000039,CLM_0004237,cross_border_claim
ALT_000039,CLM_0004890,cross_border_claim
ALT_000039,CLM_0004891,cross_border_claim
ALT_000039,CLM_0004958,cross_border_claim
ALT_000039,CLM_0005800,cross_border_claim
ALT_000039,CLM_0006273,cross_border_claim
ALT_000039,CLM_0006274,cross_border_claim
ALT_000039,CLM_0006911,cross_border_claim
ALT_000039,CLM_0006912,cross_border_claim
ALT_000039,CLM_0006961,cross_border_claim
ALT_000039,CLM_0006962,cross_border_claim
ALT_000039,CLM_0006963,cross_border_claim
ALT_000039,CLM_0006967,cross_border_claim
ALT_000039,CLM_0006968,cross_border_claim
ALT_000039,CLM_0006969,cross_border_claim
ALT_000039,CLM_0006982,cross_border_claim
ALT_000039,CLM_0006983,cross_border_claim
ALT_000039,CLM_0008555,cross_border_claim
ALT_000039,CLM_0009163,cross_border_claim
ALT_000039,CLM_0009164,cross_border_claim
ALT_000039,CLM_0009967,cross_border_claim
ALT_000039,CLM_0009968,cross_border_claim
ALT_000039,CLM_0010049,cross_border_claim
ALT_000039,CLM_0010050,cross_border_claim
ALT_000039,CLM_0011570,cross_border_claim
ALT_000039,CLM_0011680,cross_border_claim
ALT_000039,CLM_0011681,cross_border_claim
ALT_000039,CLM_0011945,cross_border_claim
ALT_000039,CLM_0011946,cross_border_claim
ALT_000039,CLM_0011947,cross_border_claim
ALT_000039,CLM_0012386,cross_border_claim
ALT_000039,CLM_0012387,cross_border_claim
ALT_000039,CLM_0012388,cross_border_claim
ALT_000039,CLM_0012568,cross_border_claim
ALT_000039,CLM_0012569,cross_border_claim
ALT_000039,CLM_0012570,cross_border_claim
ALT_000039,CLM_0012636,cross_border_claim
ALT_000039,CLM_0012637,cross_border_claim
ALT_000039,CLM_0013896,cross_border_claim
ALT_000039,CLM_0013897,cross_border_claim
ALT_000039,CLM_0013898,cross_border_claim
ALT_000039,CLM_0013957,cross_border_claim
ALT_000039,CLM_0015146,cross_border_claim
ALT_000039,CLM_0015147,cross_border_claim
ALT_000039,CLM_0015148,cross_border_claim
ALT_000039,CLM_0015442,cross_border_claim
ALT_000039,CLM_0015443,cross_border_claim
ALT_000039,CLM_0015619,cross_border_claim
ALT_000039,CLM_0015961,cross_border_claim
ALT_000039,CLM_0015962,cross_border_claim
ALT_000039,CLM_0015963,cross_border_claim
ALT_000039,CLM_0016218,cross_border_claim
ALT_000039,CLM_0016219,cross_border_claim
ALT_000039,CLM_0018180,cross_border_claim
ALT_000039,CLM_0018181,cross_border_claim
ALT_000039,CLM_0018182,cross_border_claim
ALT_000039,CLM_0018665,cross_border_claim
ALT_000039,CLM_0018666,cross_border_claim
ALT_000039,CLM_0018667,cross_border_claim
ALT_000039,CLM_0018844,cross_border_claim
ALT_000039,CLM_0019091,cross_border_claim
ALT_000039,CLM_0019092,cross_border_claim
ALT_000039,CLM_0019093,cross_border_claim
ALT_000039,CLM_0019458,cross_border_claim
ALT_000039,CLM_0019459,cross_border_claim
ALT_000039,CLM_0020003,cross_border_claim
ALT_000039,CLM_0020004,cross_border_claim
ALT_000039,CLM_0020005,cross_border_claim
ALT_000039,CLM_0020061,cross_border_claim
ALT_000039,CLM_0020062,cross_border_claim
ALT_000039,CLM_0020638,cross_border_claim
ALT_000039,CLM_0020639,cross_border_claim
ALT_000039,CLM_0020640,cross_border_claim
ALT_000039,CLM_0020995,cross_border_claim
ALT_000039,CLM_0020996,cross_border_claim
ALT_000039,CLM_0020997,cross_border_claim
ALT_000039,CLM_0021110,cross_border_claim
ALT_000039,CLM_0021479,cross_border_claim
ALT_000039,CLM_0021480,cross_border_claim
ALT_000039,CLM_0021500,cross_border_claim
ALT_000039,CRD_002159,shopped_credential
ALT_000039,DOC_001451,suspect_doctor
ALT_000040,CLM_0002902,cross_border_claim
ALT_000040,CLM_0009175,cross_border_claim
ALT_000040,CLM_0009176,cross_border_claim
ALT_000040,CLM_0009177,cross_border_claim
ALT_000040,CLM_0010539,cross_border_claim
ALT_000040,CLM_0010540,cross_border_claim
ALT_000040,CLM_0010541,cross_border_claim
ALT_000040,CLM_0017897,cross_border_claim
ALT_000040,CLM_0018090,cross_border_claim
ALT_000040,CLM_0019828,cross_border_claim
ALT_000040,CLM_0019829,cross_border_claim
ALT_000040,CRD_002166,shopped_credential
ALT_000040,DOC_001456,suspect_doctor
ALT_000041,CLM_0005329,cross_border_claim
ALT_000041,CLM_0005330,cross_border_claim
ALT_000041,CLM_0005701,cross_border_claim
ALT_000041,CLM_0005702,cross_border_claim
ALT_000041,CLM_0008239,cross_border_claim
ALT_000041,CLM_0013637,cross_border_claim
ALT_000041,CLM_0013638,cross_border_claim
ALT_000041,CRD_002227,shopped_credential
ALT_000041,DOC_001497,suspect_doctor
ALT_000042,CLM_0013577,post_revocation_claim
ALT_000042,CLM_0016039,post_revocation_claim
ALT_000042,CLM_0016040,post_revocation_claim
ALT_000042,CLM_0016041,post_revocation_claim
ALT_000042,CLM_0017232,post_revocation_claim
ALT_000042,CLM_0020690,post_revocation_claim
ALT_000042,CLM_0020691,post_revocation_claim
ALT_000042,CRD_000025,revoked_credential
ALT_000042,DOC_000017,suspect_doctor
ALT_000043,CLM_0001770,post_revocation_claim
ALT_000043,CLM_0001771,post_revocation_claim
ALT_000043,CLM_0002214,post_revocation_claim
ALT_000043,CLM_0008792,post_revocation_claim
ALT_000043,CLM_0008793,post_revocation_claim
ALT_000043,CLM_0011986,post_revocation_claim
ALT_000043,CLM_0011987,post_revocation_claim
ALT_000043,CLM_0014345,post_revocation_claim
ALT_000043,CLM_0014346,post_revocation_claim
ALT_000043,CLM_0014601,post_revocation_claim
ALT_000043,CLM_0017024,post_revocation_claim
ALT_000043,CLM_0017025,post_revocation_claim
ALT_000043,CLM_0017026,post_revocation_claim
ALT_000043,CLM_0018639,post_revocation_claim
ALT_000043,CLM_0018640,post_revocation_claim
ALT_000043,CLM_0020698,post_revocation_claim
ALT_000043,CLM_0020699,post_revocation_claim
ALT_000043,CRD_000031,revoked_credential
ALT_000043,DOC_000021,suspect_doctor
ALT_000044,CLM_0000163,post_revocation_claim
ALT_000044,CLM_0000164,post_revocation_claim
ALT_000044,CLM_0000165,post_revocation_claim
ALT_000044,CLM_0007469,post_revocation_claim
ALT_000044,CLM_0007470,post_revocation_claim
ALT_000044,CLM_0007471,post_revocation_claim
ALT_000044,CLM_0008590,post_revocation_claim
ALT_000044,CLM_0008591,post_revocation_claim
ALT_000044,CLM_0008721,post_revocation_claim
ALT_000044,CLM_0008823,post_revocation_claim
ALT_000044,CLM_0008824,post_revocation_claim
ALT_000044,CLM_0009069,post_revocation_claim
ALT_000044,CLM_0011829,post_revocation_claim
ALT_000044,CLM_0011830,post_revocation_claim
ALT_000044,CLM_0014057,post_revocation_claim
ALT_000044,CLM_0014825,post_revocation_claim
ALT_000044,CLM_0014826,post_revocation_claim
ALT_000044,CLM_0015718,post_revocation_claim
ALT_000044,CLM_0017252,post_revocation_claim
ALT_000044,CLM_0017253,post_revocation_claim
ALT_000044,CLM_0017701,post_revocation_claim
ALT_000044,CLM_0017702,post_revocation_claim
ALT_000044,CLM_0017703,post_revocation_claim
ALT_000044,CLM_0021174,post_revocation_claim
ALT_000044,CLM_0021175,post_revocation_claim
ALT_000044,CLM_0021176,post_revocation_claim
ALT_000044,CLM_0021336,post_revocation_claim
ALT_000044,CLM_0021337,post_revocation_claim
ALT_000044,CLM_0021338,post_revocation_claim
ALT_000044,CRD_000260,revoked_credential
ALT_000044,DOC_000167,suspect_doctor
ALT_000045,CLM_0000988,post_revocation_claim
ALT_000045,CLM_0000989,post_revocation_claim
ALT_000045,CLM_0003396,post_revocation_claim
ALT_000045,CLM_0003397,post_revocation_claim
ALT_000045,CLM_0003398,post_revocation_claim
ALT_000045,CLM_0009971,post_revocation_claim
ALT_000045,CLM_0009972,post_revocation_claim
ALT_000045,CLM_0010138,post_revocation_claim
ALT_000045,CLM_0010139,post_revocation_claim
ALT_000045,CLM_0010522,post_revocation_claim
ALT_000045,CLM_0010523,post_revocation_claim
ALT_000045,CLM_0010524,post_revocation_claim
ALT_000045,CLM_0015374,post_revocation_claim
ALT_000045,CLM_0015375,post_revocation_claim
ALT_000045,CRD_000317,revoked_credential
ALT_000045,DOC_000204,suspect_doctor
ALT_000046,CLM_0001892,post_revocation_claim
ALT_000046,CLM_0009697,post_revocation_claim
ALT_000046,CLM_0020862,post_revocation_claim
ALT_000046,CRD_000336,revoked_credential
ALT_000046,DOC_000217,suspect_doctor
ALT_000047,CLM_0000952,post_revocation_claim
ALT_000047,CLM_0000953,post_revocation_claim
ALT_000047,CLM_0005564,post_revocation_claim
ALT_000047,CLM_0005565,post_revocation_claim
ALT_000047,CLM_0005566,post_revocation_claim
ALT_000047,CLM_0007311,post_revocation_claim
ALT_000047,CLM_0007312,post_revocation_claim
ALT_000047,CLM_0013916,post_revocation_claim
ALT_000047,CLM_0013917,post_revocation_claim
ALT_000047,CLM_0015777,post_revocation_claim
ALT_000047,CLM_0015778,post_revocation_claim
ALT_000047,CRD_000444,revoked_credential
ALT_000047,DOC_000289,suspect_doctor
ALT_000048,CLM_0006980,post_revocation_claim
ALT_000048,CLM_0006981,post_revocation_claim
ALT_000048,CLM_0016597,post_revocation_claim
ALT_000048,CLM_0016867,post_revocation_claim
ALT_000048,CLM_0016868,post_revocation_claim
ALT_000048,CLM_0019122,post_revocation_claim
ALT_000048,CLM_0019123,post_revocation_claim
ALT_000048,CLM_0021569,post_revocation_claim
ALT_000048,CLM_0021570,post_revocation_claim
ALT_000048,CLM_0021571,post_revocation_claim
ALT_000048,CRD_000672,revoked_credential
ALT_000048,DOC_000438,suspect_doctor
ALT_000049,CLM_0000236,post_revocation_claim
ALT_000049,CLM_0000237,post_revocation_claim
ALT_000049,CLM_0000238,post_revocation_claim
ALT_000049,CLM_0002813,post_revocation_claim
ALT_000049,CLM_0003547,post_revocation_claim
ALT_000049,CLM_0003548,post_revocation_claim
ALT_000049,CLM_0003549,post_revocation_claim
ALT_000049,CLM_0005968,post_revocation_claim
ALT_000049,CLM_0005969,post_revocation_claim
ALT_000049,CLM_0006609,post_revocation_claim
ALT_000049,CLM_0018718,post_revocation_claim
ALT_000049,CLM_0020242,post_revocation_claim
ALT_000049,CLM_0021177,post_revocation_claim
ALT_000049,CRD_000747,revoked_credential
ALT_000049,DOC_000491,suspect_doctor
ALT_000050,CLM_0000212,post_revocation_claim
ALT_000050,CLM_0000213,post_revocation_claim
ALT_000050,CRD_001187,revoked_credential
ALT_000050,DOC_000791,suspect_doctor
ALT_000051,CLM_0001996,post_revocation_claim
ALT_000051,CLM_0001997,post_revocation_claim
ALT_000051,CLM_0001998,post_revocation_claim
ALT_000051,CLM_0003537,post_revocation_claim
ALT_000051,CLM_0004844,post_revocation_claim
ALT_000051,CLM_0004845,post_revocation_claim
ALT_000051,CLM_0010279,post_revocation_claim
ALT_000051,CLM_0010280,post_revocation_claim
ALT_000051,CLM_0010281,post_revocation_claim
ALT_000051,CLM_0016273,post_revocation_claim
ALT_000051,CLM_0016274,post_revocation_claim
ALT_000051,CLM_0016275,post_revocation_claim
ALT_000051,CRD_001208,revoked_credential
ALT_000051,DOC_000805,suspect_doctor
ALT_000052,CLM_0003283,post_revocation_claim
ALT_000052,CLM_0006079,post_revocation_claim
ALT_000052,CLM_0019754,post_revocation_claim
ALT_000052,CLM_0019755,post_revocation_claim
ALT_000052,CRD_001321,revoked_credential
ALT_000052,DOC_000887,suspect_doctor
ALT_000053,CLM_0007371,post_revocation_claim
ALT_000053,CLM_0007372,post_revocation_claim
ALT_000053,CLM_0011524,post_revocation_claim
ALT_000053,CRD_001404,revoked_credential
ALT_000053,DOC_000946,suspect_doctor
ALT_000054,CLM_0015672,post_revocation_claim
ALT_000054,CLM_0015673,post_revocation_claim
ALT_000054,CRD_001479,revoked_credential
ALT_000054,DOC_000997,suspect_doctor
ALT_000055,CLM_0012882,post_revocation_claim
ALT_000055,CLM_0015834,post_revocation_claim
ALT_000055,CRD_001644,revoked_credential
ALT_000055,DOC_001107,suspect_doctor
ALT_000056,CLM_0000886,post_revocation_claim
ALT_000056,CLM_0004019,post_revocation_claim
ALT_000056,CLM_0004020,post_revocation_claim
ALT_000056,CLM_0010349,post_revocation_claim
ALT_000056,CLM_0010350,post_revocation_claim
ALT_000056,CLM_0010995,post_revocation_claim
ALT_000056,CLM_0010996,post_revocation_claim
ALT_000056,CLM_0011715,post_revocation_claim
ALT_000056,CLM_0011716,post_revocation_claim
ALT_000056,CLM_0011717,post_revocation_claim
ALT_000056,CLM_0012357,post_revocation_claim
ALT_000056,CLM_0012358,post_revocation_claim
ALT_000056,CLM_0012665,post_revocation_claim
ALT_000056,CLM_0012666,post_revocation_claim
ALT_000056,CLM_0012667,post_revocation_claim
ALT_000056,CLM_0016449,post_revocation_claim
ALT_000056,CLM_0019291,post_revocation_claim
ALT_000056,CLM_0019292,post_revocation_claim
ALT_000056,CRD_001706,revoked_credential
ALT_000056,DOC_001149,suspect_doctor
ALT_000057,CLM_0020423,post_revocation_claim
ALT_000057,CLM_0020424,post_revocation_claim
ALT_000057,CRD_001766,revoked_credential
ALT_000057,DOC_001194,suspect_doctor
ALT_000058,CLM_0006918,post_revocation_claim
ALT_000058,CLM_0009429,post_revocation_claim
ALT_000058,CLM_0013877,post_revocation_claim
ALT_000058,CLM_0013878,post_revocation_claim
ALT_000058,CLM_0013879,post_revocation_claim
ALT_000058,CRD_001805,revoked_credential
ALT_000058,DOC_001221,suspect_doctor
ALT_000059,CLM_0002102,post_revocation_claim
ALT_000059,CLM_0002103,post_revocation_claim
ALT_000059,CLM_0002104,post_revocation_claim
ALT_000059,CLM_0003251,post_revocation_claim
ALT_000059,CLM_0003252,post_revocation_claim
ALT_000059,CLM_0005704,post_revocation_claim
ALT_000059,CLM_0005705,post_revocation_claim
ALT_000059,CLM_0005706,post_revocation_claim
ALT_000059,CLM_0006552,post_revocation_claim
ALT_000059,CLM_0007330,post_revocation_claim
ALT_000059,CLM_0007331,post_revocation_claim
ALT_000059,CLM_0009437,post_revocation_claim
ALT_000059,CLM_0010134,post_revocation_claim
ALT_000059,CLM_0012852,post_revocation_claim
ALT_000059,CLM_0012853,post_revocation_claim
ALT_000059,CLM_0013357,post_revocation_claim
ALT_000059,CLM_0017326,post_revocation_claim
ALT_000059,CLM_0017327,post_revocation_claim
ALT_000059,CLM_0017379,post_revocation_claim
ALT_000059,CLM_0017380,post_revocation_claim
ALT_000059,CLM_0017795,post_revocation_claim
ALT_000059,CLM_0017796,post_revocation_claim
ALT_000059,CLM_0017797,post_revocation_claim
ALT_000059,CLM_0017913,post_revocation_claim
ALT_000059,CRD_001966,revoked_credential
ALT_000059,CRD_001967,revoked_credential
ALT_000059,DOC_001329,suspect_doctor
ALT_000060,CLM_0001974,post_revocation_claim
ALT_000060,CLM_0001975,post_revocation_claim
ALT_000060,CLM_0014485,post_revocation_claim
ALT_000060,CLM_0014486,post_revocation_claim
ALT_000060,CLM_0014487,post_revocation_claim
ALT_000060,CRD_002140,revoked_credential
ALT_000060,DOC_001440,suspect_doctor
ALT_000061,CLM_0012089,post_revocation_claim
ALT_000061,CLM_0014077,post_revocation_claim
ALT_000061,CRD_002215,revoked_credential
ALT_000061,DOC_001490,suspect_doctor
ALT_000062,ACC_001602,hub_account
ALT_000062,ADR_000802,shared_address
ALT_000062,BRK_000252,feeder_broker
ALT_000062,CLI_000602,ghost_clinic
ALT_000062,CLM_0021684,suspect_claim
ALT_000062,CLM_0021685,suspect_claim
ALT_000062,CLM_0021686,suspect_claim
ALT_000062,CLM_0021687,suspect_claim
ALT_000062,CLM_0021688,suspect_claim
ALT_000062,CLM_0021689,suspect_claim
ALT_000062,CLM_0021690,suspect_claim
ALT_000062,CLM_0021691,suspect_claim
ALT_000062,CLM_0021692,suspect_claim
ALT_000062,CLM_0021693,suspect_claim
ALT_000062,CLM_0021694,suspect_claim
ALT_000062,CLM_0021695,suspect_claim
ALT_000062,CLM_0021696,suspect_claim
ALT_000062,CLM_0021697,suspect_claim
ALT_000062,CLM_0021698,suspect_claim
ALT_000062,CLM_0021699,suspect_claim
ALT_000062,CLM_0021700,suspect_claim
ALT_000062,CLM_0021701,suspect_claim
ALT_000062,CLM_0021702,suspect_claim
ALT_000062,CLM_0021703,suspect_claim
ALT_000062,CLM_0021704,suspect_claim
ALT_000062,CLM_0021705,suspect_claim
ALT_000062,CLM_0021706,suspect_claim
ALT_000062,CLM_0021707,suspect_claim
ALT_000062,CLM_0021708,suspect_claim
ALT_000062,CLM_0021709,suspect_claim
ALT_000062,CLM_0021710,suspect_claim
ALT_000062,CLM_0021711,suspect_claim
ALT_000062,CLM_0021712,suspect_claim
ALT_000062,CLM_0021713,suspect_claim
ALT_000062,CLM_0021714,suspect_claim
ALT_000062,CLM_0021715,suspect_claim
ALT_000062,CLM_0021716,suspect_claim
ALT_000062,CLM_0021717,suspect_claim
ALT_000062,CLM_0021718,suspect_claim
ALT_000062,CLM_0021719,suspect_claim
ALT_000062,CLM_0021720,suspect_claim
ALT_000062,CLM_0021721,suspect_claim
ALT_000062,CLM_0021722,suspect_claim
ALT_000062,CLM_0021723,suspect_claim
ALT_000062,CLM_0021724,suspect_claim
ALT_000062,CLM_0021725,suspect_claim
ALT_000062,CLM_0021726,suspect_claim
ALT_000062,CLM_0021727,suspect_claim
ALT_000062,CLM_0021728,suspect_claim
ALT_000062,CLM_0021729,suspect_claim
ALT_000062,CLM_0021730,suspect_claim
ALT_000062,CLM_0021731,suspect_claim
ALT_000062,CLM_0021732,suspect_claim
ALT_000062,CLM_0021733,suspect_claim
ALT_000062,CLM_0021734,suspect_claim
ALT_000062,CLM_0021735,suspect_claim
ALT_000062,CLM_0021736,suspect_claim
ALT_000062,CLM_0021737,suspect_claim
ALT_000062,CLM_0021738,suspect_claim
ALT_000062,CLM_0021739,suspect_claim
ALT_000063,ACC_001605,hub_account
ALT_000063,ADR_000803,shared_address
ALT_000063,BRK_000253,feeder_broker
ALT_000063,CLI_000603,ghost_clinic
ALT_000063,CLM_0021740,suspect_claim
ALT_000063,CLM_0021741,suspect_claim
ALT_000063,CLM_0021742,suspect_claim
ALT_000063,CLM_0021743,suspect_claim
ALT_000063,CLM_0021744,suspect_claim
ALT_000063,CLM_0021745,suspect_claim
ALT_000063,CLM_0021746,suspect_claim
ALT_000063,CLM_0021747,suspect_claim
ALT_000063,CLM_0021748,suspect_claim
ALT_000063,CLM_0021749,suspect_claim
ALT_000063,CLM_0021750,suspect_claim
ALT_000063,CLM_0021751,suspect_claim
ALT_000063,CLM_0021752,suspect_claim
ALT_000063,CLM_0021753,suspect_claim
ALT_000063,CLM_0021754,suspect_claim
ALT_000063,CLM_0021755,suspect_claim
ALT_000063,CLM_0021756,suspect_claim
ALT_000063,CLM_0021757,suspect_claim
ALT_000063,CLM_0021758,suspect_claim
ALT_000063,CLM_0021759,suspect_claim
ALT_000063,CLM_0021760,suspect_claim
ALT_000063,CLM_0021761,suspect_claim
ALT_000063,CLM_0021762,suspect_claim
ALT_000063,CLM_0021763,suspect_claim
ALT_000063,CLM_0021764,suspect_claim
ALT_000063,CLM_0021765,suspect_claim
ALT_000063,CLM_0021766,suspect_claim
ALT_000063,CLM_0021767,suspect_claim
ALT_000063,CLM_0021768,suspect_claim
ALT_000063,CLM_0021769,suspect_claim
ALT_000063,CLM_0021770,suspect_claim
ALT_000063,CLM_0021771,suspect_claim
ALT_000063,CLM_0021772,suspect_claim
ALT_000063,CLM_0021773,suspect_claim
ALT_000063,CLM_0021774,suspect_claim
ALT_000063,CLM_0021775,suspect_claim
ALT_000063,CLM_0021776,suspect_claim
ALT_000063,CLM_0021777,suspect_claim
ALT_000063,CLM_0021778,suspect_claim
ALT_000063,CLM_0021779,suspect_claim
ALT_000063,CLM_0021780,suspect_claim
ALT_000063,CLM_0021781,suspect_claim
ALT_000063,CLM_0021782,suspect_claim
ALT_000063,CLM_0021783,suspect_claim
ALT_000063,CLM_0021784,suspect_claim
ALT_000063,CLM_0021785,suspect_claim
ALT_000063,CLM_0021786,suspect_claim
ALT_000063,CLM_0021787,suspect_claim
ALT_000063,CLM_0021788,suspect_claim
ALT_000063,CLM_0021789,suspect_claim
ALT_000063,CLM_0021790,suspect_claim
ALT_000063,CLM_0021791,suspect_claim
ALT_000063,CLM_0021792,suspect_claim
ALT_000063,CLM_0021793,suspect_claim
ALT_000063,CLM_0021794,suspect_claim
ALT_000063,CLM_0021795,suspect_claim
ALT_000064,ACC_001599,hub_account
ALT_000064,ADR_000801,shared_address
ALT_000064,BRK_000251,feeder_broker
ALT_000064,CLI_000601,ghost_clinic
ALT_000064,CLM_0021628,suspect_claim
ALT_000064,CLM_0021629,suspect_claim
ALT_000064,CLM_0021630,suspect_claim
ALT_000064,CLM_0021631,suspect_claim
ALT_000064,CLM_0021632,suspect_claim
ALT_000064,CLM_0021633,suspect_claim
ALT_000064,CLM_0021634,suspect_claim
ALT_000064,CLM_0021635,suspect_claim
ALT_000064,CLM_0021636,suspect_claim
ALT_000064,CLM_0021637,suspect_claim
ALT_000064,CLM_0021638,suspect_claim
ALT_000064,CLM_0021639,suspect_claim
ALT_000064,CLM_0021640,suspect_claim
ALT_000064,CLM_0021641,suspect_claim
ALT_000064,CLM_0021642,suspect_claim
ALT_000064,CLM_0021643,suspect_claim
ALT_000064,CLM_0021644,suspect_claim
ALT_000064,CLM_0021645,suspect_claim
ALT_000064,CLM_0021646,suspect_claim
ALT_000064,CLM_0021647,suspect_claim
ALT_000064,CLM_0021648,suspect_claim
ALT_000064,CLM_0021649,suspect_claim
ALT_000064,CLM_0021650,suspect_claim
ALT_000064,CLM_0021651,suspect_claim
ALT_000064,CLM_0021652,suspect_claim
ALT_000064,CLM_0021653,suspect_claim
ALT_000064,CLM_0021654,suspect_claim
ALT_000064,CLM_0021655,suspect_claim
ALT_000064,CLM_0021656,suspect_claim
ALT_000064,CLM_0021657,suspect_claim
ALT_000064,CLM_0021658,suspect_claim
ALT_000064,CLM_0021659,suspect_claim
ALT_000064,CLM_0021660,suspect_claim
ALT_000064,CLM_0021661,suspect_claim
ALT_000064,CLM_0021662,suspect_claim
ALT_000064,CLM_0021663,suspect_claim
ALT_000064,CLM_0021664,suspect_claim
ALT_000064,CLM_0021665,suspect_claim
ALT_000064,CLM_0021666,suspect_claim
ALT_000064,CLM_0021667,suspect_claim
ALT_000064,CLM_0021668,suspect_claim
ALT_000064,CLM_0021669,suspect_claim
ALT_000064,CLM_0021670,suspect_claim
ALT_000064,CLM_0021671,suspect_claim
ALT_000064,CLM_0021672,suspect_claim
ALT_000064,CLM_0021673,suspect_claim
ALT_000064,CLM_0021674,suspect_claim
ALT_000064,CLM_0021675,suspect_claim
ALT_000064,CLM_0021676,suspect_claim
ALT_000064,CLM_0021677,suspect_claim
ALT_000064,CLM_0021678,suspect_claim
ALT_000064,CLM_0021679,suspect_claim
ALT_000064,CLM_0021680,suspect_claim
ALT_000064,CLM_0021681,suspect_claim
ALT_000064,CLM_0021682,suspect_claim
ALT_000064,CLM_0021683,suspect_claim
ALT_000065,ACC_000464,hub_account
ALT_000065,CLI_000228,ghost_clinic
ALT_000065,CLM_0000166,suspect_claim
ALT_000065,CLM_0001677,suspect_claim
ALT_000065,CLM_0001678,suspect_claim
ALT_000065,CLM_0002017,suspect_claim
ALT_000065,CLM_0002018,suspect_claim
ALT_000065,CLM_0002019,suspect_claim
ALT_000065,CLM_0002501,suspect_claim
ALT_000065,CLM_0002502,suspect_claim
ALT_000065,CLM_0003082,suspect_claim
ALT_000065,CLM_0003083,suspect_claim
ALT_000065,CLM_0003084,suspect_claim
ALT_000065,CLM_0003916,suspect_claim
ALT_000065,CLM_0004039,suspect_claim
ALT_000065,CLM_0004040,suspect_claim
ALT_000065,CLM_0004096,suspect_claim
ALT_000065,CLM_0004097,suspect_claim
ALT_000065,CLM_0004098,suspect_claim
ALT_000065,CLM_0006649,suspect_claim
ALT_000065,CLM_0006650,suspect_claim
ALT_000065,CLM_0007142,suspect_claim
ALT_000065,CLM_0007143,suspect_claim
ALT_000065,CLM_0007144,suspect_claim
ALT_000065,CLM_0007631,suspect_claim
ALT_000065,CLM_0007632,suspect_claim
ALT_000065,CLM_0008290,suspect_claim
ALT_000065,CLM_0008291,suspect_claim
ALT_000065,CLM_0009024,suspect_claim
ALT_000065,CLM_0009025,suspect_claim
ALT_000065,CLM_0009623,suspect_claim
ALT_000065,CLM_0009624,suspect_claim
ALT_000065,CLM_0009625,suspect_claim
ALT_000065,CLM_0009641,suspect_claim
ALT_000065,CLM_0009850,suspect_claim
ALT_000065,CLM_0010789,suspect_claim
ALT_000065,CLM_0011593,suspect_claim
ALT_000065,CLM_0011723,suspect_claim
ALT_000065,CLM_0014019,suspect_claim
ALT_000065,CLM_0014020,suspect_claim
ALT_000065,CLM_0014021,suspect_claim
ALT_000065,CLM_0014157,suspect_claim
ALT_000065,CLM_0014158,suspect_claim
ALT_000065,CLM_0015780,suspect_claim
ALT_000065,CLM_0015781,suspect_claim
ALT_000065,CLM_0018792,suspect_claim
ALT_000065,CLM_0018793,suspect_claim
ALT_000065,CLM_0019549,suspect_claim
ALT_000065,CLM_0019550,suspect_claim
ALT_000065,CLM_0020319,suspect_claim
ALT_000065,CLM_0020392,suspect_claim
ALT_000065,CLM_0021321,suspect_claim
ALT_000065,CLM_0021322,suspect_claim
ALT_000065,CLM_0021323,suspect_claim
ALT_000066,ACC_000769,hub_account
ALT_000066,CLI_000380,ghost_clinic
ALT_000066,CLM_0000134,suspect_claim
ALT_000066,CLM_0001255,suspect_claim
ALT_000066,CLM_0001256,suspect_claim
ALT_000066,CLM_0001365,suspect_claim
ALT_000066,CLM_0001366,suspect_claim
ALT_000066,CLM_0002555,suspect_claim
ALT_000066,CLM_0002556,suspect_claim
ALT_000066,CLM_0002557,suspect_claim
ALT_000066,CLM_0003016,suspect_claim
ALT_000066,CLM_0003140,suspect_claim
ALT_000066,CLM_0003141,suspect_claim
ALT_000066,CLM_0003142,suspect_claim
ALT_000066,CLM_0003193,suspect_claim
ALT_000066,CLM_0003194,suspect_claim
ALT_000066,CLM_0003195,suspect_claim
ALT_000066,CLM_0003701,suspect_claim
ALT_000066,CLM_0004183,suspect_claim
ALT_000066,CLM_0004212,suspect_claim
ALT_000066,CLM_0004213,suspect_claim
ALT_000066,CLM_0004214,suspect_claim
ALT_000066,CLM_0004268,suspect_claim
ALT_000066,CLM_0004269,suspect_claim
ALT_000066,CLM_0004457,suspect_claim
ALT_000066,CLM_0004458,suspect_claim
ALT_000066,CLM_0004459,suspect_claim
ALT_000066,CLM_0004814,suspect_claim
ALT_000066,CLM_0004815,suspect_claim
ALT_000066,CLM_0004816,suspect_claim
ALT_000066,CLM_0004831,suspect_claim
ALT_000066,CLM_0004832,suspect_claim
ALT_000066,CLM_0004833,suspect_claim
ALT_000066,CLM_0006044,suspect_claim
ALT_000066,CLM_0006045,suspect_claim
ALT_000066,CLM_0006214,suspect_claim
ALT_000066,CLM_0006215,suspect_claim
ALT_000066,CLM_0006612,suspect_claim
ALT_000066,CLM_0007004,suspect_claim
ALT_000066,CLM_0007005,suspect_claim
ALT_000066,CLM_0007211,suspect_claim
ALT_000066,CLM_0007212,suspect_claim
ALT_000066,CLM_0007213,suspect_claim
ALT_000066,CLM_0007404,suspect_claim
ALT_000066,CLM_0007405,suspect_claim
ALT_000066,CLM_0007406,suspect_claim
ALT_000066,CLM_0007874,suspect_claim
ALT_000066,CLM_0007875,suspect_claim
ALT_000066,CLM_0007876,suspect_claim
ALT_000066,CLM_0009362,suspect_claim
ALT_000066,CLM_0009363,suspect_claim
ALT_000066,CLM_0009364,suspect_claim
ALT_000066,CLM_0009405,suspect_claim
ALT_000066,CLM_0009454,suspect_claim
ALT_000066,CLM_0009455,suspect_claim
ALT_000066,CLM_0010275,suspect_claim
ALT_000066,CLM_0010276,suspect_claim
ALT_000066,CLM_0010409,suspect_claim
ALT_000066,CLM_0010571,suspect_claim
ALT_000066,CLM_0010572,suspect_claim
ALT_000066,CLM_0011493,suspect_claim
ALT_000066,CLM_0011494,suspect_claim
ALT_000066,CLM_0011495,suspect_claim
ALT_000066,CLM_0012043,suspect_claim
ALT_000066,CLM_0012044,suspect_claim
ALT_000066,CLM_0012045,suspect_claim
ALT_000066,CLM_0012098,suspect_claim
ALT_000066,CLM_0012099,suspect_claim
ALT_000066,CLM_0012100,suspect_claim
ALT_000066,CLM_0012127,suspect_claim
ALT_000066,CLM_0012128,suspect_claim
ALT_000066,CLM_0012129,suspect_claim
ALT_000066,CLM_0012578,suspect_claim
ALT_000066,CLM_0012579,suspect_claim
ALT_000066,CLM_0012580,suspect_claim
ALT_000066,CLM_0012607,suspect_claim
ALT_000066,CLM_0014743,suspect_claim
ALT_000066,CLM_0014744,suspect_claim
ALT_000066,CLM_0014745,suspect_claim
ALT_000066,CLM_0014813,suspect_claim
ALT_000066,CLM_0015455,suspect_claim
ALT_000066,CLM_0015456,suspect_claim
ALT_000066,CLM_0015457,suspect_claim
ALT_000066,CLM_0015545,suspect_claim
ALT_000066,CLM_0015546,suspect_claim
ALT_000066,CLM_0015547,suspect_claim
ALT_000066,CLM_0015851,suspect_claim
ALT_000066,CLM_0015912,suspect_claim
ALT_000066,CLM_0017373,suspect_claim
ALT_000066,CLM_0017374,suspect_claim
ALT_000066,CLM_0017464,suspect_claim
ALT_000066,CLM_0017465,suspect_claim
ALT_000066,CLM_0017579,suspect_claim
ALT_000066,CLM_0018359,suspect_claim
ALT_000066,CLM_0018378,suspect_claim
ALT_000066,CLM_0018379,suspect_claim
ALT_000066,CLM_0018428,suspect_claim
ALT_000066,CLM_0018429,suspect_claim
ALT_000066,CLM_0018673,suspect_claim
ALT_000066,CLM_0018709,suspect_claim
ALT_000066,CLM_0018710,suspect_claim
ALT_000066,CLM_0018749,suspect_claim
ALT_000066,CLM_0018750,suspect_claim
ALT_000066,CLM_0018751,suspect_claim
ALT_000066,CLM_0018790,suspect_claim
ALT_000066,CLM_0018791,suspect_claim
ALT_000066,CLM_0019511,suspect_claim
ALT_000066,CLM_0019636,suspect_claim
ALT_000066,CLM_0019637,suspect_claim
ALT_000066,CLM_0019966,suspect_claim
ALT_000066,CLM_0020070,suspect_claim
ALT_000066,CLM_0020071,suspect_claim
ALT_000066,CLM_0020072,suspect_claim
ALT_000066,CLM_0020172,suspect_claim
ALT_000066,CLM_0020276,suspect_claim
ALT_000066,CLM_0020277,suspect_claim
ALT_000066,CLM_0020347,suspect_claim
ALT_000066,CLM_0020599,suspect_claim
ALT_000066,CLM_0021149,suspect_claim
ALT_000066,CLM_0021150,suspect_claim
ALT_000066,CLM_0021151,suspect_claim
ALT_000066,CLM_0021497,suspect_claim
ALT_000066,CLM_0021498,suspect_claim
ALT_000066,CLM_0021515,suspect_claim
ALT_000066,CLM_0021626,suspect_claim
ALT_000066,CLM_0021627,suspect_claim
ALT_000067,ACC_000984,hub_account
ALT_000067,CLI_000491,ghost_clinic
ALT_000067,CLM_0000007,suspect_claim
ALT_000067,CLM_0000043,suspect_claim
ALT_000067,CLM_0000044,suspect_claim
ALT_000067,CLM_0000087,suspect_claim
ALT_000067,CLM_0000169,suspect_claim
ALT_000067,CLM_0000170,suspect_claim
ALT_000067,CLM_0000171,suspect_claim
ALT_000067,CLM_0000644,suspect_claim
ALT_000067,CLM_0000769,suspect_claim
ALT_000067,CLM_0001113,suspect_claim
ALT_000067,CLM_0001114,suspect_claim
ALT_000067,CLM_0001178,suspect_claim
ALT_000067,CLM_0001209,suspect_claim
ALT_000067,CLM_0001210,suspect_claim
ALT_000067,CLM_0002391,suspect_claim
ALT_000067,CLM_0002902,suspect_claim
ALT_000067,CLM_0003789,suspect_claim
ALT_000067,CLM_0004184,suspect_claim
ALT_000067,CLM_0004185,suspect_claim
ALT_000067,CLM_0004494,suspect_claim
ALT_000067,CLM_0004502,suspect_claim
ALT_000067,CLM_0004503,suspect_claim
ALT_000067,CLM_0004504,suspect_claim
ALT_000067,CLM_0006537,suspect_claim
ALT_000067,CLM_0007001,suspect_claim
ALT_000067,CLM_0007002,suspect_claim
ALT_000067,CLM_0007003,suspect_claim
ALT_000067,CLM_0007232,suspect_claim
ALT_000067,CLM_0007233,suspect_claim
ALT_000067,CLM_0007788,suspect_claim
ALT_000067,CLM_0007860,suspect_claim
ALT_000067,CLM_0010079,suspect_claim
ALT_000067,CLM_0010080,suspect_claim
ALT_000067,CLM_0010081,suspect_claim
ALT_000067,CLM_0010862,suspect_claim
ALT_000067,CLM_0010939,suspect_claim
ALT_000067,CLM_0011083,suspect_claim
ALT_000067,CLM_0011084,suspect_claim
ALT_000067,CLM_0011085,suspect_claim
ALT_000067,CLM_0011490,suspect_claim
ALT_000067,CLM_0011491,suspect_claim
ALT_000067,CLM_0011492,suspect_claim
ALT_000067,CLM_0012059,suspect_claim
ALT_000067,CLM_0012060,suspect_claim
ALT_000067,CLM_0012061,suspect_claim
ALT_000067,CLM_0013174,suspect_claim
ALT_000067,CLM_0013175,suspect_claim
ALT_000067,CLM_0013176,suspect_claim
ALT_000067,CLM_0014521,suspect_claim
ALT_000067,CLM_0014522,suspect_claim
ALT_000067,CLM_0014665,suspect_claim
ALT_000067,CLM_0014666,suspect_claim
ALT_000067,CLM_0014708,suspect_claim
ALT_000067,CLM_0014709,suspect_claim
ALT_000067,CLM_0014710,suspect_claim
ALT_000067,CLM_0014843,suspect_claim
ALT_000067,CLM_0015868,suspect_claim
ALT_000067,CLM_0016314,suspect_claim
ALT_000067,CLM_0016315,suspect_claim
ALT_000067,CLM_0016724,suspect_claim
ALT_000067,CLM_0016725,suspect_claim
ALT_000067,CLM_0016726,suspect_claim
ALT_000067,CLM_0017131,suspect_claim
ALT_000067,CLM_0017833,suspect_claim
ALT_000067,CLM_0017834,suspect_claim
ALT_000067,CLM_0018530,suspect_claim
ALT_000067,CLM_0018531,suspect_claim
ALT_000067,CLM_0018532,suspect_claim
ALT_000067,CLM_0019982,suspect_claim
ALT_000067,CLM_0020502,suspect_claim
ALT_000067,CLM_0020628,suspect_claim
ALT_000067,CLM_0020629,suspect_claim
ALT_000067,CLM_0020630,suspect_claim
ALT_000067,CLM_0020792,suspect_claim
ALT_000067,CLM_0021079,suspect_claim
ALT_000067,CLM_0021080,suspect_claim
ALT_000068,CLM_0020890,conflicting_claim
ALT_000068,CLM_0021626,conflicting_claim
ALT_000068,PAT_010007,recycled_identity
ALT_000068,PAT_010011,recycled_identity
ALT_000069,CLM_0003527,conflicting_claim
ALT_000069,CLM_0021623,conflicting_claim
ALT_000069,PAT_010003,recycled_identity
ALT_000069,PAT_010009,recycled_identity
ALT_000070,CLM_0006296,conflicting_claim
ALT_000070,CLM_0021625,conflicting_claim
ALT_000070,PAT_010004,recycled_identity
ALT_000070,PAT_010010,recycled_identity
ALT_000071,CLM_0003477,conflicting_claim
ALT_000071,CLM_0021410,conflicting_claim
ALT_000071,PAT_001744,traveling_patient
ALT_000072,CLM_0007670,conflicting_claim
ALT_000072,CLM_0020653,conflicting_claim
ALT_000072,PAT_003811,traveling_patient
ALT_000073,ACC_001191,ring_account
ALT_000073,ACC_001235,ring_account
ALT_000073,ACC_001236,ring_account
ALT_000073,BRK_000017,kickback_broker
ALT_000073,CLI_000591,partner_clinic
ALT_000073,CLM_0002578,steered_claim
ALT_000073,CLM_0002579,steered_claim
ALT_000073,CLM_0002580,steered_claim
ALT_000073,CLM_0004532,steered_claim
ALT_000073,CLM_0004533,steered_claim
ALT_000073,CLM_0004534,steered_claim
ALT_000073,CLM_0004558,steered_claim
ALT_000073,CLM_0004559,steered_claim
ALT_000073,CLM_0004726,steered_claim
ALT_000073,CLM_0004727,steered_claim
ALT_000073,CLM_0005369,steered_claim
ALT_000073,CLM_0005370,steered_claim
ALT_000073,CLM_0005371,steered_claim
ALT_000073,CLM_0007988,steered_claim
ALT_000073,CLM_0010260,steered_claim
ALT_000073,CLM_0010261,steered_claim
ALT_000073,CLM_0010423,steered_claim
ALT_000073,CLM_0011304,steered_claim
ALT_000073,CLM_0012644,steered_claim
ALT_000073,CLM_0012645,steered_claim
ALT_000073,CLM_0012646,steered_claim
ALT_000073,CLM_0013147,steered_claim
ALT_000073,CLM_0013148,steered_claim
ALT_000073,CLM_0013766,steered_claim
ALT_000073,CLM_0013767,steered_claim
ALT_000073,CLM_0014472,steered_claim
ALT_000073,CLM_0014473,steered_claim
ALT_000073,CLM_0017417,steered_claim
ALT_000073,CLM_0017418,steered_claim
ALT_000074,ACC_001605,ring_account
ALT_000074,ACC_001606,ring_account
ALT_000074,ACC_001607,ring_account
ALT_000074,ADR_000803,shared_address
ALT_000074,BRK_000253,kickback_broker
ALT_000074,CLI_000603,partner_clinic
ALT_000074,CLM_0021740,steered_claim
ALT_000074,CLM_0021741,steered_claim
ALT_000074,CLM_0021742,steered_claim
ALT_000074,CLM_0021743,steered_claim
ALT_000074,CLM_0021744,steered_claim
ALT_000074,CLM_0021745,steered_claim
ALT_000074,CLM_0021746,steered_claim
ALT_000074,CLM_0021747,steered_claim
ALT_000074,CLM_0021748,steered_claim
ALT_000074,CLM_0021749,steered_claim
ALT_000074,CLM_0021750,steered_claim
ALT_000074,CLM_0021751,steered_claim
ALT_000074,CLM_0021752,steered_claim
ALT_000074,CLM_0021753,steered_claim
ALT_000074,CLM_0021754,steered_claim
ALT_000074,CLM_0021755,steered_claim
ALT_000074,CLM_0021756,steered_claim
ALT_000074,CLM_0021757,steered_claim
ALT_000074,CLM_0021758,steered_claim
ALT_000074,CLM_0021759,steered_claim
ALT_000074,CLM_0021760,steered_claim
ALT_000074,CLM_0021761,steered_claim
ALT_000074,CLM_0021762,steered_claim
ALT_000074,CLM_0021763,steered_claim
ALT_000074,CLM_0021764,steered_claim
ALT_000074,CLM_0021765,steered_claim
ALT_000074,CLM_0021766,steered_claim
ALT_000074,CLM_0021767,steered_claim
ALT_000074,CLM_0021768,steered_claim
ALT_000074,CLM_0021769,steered_claim
ALT_000074,CLM_0021770,steered_claim
ALT_000074,CLM_0021771,steered_claim
ALT_000074,CLM_0021772,steered_claim
ALT_000074,CLM_0021773,steered_claim
ALT_000074,CLM_0021774,steered_claim
ALT_000074,CLM_0021775,steered_claim
ALT_000074,CLM_0021776,steered_claim
ALT_000074,CLM_0021777,steered_claim
ALT_000074,CLM_0021778,steered_claim
ALT_000074,CLM_0021779,steered_claim
ALT_000074,CLM_0021780,steered_claim
ALT_000074,CLM_0021781,steered_claim
ALT_000074,CLM_0021782,steered_claim
ALT_000074,CLM_0021783,steered_claim
ALT_000074,CLM_0021784,steered_claim
ALT_000074,CLM_0021785,steered_claim
ALT_000074,CLM_0021786,steered_claim
ALT_000074,CLM_0021787,steered_claim
ALT_000074,CLM_0021788,steered_claim
ALT_000074,CLM_0021789,steered_claim
ALT_000074,CLM_0021790,steered_claim
ALT_000074,CLM_0021791,steered_claim
ALT_000074,CLM_0021792,steered_claim
ALT_000074,CLM_0021793,steered_claim
ALT_000074,CLM_0021794,steered_claim
ALT_000074,CLM_0021795,steered_claim
ALT_000075,ACC_001599,ring_account
ALT_000075,ACC_001601,ring_account
ALT_000075,ADR_000801,shared_address
ALT_000075,BRK_000251,kickback_broker
ALT_000075,CLI_000601,partner_clinic
ALT_000075,CLM_0021628,steered_claim
ALT_000075,CLM_0021629,steered_claim
ALT_000075,CLM_0021630,steered_claim
ALT_000075,CLM_0021631,steered_claim
ALT_000075,CLM_0021635,steered_claim
ALT_000075,CLM_0021636,steered_claim
ALT_000075,CLM_0021637,steered_claim
ALT_000075,CLM_0021638,steered_claim
ALT_000075,CLM_0021639,steered_claim
ALT_000075,CLM_0021640,steered_claim
ALT_000075,CLM_0021641,steered_claim
ALT_000075,CLM_0021642,steered_claim
ALT_000075,CLM_0021643,steered_claim
ALT_000075,CLM_0021644,steered_claim
ALT_000075,CLM_0021645,steered_claim
ALT_000075,CLM_0021646,steered_claim
ALT_000075,CLM_0021647,steered_claim
ALT_000075,CLM_0021648,steered_claim
ALT_000075,CLM_0021649,steered_claim
ALT_000075,CLM_0021650,steered_claim
ALT_000075,CLM_0021651,steered_claim
ALT_000075,CLM_0021652,steered_claim
ALT_000075,CLM_0021653,steered_claim
ALT_000075,CLM_0021654,steered_claim
ALT_000075,CLM_0021655,steered_claim
ALT_000075,CLM_0021656,steered_claim
ALT_000075,CLM_0021657,steered_claim
ALT_000075,CLM_0021658,steered_claim
ALT_000075,CLM_0021659,steered_claim
ALT_000075,CLM_0021660,steered_claim
ALT_000075,CLM_0021661,steered_claim
ALT_000075,CLM_0021662,steered_claim
ALT_000075,CLM_0021663,steered_claim
ALT_000075,CLM_0021664,steered_claim
ALT_000075,CLM_0021665,steered_claim
ALT_000075,CLM_0021666,steered_claim
ALT_000075,CLM_0021667,steered_claim
ALT_000075,CLM_0021668,steered_claim
ALT_000075,CLM_0021669,steered_claim
ALT_000075,CLM_0021670,steered_claim
ALT_000075,CLM_0021671,steered_claim
ALT_000075,CLM_0021672,steered_claim
ALT_000075,CLM_0021673,steered_claim
ALT_000075,CLM_0021674,steered_claim
ALT_000075,CLM_0021675,steered_claim
ALT_000075,CLM_0021676,steered_claim
ALT_000075,CLM_0021677,steered_claim
ALT_000075,CLM_0021678,steered_claim
ALT_000075,CLM_0021679,steered_claim
ALT_000075,CLM_0021680,steered_claim
ALT_000075,CLM_0021681,steered_claim
ALT_000075,CLM_0021682,steered_claim
ALT_000075,CLM_0021683,steered_claim
ALT_000076,ACC_001602,ring_account
ALT_000076,ACC_001603,ring_account
ALT_000076,ACC_001604,ring_account
ALT_000076,ADR_000802,shared_address
ALT_000076,BRK_000252,kickback_broker
ALT_000076,CLI_000602,partner_clinic
ALT_000076,CLM_0021684,steered_claim
ALT_000076,CLM_0021685,steered_claim
ALT_000076,CLM_0021686,steered_claim
ALT_000076,CLM_0021687,steered_claim
ALT_000076,CLM_0021688,steered_claim
ALT_000076,CLM_0021689,steered_claim
ALT_000076,CLM_0021690,steered_claim
ALT_000076,CLM_0021691,steered_claim
ALT_000076,CLM_0021692,steered_claim
ALT_000076,CLM_0021693,steered_claim
ALT_000076,CLM_0021694,steered_claim
ALT_000076,CLM_0021695,steered_claim
ALT_000076,CLM_0021696,steered_claim
ALT_000076,CLM_0021697,steered_claim
ALT_000076,CLM_0021698,steered_claim
ALT_000076,CLM_0021699,steered_claim
ALT_000076,CLM_0021700,steered_claim
ALT_000076,CLM_0021701,steered_claim
ALT_000076,CLM_0021702,steered_claim
ALT_000076,CLM_0021703,steered_claim
ALT_000076,CLM_0021704,steered_claim
ALT_000076,CLM_0021705,steered_claim
ALT_000076,CLM_0021706,steered_claim
ALT_000076,CLM_0021707,steered_claim
ALT_000076,CLM_0021709,steered_claim
ALT_000076,CLM_0021710,steered_claim
ALT_000076,CLM_0021711,steered_claim
ALT_000076,CLM_0021712,steered_claim
ALT_000076,CLM_0021713,steered_claim
ALT_000076,CLM_0021714,steered_claim
ALT_000076,CLM_0021715,steered_claim
ALT_000076,CLM_0021716,steered_claim
ALT_000076,CLM_0021717,steered_claim
ALT_000076,CLM_0021718,steered_claim
ALT_000076,CLM_0021719,steered_claim
ALT_000076,CLM_0021720,steered_claim
ALT_000076,CLM_0021721,steered_claim
ALT_000076,CLM_0021722,steered_claim
ALT_000076,CLM_0021723,steered_claim
ALT_000076,CLM_0021724,steered_claim
ALT_000076,CLM_0021725,steered_claim
ALT_000076,CLM_0021726,steered_claim
ALT_000076,CLM_0021727,steered_claim
ALT_000076,CLM_0021728,steered_claim
ALT_000076,CLM_0021729,steered_claim
ALT_000076,CLM_0021730,steered_claim
ALT_000076,CLM_0021731,steered_claim
ALT_000076,CLM_0021732,steered_claim
ALT_000076,CLM_0021733,steered_claim
ALT_000076,CLM_0021736,steered_claim
ALT_000076,CLM_0021737,steered_claim
ALT_000076,CLM_0021738,steered_claim
ALT_000076,CLM_0021739,steered_claim
ALT_000077,ACC_000319,ring_account
ALT_000077,ACC_000320,ring_account
ALT_000077,ACC_000321,ring_account
ALT_000077,ACC_001366,ring_account
ALT_000077,ACC_001367,ring_account
ALT_000077,BRK_000100,kickback_broker
ALT_000077,CLI_000160,partner_clinic
ALT_000077,CLM_0000141,steered_claim
ALT_000077,CLM_0000142,steered_claim
ALT_000077,CLM_0000449,steered_claim
ALT_000077,CLM_0000450,steered_claim
ALT_000077,CLM_0000451,steered_claim
ALT_000077,CLM_0000467,steered_claim
ALT_000077,CLM_0000468,steered_claim
ALT_000077,CLM_0000469,steered_claim
ALT_000077,CLM_0000492,steered_claim
ALT_000077,CLM_0000493,steered_claim
ALT_000077,CLM_0001430,steered_claim
ALT_000077,CLM_0001431,steered_claim
ALT_000077,CLM_0001861,steered_claim
ALT_000077,CLM_0002054,steered_claim
ALT_000077,CLM_0002055,steered_claim
ALT_000077,CLM_0002056,steered_claim
ALT_000077,CLM_0002619,steered_claim
ALT_000077,CLM_0002620,steered_claim
ALT_000077,CLM_0002621,steered_claim
ALT_000077,CLM_0002908,steered_claim
ALT_000077,CLM_0002909,steered_claim
ALT_000077,CLM_0003519,steered_claim
ALT_000077,CLM_0003520,steered_claim
ALT_000077,CLM_0003787,steered_claim
ALT_000077,CLM_0003788,steered_claim
ALT_000077,CLM_0004515,steered_claim
ALT_000077,CLM_0004516,steered_claim
ALT_000077,CLM_0004517,steered_claim
ALT_000077,CLM_0004547,steered_claim
ALT_000077,CLM_0004548,steered_claim
ALT_000077,CLM_0004649,steered_claim
ALT_000077,CLM_0004650,steered_claim
ALT_000077,CLM_0004651,steered_claim
ALT_000077,CLM_0005087,steered_claim
ALT_000077,CLM_0005088,steered_claim
ALT_000077,CLM_0005089,steered_claim
ALT_000077,CLM_0005313,steered_claim
ALT_000077,CLM_0005314,steered_claim
ALT_000077,CLM_0005315,steered_claim
ALT_000077,CLM_0005740,steered_claim
ALT_000077,CLM_0005741,steered_claim
ALT_000077,CLM_0005982,steered_claim
ALT_000077,CLM_0006921,steered_claim
ALT_000077,CLM_0006922,steered_claim
ALT_000077,CLM_0006973,steered_claim
ALT_000077,CLM_0007538,steered_claim
ALT_000077,CLM_0007572,steered_claim
ALT_000077,CLM_0007745,steered_claim
ALT_000077,CLM_0007746,steered_claim
ALT_000077,CLM_0008010,steered_claim
ALT_000077,CLM_0008011,steered_claim
ALT_000077,CLM_0008105,steered_claim
ALT_000077,CLM_0008106,steered_claim
ALT_000077,CLM_0008364,steered_claim
ALT_000077,CLM_0008365,steered_claim
ALT_000077,CLM_0008449,steered_claim
ALT_000077,CLM_0008450,steered_claim
ALT_000077,CLM_0008451,steered_claim
ALT_000077,CLM_0008489,steered_claim
ALT_000077,CLM_0008490,steered_claim
ALT_000077,CLM_0008491,steered_claim
ALT_000077,CLM_0008561,steered_claim
ALT_000077,CLM_0008562,steered_claim
ALT_000077,CLM_0008563,steered_claim
ALT_000077,CLM_0008585,steered_claim
ALT_000077,CLM_0008586,steered_claim
ALT_000077,CLM_0008587,steered_claim
ALT_000077,CLM_0008732,steered_claim
ALT_000077,CLM_0008733,steered_claim
ALT_000077,CLM_0008954,steered_claim
ALT_000077,CLM_0008955,steered_claim
ALT_000077,CLM_0008956,steered_claim
ALT_000077,CLM_0009169,steered_claim
ALT_000077,CLM_0009170,steered_claim
ALT_000077,CLM_0009171,steered_claim
ALT_000077,CLM_0010198,steered_claim
ALT_000077,CLM_0010199,steered_claim
ALT_000077,CLM_0010466,steered_claim
ALT_000077,CLM_0010467,steered_claim
ALT_000077,CLM_0011198,steered_claim
ALT_000077,CLM_0011199,steered_claim
ALT_000077,CLM_0011200,steered_claim
ALT_000077,CLM_0011571,steered_claim
ALT_000077,CLM_0012800,steered_claim
ALT_000077,CLM_0012801,steered_claim
ALT_000077,CLM_0013143,steered_claim
ALT_000077,CLM_0013253,steered_claim
ALT_000077,CLM_0013768,steered_claim
ALT_000077,CLM_0013769,steered_claim
ALT_000077,CLM_0013770,steered_claim
ALT_000077,CLM_0013923,steered_claim
ALT_000077,CLM_0014196,steered_claim
ALT_000077,CLM_0014197,steered_claim
ALT_000077,CLM_0014855,steered_claim
ALT_000077,CLM_0014856,steered_claim
ALT_000077,CLM_0014857,steered_claim
ALT_000077,CLM_0014971,steered_claim
ALT_000077,CLM_0014972,steered_claim
ALT_000077,CLM_0014973,steered_claim
ALT_000077,CLM_0015215,steered_claim
ALT_000077,CLM_0015216,steered_claim
ALT_000077,CLM_0015217,steered_claim
ALT_000077,CLM_0015301,steered_claim
ALT_000077,CLM_0015523,steered_claim
ALT_000077,CLM_0016028,steered_claim
ALT_000077,CLM_0016570,steered_claim
ALT_000077,CLM_0016571,steered_claim
ALT_000077,CLM_0016602,steered_claim
ALT_000077,CLM_0016603,steered_claim
ALT_000077,CLM_0016604,steered_claim
ALT_000077,CLM_0016981,steered_claim
ALT_000077,CLM_0016982,steered_claim
ALT_000077,CLM_0017693,steered_claim
ALT_000077,CLM_0018155,steered_claim
ALT_000077,CLM_0018372,steered_claim
ALT_000077,CLM_0018373,steered_claim
ALT_000077,CLM_0018851,steered_claim
ALT_000077,CLM_0018852,steered_claim
ALT_000077,CLM_0018853,steered_claim
ALT_000077,CLM_0018919,steered_claim
ALT_000077,CLM_0019173,steered_claim
ALT_000077,CLM_0019174,steered_claim
ALT_000077,CLM_0019175,steered_claim
ALT_000077,CLM_0019504,steered_claim
ALT_000077,CLM_0019505,steered_claim
ALT_000077,CLM_0019622,steered_claim
ALT_000077,CLM_0019623,steered_claim
ALT_000077,CLM_0019876,steered_claim
ALT_000077,CLM_0019877,steered_claim
ALT_000077,CLM_0019878,steered_claim
ALT_000077,CLM_0020577,steered_claim
ALT_000077,CLM_0020578,steered_claim
ALT_000077,CLM_0021503,steered_claim
ALT_000078,ACC_000410,ring_account
ALT_000078,ACC_000411,ring_account
ALT_000078,ACC_000412,ring_account
ALT_000078,ACC_001494,ring_account
ALT_000078,ACC_001495,ring_account
ALT_000078,BRK_000188,kickback_broker
ALT_000078,CLI_000203,partner_clinic
ALT_000078,CLM_0000214,steered_claim
ALT_000078,CLM_0000236,steered_claim
ALT_000078,CLM_0000237,steered_claim
ALT_000078,CLM_0000238,steered_claim
ALT_000078,CLM_0000436,steered_claim
ALT_000078,CLM_0000437,steered_claim
ALT_000078,CLM_0000438,steered_claim
ALT_000078,CLM_0001049,steered_claim
ALT_000078,CLM_0001778,steered_claim
ALT_000078,CLM_0001887,steered_claim
ALT_000078,CLM_0001888,steered_claim
ALT_000078,CLM_0001889,steered_claim
ALT_000078,CLM_0002407,steered_claim
ALT_000078,CLM_0002408,steered_claim
ALT_000078,CLM_0002836,steered_claim
ALT_000078,CLM_0002837,steered_claim
ALT_000078,CLM_0003044,steered_claim
ALT_000078,CLM_0003045,steered_claim
ALT_000078,CLM_0003046,steered_claim
ALT_000078,CLM_0003396,steered_claim
ALT_000078,CLM_0003397,steered_claim
ALT_000078,CLM_0003398,steered_claim
ALT_000078,CLM_0003460,steered_claim
ALT_000078,CLM_0003461,steered_claim
ALT_000078,CLM_0003462,steered_claim
ALT_000078,CLM_0004560,steered_claim
ALT_000078,CLM_0004561,steered_claim
ALT_000078,CLM_0004562,steered_claim
ALT_000078,CLM_0004577,steered_claim
ALT_000078,CLM_0004851,steered_claim
ALT_000078,CLM_0004852,steered_claim
ALT_000078,CLM_0006618,steered_claim
ALT_000078,CLM_0006619,steered_claim
ALT_000078,CLM_0006620,steered_claim
ALT_000078,CLM_0006632,steered_claim
ALT_000078,CLM_0006879,steered_claim
ALT_000078,CLM_0006880,steered_claim
ALT_000078,CLM_0006881,steered_claim
ALT_000078,CLM_0006987,steered_claim
ALT_000078,CLM_0007024,steered_claim
ALT_000078,CLM_0007025,steered_claim
ALT_000078,CLM_0007026,steered_claim
ALT_000078,CLM_0007409,steered_claim
ALT_000078,CLM_0007679,steered_claim
ALT_000078,CLM_0007680,steered_claim
ALT_000078,CLM_0008074,steered_claim
ALT_000078,CLM_0008075,steered_claim
ALT_000078,CLM_0008380,steered_claim
ALT_000078,CLM_0008415,steered_claim
ALT_000078,CLM_0008416,steered_claim
ALT_000078,CLM_0008711,steered_claim
ALT_000078,CLM_0008986,steered_claim
ALT_000078,CLM_0008987,steered_claim
ALT_000078,CLM_0009406,steered_claim
ALT_000078,CLM_0009407,steered_claim
ALT_000078,CLM_0009448,steered_claim
ALT_000078,CLM_0009973,steered_claim
ALT_000078,CLM_0009974,steered_claim
ALT_000078,CLM_0010476,steered_claim
ALT_000078,CLM_0010477,steered_claim
ALT_000078,CLM_0011813,steered_claim
ALT_000078,CLM_0011821,steered_claim
ALT_000078,CLM_0013063,steered_claim
ALT_000078,CLM_0013240,steered_claim
ALT_000078,CLM_0013241,steered_claim
ALT_000078,CLM_0013242,steered_claim
ALT_000078,CLM_0013424,steered_claim
ALT_000078,CLM_0014316,steered_claim
ALT_000078,CLM_0014317,steered_claim
ALT_000078,CLM_0014445,steered_claim
ALT_000078,CLM_0014446,steered_claim
ALT_000078,CLM_0014447,steered_claim
ALT_000078,CLM_0014632,steered_claim
ALT_000078,CLM_0014633,steered_claim
ALT_000078,CLM_0014634,steered_claim
ALT_000078,CLM_0014784,steered_claim
ALT_000078,CLM_0014850,steered_claim
ALT_000078,CLM_0014851,steered_claim
ALT_000078,CLM_0015170,steered_claim
ALT_000078,CLM_0016192,steered_claim
ALT_000078,CLM_0016193,steered_claim
ALT_000078,CLM_0016194,steered_claim
ALT_000078,CLM_0016264,steered_claim
ALT_000078,CLM_0016265,steered_claim
ALT_000078,CLM_0017208,steered_claim
ALT_000078,CLM_0017209,steered_claim
ALT_000078,CLM_0017276,steered_claim
ALT_000078,CLM_0017854,steered_claim
ALT_000078,CLM_0017855,steered_claim
ALT_000078,CLM_0018085,steered_claim
ALT_000078,CLM_0018086,steered_claim
ALT_000078,CLM_0018087,steered_claim
ALT_000078,CLM_0018202,steered_claim
ALT_000078,CLM_0018203,steered_claim
ALT_000078,CLM_0018320,steered_claim
ALT_000078,CLM_0018436,steered_claim
ALT_000078,CLM_0018437,steered_claim
ALT_000078,CLM_0018642,steered_claim
ALT_000078,CLM_0018714,steered_claim
ALT_000078,CLM_0018715,steered_claim
ALT_000078,CLM_0019122,steered_claim
ALT_000078,CLM_0019123,steered_claim
ALT_000078,CLM_0020145,steered_claim
ALT_000078,CLM_0020146,steered_claim
ALT_000078,CLM_0021377,steered_claim
ALT_000078,CLM_0021378,steered_claim
ALT_000078,CLM_0021379,steered_claim
ALT_000079,ACC_000242,ring_account
ALT_000079,ACC_001444,ring_account
ALT_000079,ACC_001587,shell_account
ALT_000079,ACC_001588,shell_account
ALT_000079,ACC_001590,shell_account
ALT_000079,ACC_001591,shell_account
ALT_000079,ACC_001592,shell_account
ALT_000079,ACC_001593,shell_account
ALT_000079,ACC_001594,shell_account
ALT_000079,BRK_000153,kickback_broker
ALT_000079,CLI_000123,partner_clinic
ALT_000079,CLM_0000182,steered_claim
ALT_000079,CLM_0000183,steered_claim
ALT_000079,CLM_0002214,steered_claim
ALT_000079,CLM_0002380,steered_claim
ALT_000079,CLM_0002381,steered_claim
ALT_000079,CLM_0014345,steered_claim
ALT_000079,CLM_0014346,steered_claim
ALT_000080,ACC_000282,ring_account
ALT_000080,ACC_000283,ring_account
ALT_000080,ACC_001260,ring_account
ALT_000080,BRK_000034,kickback_broker
ALT_000080,CLI_000143,partner_clinic
ALT_000080,CLM_0008240,steered_claim
ALT_000080,CLM_0014146,steered_claim
ALT_000080,CLM_0014147,steered_claim
ALT_000080,CLM_0014148,steered_claim
ALT_000080,CLM_0015834,steered_claim
ALT_000080,CLM_0017910,steered_claim
ALT_000080,CLM_0017911,steered_claim
ALT_000080,CLM_0017912,steered_claim
ALT_000081,ACC_000410,ring_account
ALT_000081,ACC_000411,ring_account
ALT_000081,ACC_000412,ring_account
ALT_000081,ACC_001292,ring_account
ALT_000081,ACC_001293,ring_account
ALT_000081,BRK_000054,kickback_broker
ALT_000081,CLI_000203,partner_clinic
ALT_000081,CLM_0001643,steered_claim
ALT_000081,CLM_0001879,steered_claim
ALT_000081,CLM_0001880,steered_claim
ALT_000081,CLM_0002269,steered_claim
ALT_000081,CLM_0002409,steered_claim
ALT_000081,CLM_0002410,steered_claim
ALT_000081,CLM_0003409,steered_claim
ALT_000081,CLM_0005498,steered_claim
ALT_000081,CLM_0005499,steered_claim
ALT_000081,CLM_0005991,steered_claim
ALT_000081,CLM_0006405,steered_claim
ALT_000081,CLM_0006406,steered_claim
ALT_000081,CLM_0008084,steered_claim
ALT_000081,CLM_0008085,steered_claim
ALT_000081,CLM_0008086,steered_claim
ALT_000081,CLM_0008333,steered_claim
ALT_000081,CLM_0008334,steered_claim
ALT_000081,CLM_0008335,steered_claim
ALT_000081,CLM_0009043,steered_claim
ALT_000081,CLM_0009044,steered_claim
ALT_000081,CLM_0009830,steered_claim
ALT_000081,CLM_0013337,steered_claim
ALT_000081,CLM_0013338,steered_claim
ALT_000081,CLM_0013533,steered_claim
ALT_000081,CLM_0013534,steered_claim
ALT_000081,CLM_0013535,steered_claim
ALT_000081,CLM_0014512,steered_claim
ALT_000081,CLM_0014513,steered_claim
ALT_000081,CLM_0014966,steered_claim
ALT_000081,CLM_0014967,steered_claim
ALT_000081,CLM_0014968,steered_claim
ALT_000081,CLM_0015389,steered_claim
ALT_000081,CLM_0015390,steered_claim
ALT_000081,CLM_0015695,steered_claim
ALT_000081,CLM_0015696,steered_claim
ALT_000081,CLM_0016718,steered_claim
ALT_000081,CLM_0017124,steered_claim
ALT_000081,CLM_0017125,steered_claim
ALT_000081,CLM_0017126,steered_claim
ALT_000081,CLM_0018126,steered_claim
ALT_000081,CLM_0018127,steered_claim
ALT_000081,CLM_0018128,steered_claim
ALT_000081,CLM_0018197,steered_claim
ALT_000081,CLM_0018198,steered_claim
ALT_000081,CLM_0019891,steered_claim
ALT_000081,CLM_0019892,steered_claim
ALT_000081,CLM_0019893,steered_claim
ALT_000081,CLM_0020534,steered_claim
ALT_000081,CLM_0021163,steered_claim
ALT_000081,CLM_0021164,steered_claim
ALT_000081,CLM_0021165,steered_claim
