source_id,target_id
BRK_000001,ADR_000562
BRK_000002,ADR_000563
BRK_000003,ADR_000564
BRK_000004,ADR_000565
BRK_000005,ADR_000566
BRK_000006,ADR_000567
BRK_000007,ADR_000568
BRK_000008,ADR_000569
BRK_000009,ADR_000570
BRK_000010,ADR_000571
BRK_000011,ADR_000572
BRK_000012,ADR_000573
BRK_000013,ADR_000017
BRK_000014,ADR_000574
BRK_000015,ADR_000575
BRK_000016,ADR_000576
BRK_000017,ADR_000577
BRK_000018,ADR_000578
BRK_000019,ADR_000579
BRK_000020,ADR_000580
BRK_000021,ADR_000581
BRK_000022,ADR_000582
BRK_000023,ADR_000583
BRK_000024,ADR_000584
BRK_000025,ADR_000585
BRK_000026,ADR_000586
BRK_000027,ADR_000587
BRK_000028,ADR_000588
BRK_000029,ADR_000589
BRK_000030,ADR_000298
BRK_000031,ADR_000590
BRK_000032,ADR_000591
BRK_000033,ADR_000592
BRK_000034,ADR_000593
BRK_000035,ADR_000594
BRK_000036,ADR_000595
BRK_000037,ADR_000596
BRK_000038,ADR_000597
BRK_000039,ADR_000598
BRK_000040,ADR_000599
BRK_000041,ADR_000600
BRK_000042,ADR_000601
BRK_000043,ADR_000602
BRK_000044,ADR_000603
BRK_000045,ADR_000604
BRK_000046,ADR_000605
BRK_000047,ADR_000606
BRK_000048,ADR_000607
BRK_000049,ADR_000608
BRK_000050,ADR_000609
BRK_000051,ADR_000610
BRK_000052,ADR_000611
BRK_000053,ADR_000612
BRK_000054,ADR_000613
BRK_000055,ADR_000614
BRK_000056,ADR_000615
BRK_000057,ADR_000616
BRK_000058,ADR_000617
BRK_000059,ADR_000618
BRK_000060,ADR_000619
BRK_000061,ADR_000620
BRK_000062,ADR_000621
BRK_000063,ADR_000622
BRK_000064,ADR_000623
BRK_000065,ADR_000624
BRK_000066,ADR_000625
BRK_000067,ADR_000626
BRK_000068,ADR_000627
BRK_000069,ADR_000628
BRK_000070,ADR_000629
BRK_000071,ADR_000630
BRK_000072,ADR_000631
BRK_000073,ADR_000632
BRK_000074,ADR_000633
BRK_000075,ADR_000634
BRK_000076,ADR_000635
BRK_000077,ADR_000636
BRK_000078,ADR_000637
BRK_000079,ADR_000638
BRK_000080,ADR_000639
BRK_000081,ADR_000640
BRK_000082,ADR_000641
BRK_000083,ADR_000642
BRK_000084,ADR_000643
BRK_000085,ADR_000644
BRK_000086,ADR_000645
BRK_000087,ADR_000646
BRK_000088,ADR_000647
BRK_000089,ADR_000648
BRK_000090,ADR_000649
BRK_000091,ADR_000650
BRK_000092,ADR_000651
BRK_000093,ADR_000652
BRK_000094,ADR_000653
BRK_000095,ADR_000654
BRK_000096,ADR_000655
BRK_000097,ADR_000656
BRK_000098,ADR_000657
BRK_000099,ADR_000658
BRK_000100,ADR_000439
BRK_000101,ADR_000659
BRK_000102,ADR_000660
BRK_000103,ADR_000661
BRK_000104,ADR_000662
BRK_000105,ADR_000663
BRK_000106,ADR_000664
BRK_000107,ADR_000665
BRK_000108,ADR_000666
BRK_000109,ADR_000237
BRK_000110,ADR_000667
BRK_000111,ADR_000668
BRK_000112,ADR_000669
BRK_000113,ADR_000670
BRK_000114,ADR_000671
BRK_000115,ADR_000672
BRK_000116,ADR_000673
BRK_000117,ADR_000674
BRK_000118,ADR_000331
BRK_000119,ADR_000675
BRK_000120,ADR_000676
BRK_000121,ADR_000677
BRK_000122,ADR_000678
BRK_000123,ADR_000679
BRK_000124,ADR_000680
BRK_000125,ADR_000681
BRK_000126,ADR_000682
BRK_000127,ADR_000683
BRK_000128,ADR_000684
BRK_000129,ADR_000685
BRK_000130,ADR_000686
BRK_000131,ADR_000687
BRK_000132,ADR_000688
BRK_000133,ADR_000689
BRK_000134,ADR_000690
BRK_000135,ADR_000691
BRK_000136,ADR_000692
BRK_000137,ADR_000693
BRK_000138,ADR_000694
BRK_000139,ADR_000695
BRK_000140,ADR_000696
BRK_000141,ADR_000697
BRK_000142,ADR_000698
BRK_000143,ADR_000699
BRK_000144,ADR_000700
BRK_000145,ADR_000701
BRK_000146,ADR_000702
BRK_000147,ADR_000703
BRK_000148,ADR_000704
BRK_000149,ADR_000705
BRK_000150,ADR_000706
BRK_000151,ADR_000707
BRK_000152,ADR_000708
BRK_000153,ADR_000709
BRK_000154,ADR_000710
BRK_000155,ADR_000711
BRK_000156,ADR_000712
BRK_000157,ADR_000713
BRK_000158,ADR_000714
BRK_000159,ADR_000715
BRK_000160,ADR_000716
BRK_000161,ADR_000717
BRK_000162,ADR_000718
BRK_000163,ADR_000719
BRK_000164,ADR_000720
BRK_000165,ADR_000721
BRK_000166,ADR_000722
BRK_000167,ADR_000723
BRK_000168,ADR_000724
BRK_000169,ADR_000725
BRK_000170,ADR_000726
BRK_000171,ADR_000727
BRK_000172,ADR_000728
BRK_000173,ADR_000729
BRK_000174,ADR_000730
BRK_000175,ADR_000731
BRK_000176,ADR_000732
BRK_000177,ADR_000733
BRK_000178,ADR_000734
BRK_000179,ADR_000735
BRK_000180,ADR_000736
BRK_000181,ADR_000737
BRK_000182,ADR_000738
BRK_000183,ADR_000739
BRK_000184,ADR_000740
BRK_000185,ADR_000108
BRK_000186,ADR_000741
BRK_000187,ADR_000742
BRK_000188,ADR_000743
BRK_000189,ADR_000744
BRK_000190,ADR_000745
BRK_000191,ADR_000746
BRK_000192,ADR_000747
BRK_000193,ADR_000748
BRK_000194,ADR_000749
BRK_000195,ADR_000750
BRK_000196,ADR_000751
BRK_000197,ADR_000752
BRK_000198,ADR_000753
BRK_000199,ADR_000754
BRK_000200,ADR_000755
BRK_000201,ADR_000756
BRK_000202,ADR_000757
BRK_000203,ADR_000758
BRK_000204,ADR_000759
BRK_000205,ADR_000760
BRK_000206,ADR_000761
BRK_000207,ADR_000762
BRK_000208,ADR_000763
BRK_000209,ADR_000764
BRK_000210,ADR_000231
BRK_000211,ADR_000765
BRK_000212,ADR_000766
BRK_000213,ADR_000285
BRK_000214,ADR_000090
BRK_000215,ADR_000767
BRK_000216,ADR_000768
BRK_000217,ADR_000769
BRK_000218,ADR_000770
BRK_000219,ADR_000771
BRK_000220,ADR_000772
BRK_000221,ADR_000773
BRK_000222,ADR_000774
BRK_000223,ADR_000775
BRK_000224,ADR_000776
BRK_000225,ADR_000108
BRK_000226,ADR_000777
BRK_000227,ADR_000778
BRK_000228,ADR_000779
BRK_000229,ADR_000780
BRK_000230,ADR_000781
BRK_000231,ADR_000782
BRK_000232,ADR_000783
BRK_000233,ADR_000784
BRK_000234,ADR_000785
BRK_000235,ADR_000786
BRK_000236,ADR_000787
BRK_000237,ADR_000788
BRK_000238,ADR_000789
BRK_000239,ADR_000790
BRK_000240,ADR_000791
BRK_000241,ADR_000792
BRK_000242,ADR_000793
BRK_000243,ADR_000794
BRK_000244,ADR_000795
BRK_000245,ADR_000796
BRK_000246,ADR_000797
BRK_000247,ADR_000502
BRK_000248,ADR_000798
BRK_000249,ADR_000799
BRK_000250,ADR_000800
BRK_000251,ADR_000801
BRK_000252,ADR_000802
BRK_000253,ADR_000803
