source_id,target_id,pct
BRK_000002,CLI_000033,34.0
BRK_000010,CLI_000195,30.8
BRK_000016,CLI_000584,30.8
BRK_000017,CLI_000143,28.5
BRK_000017,CLI_000591,17.3
BRK_000029,CLI_000033,33.9
BRK_000029,CLI_000525,11.8
BRK_000032,CLI_000310,34.4
BRK_000034,CLI_000143,22.9
BRK_000045,CLI_000121,34.4
BRK_000049,CLI_000202,29.1
BRK_000054,CLI_000203,21.9
BRK_000063,CLI_000143,6.0
BRK_000063,CLI_000380,19.8
BRK_000067,CLI_000349,39.3
BRK_000072,CLI_000526,6.8
BRK_000077,CLI_000491,29.1
BRK_000078,CLI_000045,28.5
BRK_000079,CLI_000143,8.2
BRK_000093,CLI_000143,11.5
BRK_000100,CLI_000160,16.4
BRK_000103,CLI_000577,14.0
BRK_000115,CLI_000282,33.6
BRK_000125,CLI_000203,15.8
BRK_000133,CLI_000143,26.2
BRK_000151,CLI_000456,31.3
BRK_000153,CLI_000123,17.1
BRK_000154,CLI_000141,13.4
BRK_000172,CLI_000143,14.3
BRK_000186,CLI_000202,17.7
BRK_000196,CLI_000143,23.7
BRK_000200,CLI_000391,23.4
BRK_000206,CLI_000143,12.3
BRK_000221,CLI_000203,23.5
BRK_000241,CLI_000526,11.3
