actor_id,param_name,value
BRK_000010,identity_recycling,0.296
BRK_000017,hidden_stake,CLI_000143:28.5
BRK_000017,hidden_stake,CLI_000591:17.3
BRK_000017,side_commission_pct,7.06
BRK_000017,steering_greed,0.846
BRK_000017,steering_partners,CLI_000143|CLI_000591
BRK_000029,hidden_stake,CLI_000033:33.9
BRK_000029,side_commission_pct,9.21
BRK_000029,steering_greed,0.788
BRK_000029,steering_partners,CLI_000033|CLI_000076|CLI_000143
BRK_000034,hidden_stake,CLI_000143:22.9
BRK_000034,side_commission_pct,8.28
BRK_000034,steering_greed,0.915
BRK_000034,steering_partners,CLI_000143
BRK_000054,hidden_stake,CLI_000203:21.9
BRK_000054,side_commission_pct,8.16
BRK_000054,steering_greed,0.91
BRK_000054,steering_partners,CLI_000203|CLI_000143
BRK_000061,identity_recycling,0.214
BRK_000063,hidden_stake,CLI_000380:19.8
BRK_000063,shell_layering,1
BRK_000063,side_commission_pct,8.26
BRK_000063,steering_greed,0.644
BRK_000063,steering_partners,CLI_000380|CLI_000202
BRK_000067,hidden_stake,CLI_000349:39.3
BRK_000067,side_commission_pct,9.03
BRK_000067,steering_greed,0.936
BRK_000067,steering_partners,CLI_000506|CLI_000349
BRK_000072,identity_recycling,0.301
BRK_000098,identity_recycling,0.417
BRK_000100,hidden_stake,CLI_000160:16.4
BRK_000100,side_commission_pct,8.61
BRK_000100,steering_greed,0.926
BRK_000100,steering_partners,CLI_000203|CLI_000506|CLI_000160
BRK_000112,identity_recycling,0.214
BRK_000123,identity_recycling,0.31
BRK_000125,hidden_stake,CLI_000203:15.8
BRK_000125,side_commission_pct,8.04
BRK_000125,steering_greed,0.575
BRK_000125,steering_partners,CLI_000202|CLI_000203|CLI_000435
BRK_000142,shell_layering,3
BRK_000142,side_commission_pct,9.1
BRK_000142,steering_greed,0.855
BRK_000142,steering_partners,CLI_000143|CLI_000202
BRK_000153,hidden_stake,CLI_000123:17.1
BRK_000153,shell_layering,1
BRK_000153,side_commission_pct,9.4
BRK_000153,steering_greed,0.633
BRK_000153,steering_partners,CLI_000123|CLI_000203
BRK_000188,side_commission_pct,6.52
BRK_000188,steering_greed,0.85
BRK_000188,steering_partners,CLI_000203
BRK_000211,identity_recycling,0.323
BRK_000220,identity_recycling,0.25
BRK_000223,identity_recycling,0.398
BRK_000238,side_commission_pct,7.1
BRK_000238,steering_greed,0.619
BRK_000238,steering_partners,CLI_000143
BRK_000239,identity_recycling,0.305
BRK_000247,identity_recycling,0.354
BRK_000250,side_commission_pct,6.75
BRK_000250,steering_greed,0.702
BRK_000250,steering_partners,CLI_000143
CLI_000012,overbilling_claim_share,0.454
CLI_000012,overbilling_factor,1.63
CLI_000027,overbilling_claim_share,0.434
CLI_000027,overbilling_factor,1.765
CLI_000074,overbilling_claim_share,0.333
CLI_000074,overbilling_factor,1.525
CLI_000081,overbilling_claim_share,0.428
CLI_000081,overbilling_factor,1.334
CLI_000094,overbilling_claim_share,0.61
CLI_000094,overbilling_factor,1.39
CLI_000126,overbilling_claim_share,0.544
CLI_000126,overbilling_factor,1.71
CLI_000144,overbilling_claim_share,0.36
CLI_000144,overbilling_factor,1.607
CLI_000153,overbilling_claim_share,0.561
CLI_000153,overbilling_factor,1.794
CLI_000174,overbilling_claim_share,0.381
CLI_000174,overbilling_factor,1.275
CLI_000177,overbilling_claim_share,0.31
CLI_000177,overbilling_factor,1.37
CLI_000213,overbilling_claim_share,0.564
CLI_000213,overbilling_factor,1.246
CLI_000220,overbilling_claim_share,0.386
CLI_000220,overbilling_factor,1.408
CLI_000239,overbilling_claim_share,0.628
CLI_000239,overbilling_factor,1.703
CLI_000255,overbilling_claim_share,0.443
CLI_000255,overbilling_factor,1.306
CLI_000271,overbilling_claim_share,0.477
CLI_000271,overbilling_factor,1.33
CLI_000276,overbilling_claim_share,0.459
CLI_000276,overbilling_factor,1.222
CLI_000291,overbilling_claim_share,0.531
CLI_000291,overbilling_factor,1.366
CLI_000298,overbilling_claim_share,0.441
CLI_000298,overbilling_factor,1.316
CLI_000385,overbilling_claim_share,0.536
CLI_000385,overbilling_factor,1.757
CLI_000399,overbilling_claim_share,0.394
CLI_000399,overbilling_factor,1.71
CLI_000407,overbilling_claim_share,0.344
CLI_000407,overbilling_factor,1.341
CLI_000413,overbilling_claim_share,0.323
CLI_000413,overbilling_factor,1.392
CLI_000430,overbilling_claim_share,0.312
CLI_000430,overbilling_factor,1.464
CLI_000431,overbilling_claim_share,0.602
CLI_000431,overbilling_factor,1.427
CLI_000445,overbilling_claim_share,0.564
CLI_000445,overbilling_factor,1.642
CLI_000472,overbilling_claim_share,0.683
CLI_000472,overbilling_factor,1.641
CLI_000494,overbilling_claim_share,0.512
CLI_000494,overbilling_factor,1.657
CLI_000498,overbilling_claim_share,0.631
CLI_000498,overbilling_factor,1.723
CLI_000516,overbilling_claim_share,0.521
CLI_000516,overbilling_factor,1.517
