entity_id,cell_id,typology
ACC_001599,ghost_1,ghost_clinic
ACC_001600,ghost_1,ghost_clinic
ACC_001602,ghost_2,ghost_clinic
ACC_001603,ghost_2,ghost_clinic
ACC_001605,ghost_3,ghost_clinic
ACC_001606,ghost_3,ghost_clinic
BRK_000251,ghost_1,ghost_clinic
BRK_000252,ghost_2,ghost_clinic
BRK_000253,ghost_3,ghost_clinic
CLI_000601,ghost_1,ghost_clinic
CLI_000602,ghost_2,ghost_clinic
CLI_000603,ghost_3,ghost_clinic
CLM_0021628,ghost_1,ghost_clinic
CLM_0021629,ghost_1,ghost_clinic
CLM_0021630,ghost_1,ghost_clinic
CLM_0021631,ghost_1,ghost_clinic
CLM_0021632,ghost_1,ghost_clinic
CLM_0021633,ghost_1,ghost_clinic
CLM_0021634,ghost_1,ghost_clinic
CLM_0021635,ghost_1,ghost_clinic
CLM_0021636,ghost_1,ghost_clinic
CLM_0021637,ghost_1,ghost_clinic
CLM_0021638,ghost_1,ghost_clinic
CLM_0021639,ghost_1,ghost_clinic
CLM_0021640,ghost_1,ghost_clinic
CLM_0021641,ghost_1,ghost_clinic
CLM_0021642,ghost_1,ghost_clinic
CLM_0021643,ghost_1,ghost_clinic
CLM_0021644,ghost_1,ghost_clinic
CLM_0021645,ghost_1,ghost_clinic
CLM_0021646,ghost_1,ghost_clinic
CLM_0021647,ghost_1,ghost_clinic
CLM_0021648,ghost_1,ghost_clinic
CLM_0021649,ghost_1,ghost_clinic
CLM_0021650,ghost_1,ghost_clinic
CLM_0021651,ghost_1,ghost_clinic
CLM_0021652,ghost_1,ghost_clinic
CLM_0021653,ghost_1,ghost_clinic
CLM_0021654,ghost_1,ghost_clinic
CLM_0021655,ghost_1,ghost_clinic
CLM_0021656,ghost_1,ghost_clinic
CLM_0021657,ghost_1,ghost_clinic
CLM_0021658,ghost_1,ghost_clinic
CLM_0021659,ghost_1,ghost_clinic
CLM_0021660,ghost_1,ghost_clinic
CLM_0021661,ghost_1,ghost_clinic
CLM_0021662,ghost_1,ghost_clinic
CLM_0021663,ghost_1,ghost_clinic
CLM_0021664,ghost_1,ghost_clinic
CLM_0021665,ghost_1,ghost_clinic
CLM_0021666,ghost_1,ghost_clinic
CLM_0021667,ghost_1,ghost_clinic
CLM_0021668,ghost_1,ghost_clinic
CLM_0021669,ghost_1,ghost_clinic
CLM_0021670,ghost_1,ghost_clinic
CLM_0021671,ghost_1,ghost_clinic
CLM_0021672,ghost_1,ghost_clinic
CLM_0021673,ghost_1,ghost_clinic
CLM_0021674,ghost_1,ghost_clinic
CLM_0021675,ghost_1,ghost_clinic
CLM_0021676,ghost_1,ghost_clinic
CLM_0021677,ghost_1,ghost_clinic
CLM_0021678,ghost_1,ghost_clinic
CLM_0021679,ghost_1,ghost_clinic
CLM_0021680,ghost_1,ghost_clinic
CLM_0021681,ghost_1,ghost_clinic
CLM_0021682,ghost_1,ghost_clinic
CLM_0021683,ghost_1,ghost_clinic
CLM_0021684,ghost_2,ghost_clinic
CLM_0021685,ghost_2,ghost_clinic
CLM_0021686,ghost_2,ghost_clinic
CLM_0021687,ghost_2,ghost_clinic
CLM_0021688,ghost_2,ghost_clinic
CLM_0021689,ghost_2,ghost_clinic
CLM_0021690,ghost_2,ghost_clinic
CLM_0021691,ghost_2,ghost_clinic
CLM_0021692,ghost_2,ghost_clinic
CLM_0021693,ghost_2,ghost_clinic
CLM_0021694,ghost_2,ghost_clinic
CLM_0021695,ghost_2,ghost_clinic
CLM_0021696,ghost_2,ghost_clinic
CLM_0021697,ghost_2,ghost_clinic
CLM_0021698,ghost_2,ghost_clinic
CLM_0021699,ghost_2,ghost_clinic
CLM_0021700,ghost_2,ghost_clinic
CLM_0021701,ghost_2,ghost_clinic
CLM_0021702,ghost_2,ghost_clinic
CLM_0021703,ghost_2,ghost_clinic
CLM_0021704,ghost_2,ghost_clinic
CLM_0021705,ghost_2,ghost_clinic
CLM_0021706,ghost_2,ghost_clinic
CLM_0021707,ghost_2,ghost_clinic
CLM_0021708,ghost_2,ghost_clinic
CLM_0021709,ghost_2,ghost_clinic
CLM_0021710,ghost_2,ghost_clinic
CLM_0021711,ghost_2,ghost_clinic
CLM_0021712,ghost_2,ghost_clinic
CLM_0021713,ghost_2,ghost_clinic
CLM_0021714,ghost_2,ghost_clinic
CLM_0021715,ghost_2,ghost_clinic
CLM_0021716,ghost_2,ghost_clinic
CLM_0021717,ghost_2,ghost_clinic
CLM_0021718,ghost_2,ghost_clinic
CLM_0021719,ghost_2,ghost_clinic
CLM_0021720,ghost_2,ghost_clinic
CLM_0021721,ghost_2,ghost_clinic
CLM_0021722,ghost_2,ghost_clinic
CLM_0021723,ghost_2,ghost_clinic
CLM_0021724,ghost_2,ghost_clinic
CLM_0021725,ghost_2,ghost_clinic
CLM_0021726,ghost_2,ghost_clinic
CLM_0021727,ghost_2,ghost_clinic
CLM_0021728,ghost_2,ghost_clinic
CLM_0021729,ghost_2,ghost_clinic
CLM_0021730,ghost_2,ghost_clinic
CLM_0021731,ghost_2,ghost_clinic
CLM_0021732,ghost_2,ghost_clinic
CLM_0021733,ghost_2,ghost_clinic
CLM_0021734,ghost_2,ghost_clinic
CLM_0021735,ghost_2,ghost_clinic
CLM_0021736,ghost_2,ghost_clinic
CLM_0021737,ghost_2,ghost_clinic
CLM_0021738,ghost_2,ghost_clinic
CLM_0021739,ghost_2,ghost_clinic
CLM_0021740,ghost_3,ghost_clinic
CLM_0021741,ghost_3,ghost_clinic
CLM_0021742,ghost_3,ghost_clinic
CLM_0021743,ghost_3,ghost_clinic
CLM_0021744,ghost_3,ghost_clinic
CLM_0021745,ghost_3,ghost_clinic
CLM_0021746,ghost_3,ghost_clinic
CLM_0021747,ghost_3,ghost_clinic
CLM_0021748,ghost_3,ghost_clinic
CLM_0021749,ghost_3,ghost_clinic
CLM_0021750,ghost_3,ghost_clinic
CLM_0021751,ghost_3,ghost_clinic
CLM_0021752,ghost_3,ghost_clinic
CLM_0021753,ghost_3,ghost_clinic
CLM_0021754,ghost_3,ghost_clinic
CLM_0021755,ghost_3,ghost_clinic
CLM_0021756,ghost_3,ghost_clinic
CLM_0021757,ghost_3,ghost_clinic
CLM_0021758,ghost_3,ghost_clinic
CLM_0021759,ghost_3,ghost_clinic
CLM_0021760,ghost_3,ghost_clinic
CLM_0021761,ghost_3,ghost_clinic
CLM_0021762,ghost_3,ghost_clinic
CLM_0021763,ghost_3,ghost_clinic
CLM_0021764,ghost_3,ghost_clinic
CLM_0021765,ghost_3,ghost_clinic
CLM_0021766,ghost_3,ghost_clinic
CLM_0021767,ghost_3,ghost_clinic
CLM_0021768,ghost_3,ghost_clinic
CLM_0021769,ghost_3,ghost_clinic
CLM_0021770,ghost_3,ghost_clinic
CLM_0021771,ghost_3,ghost_clinic
CLM_0021772,ghost_3,ghost_clinic
CLM_0021773,ghost_3,ghost_clinic
CLM_0021774,ghost_3,ghost_clinic
CLM_0021775,ghost_3,ghost_clinic
CLM_0021776,ghost_3,ghost_clinic
CLM_0021777,ghost_3,ghost_clinic
CLM_0021778,ghost_3,ghost_clinic
CLM_0021779,ghost_3,ghost_clinic
CLM_0021780,ghost_3,ghost_clinic
CLM_0021781,ghost_3,ghost_clinic
CLM_0021782,ghost_3,ghost_clinic
CLM_0021783,ghost_3,ghost_clinic
CLM_0021784,ghost_3,ghost_clinic
CLM_0021785,ghost_3,ghost_clinic
CLM_0021786,ghost_3,ghost_clinic
CLM_0021787,ghost_3,ghost_clinic
CLM_0021788,ghost_3,ghost_clinic
CLM_0021789,ghost_3,ghost_clinic
CLM_0021790,ghost_3,ghost_clinic
CLM_0021791,ghost_3,ghost_clinic
CLM_0021792,ghost_3,ghost_clinic
CLM_0021793,ghost_3,ghost_clinic
CLM_0021794,ghost_3,ghost_clinic
CLM_0021795,ghost_3,ghost_clinic
CLM_0021796,cred_1,credential_laundering
CLM_0021797,cred_1,credential_laundering
CLM_0021798,cred_1,credential_laundering
CLM_0021799,cred_1,credential_laundering
CLM_0021800,cred_1,credential_laundering
CLM_0021801,cred_1,credential_laundering
CLM_0021802,cred_1,credential_laundering
CLM_0021803,cred_1,credential_laundering
CLM_0021804,cred_1,credential_laundering
CLM_0021805,cred_1,credential_laundering
CLM_0021806,cred_1,credential_laundering
CLM_0021807,cred_1,credential_laundering
CLM_0021808,cred_1,credential_laundering
CLM_0021809,cred_1,credential_laundering
CLM_0021810,cred_1,credential_laundering
CLM_0021811,cred_1,credential_laundering
CLM_0021812,cred_1,credential_laundering
CLM_0021813,cred_1,credential_laundering
CLM_0021814,cred_1,credential_laundering
CLM_0021815,cred_1,credential_laundering
CLM_0021816,cred_1,credential_laundering
CLM_0021817,cred_1,credential_laundering
CLM_0021818,cred_1,credential_laundering
CLM_0021819,cred_1,credential_laundering
CLM_0021820,cred_1,credential_laundering
CLM_0021821,cred_1,credential_laundering
CLM_0021822,cred_1,credential_laundering
CLM_0021823,cred_1,credential_laundering
CLM_0021824,cred_1,credential_laundering
CLM_0021825,cred_1,credential_laundering
CLM_0021826,cred_1,credential_laundering
CLM_0021827,cred_1,credential_laundering
CLM_0021828,cred_1,credential_laundering
CLM_0021829,cred_1,credential_laundering
CLM_0021830,cred_1,credential_laundering
CLM_0021831,cred_1,credential_laundering
CLM_0021832,cred_1,credential_laundering
CLM_0021833,cred_1,credential_laundering
CLM_0021834,cred_1,credential_laundering
CLM_0021835,cred_1,credential_laundering
CLM_0021836,cred_1,credential_laundering
CLM_0021837,cred_1,credential_laundering
CLM_0021838,cred_1,credential_laundering
CLM_0021839,cred_1,credential_laundering
CLM_0021840,cred_1,credential_laundering
CLM_0021841,cred_1,credential_laundering
CLM_0021842,cred_1,credential_laundering
CLM_0021843,cred_1,credential_laundering
CLM_0021844,cred_1,credential_laundering
CLM_0021845,cred_1,credential_laundering
CLM_0021846,cred_1,credential_laundering
CLM_0021847,cred_1,credential_laundering
CLM_0021848,cred_1,credential_laundering
CLM_0021849,cred_1,credential_laundering
CLM_0021850,cred_1,credential_laundering
CLM_0021851,cred_1,credential_laundering
CLM_0021852,cred_1,credential_laundering
CLM_0021853,cred_1,credential_laundering
CLM_0021854,cred_1,credential_laundering
CLM_0021855,cred_1,credential_laundering
CLM_0021856,cred_1,credential_laundering
CLM_0021857,cred_1,credential_laundering
CLM_0021858,cred_1,credential_laundering
CLM_0021859,cred_1,credential_laundering
CLM_0021860,cred_1,credential_laundering
CLM_0021861,cred_1,credential_laundering
CLM_0021862,cred_1,credential_laundering
CLM_0021863,cred_1,credential_laundering
CLM_0021864,cred_1,credential_laundering
CLM_0021865,cred_1,credential_laundering
CLM_0021866,cred_1,credential_laundering
CLM_0021867,cred_1,credential_laundering
CLM_0021868,cred_1,credential_laundering
CLM_0021869,cred_1,credential_laundering
CLM_0021870,cred_1,credential_laundering
CLM_0021871,cred_1,credential_laundering
CLM_0021872,cred_1,credential_laundering
CLM_0021873,cred_1,credential_laundering
CLM_0021874,cred_1,credential_laundering
CLM_0021875,cred_1,credential_laundering
CLM_0021876,cred_1,credential_laundering
CLM_0021877,cred_1,credential_laundering
CLM_0021878,cred_1,credential_laundering
CLM_0021879,cred_1,credential_laundering
CLM_0021880,cred_1,credential_laundering
CLM_0021881,cred_1,credential_laundering
CLM_0021882,cred_1,credential_laundering
CLM_0021883,cred_1,credential_laundering
CLM_0021884,cred_1,credential_laundering
CLM_0021885,cred_1,credential_laundering
CLM_0021886,cred_1,credential_laundering
CLM_0021887,cred_1,credential_laundering
CLM_0021888,cred_1,credential_laundering
CLM_0021889,cred_1,credential_laundering
CLM_0021890,cred_1,credential_laundering
CLM_0021891,cred_2,credential_laundering
CLM_0021892,cred_2,credential_laundering
CLM_0021893,cred_2,credential_laundering
CLM_0021894,cred_2,credential_laundering
CLM_0021895,cred_2,credential_laundering
CLM_0021896,cred_2,credential_laundering
CLM_0021897,cred_2,credential_laundering
CLM_0021898,cred_2,credential_laundering
CLM_0021899,cred_2,credential_laundering
CLM_0021900,cred_2,credential_laundering
CLM_0021901,cred_2,credential_laundering
CLM_0021902,cred_2,credential_laundering
CLM_0021903,cred_2,credential_laundering
CLM_0021904,cred_2,credential_laundering
CLM_0021905,cred_2,credential_laundering
CLM_0021906,cred_2,credential_laundering
CLM_0021907,cred_2,credential_laundering
CLM_0021908,cred_2,credential_laundering
CLM_0021909,cred_2,credential_laundering
CLM_0021910,cred_2,credential_laundering
CLM_0021911,cred_2,credential_laundering
CLM_0021912,cred_2,credential_laundering
CLM_0021913,cred_2,credential_laundering
CLM_0021914,cred_2,credential_laundering
CLM_0021915,cred_2,credential_laundering
CLM_0021916,cred_2,credential_laundering
CLM_0021917,cred_2,credential_laundering
CLM_0021918,cred_2,credential_laundering
CLM_0021919,cred_2,credential_laundering
CLM_0021920,cred_2,credential_laundering
CLM_0021921,cred_2,credential_laundering
CLM_0021922,cred_2,credential_laundering
CLM_0021923,cred_2,credential_laundering
CLM_0021924,cred_2,credential_laundering
CLM_0021925,cred_2,credential_laundering
CLM_0021926,cred_2,credential_laundering
CLM_0021927,cred_2,credential_laundering
CLM_0021928,cred_2,credential_laundering
CLM_0021929,cred_2,credential_laundering
CLM_0021930,cred_2,credential_laundering
CLM_0021931,cred_2,credential_laundering
CLM_0021932,cred_2,credential_laundering
CLM_0021933,cred_2,credential_laundering
CLM_0021934,cred_2,credential_laundering
CLM_0021935,cred_2,credential_laundering
CLM_0021936,cred_2,credential_laundering
CLM_0021937,cred_2,credential_laundering
CLM_0021938,cred_2,credential_laundering
CLM_0021939,cred_2,credential_laundering
CLM_0021940,cred_2,credential_laundering
CLM_0021941,cred_2,credential_laundering
CLM_0021942,cred_2,credential_laundering
CLM_0021943,cred_2,credential_laundering
CLM_0021944,cred_2,credential_laundering
CLM_0021945,cred_2,credential_laundering
CLM_0021946,cred_3,credential_laundering
CLM_0021947,cred_3,credential_laundering
CLM_0021948,cred_3,credential_laundering
CLM_0021949,cred_3,credential_laundering
CLM_0021950,cred_3,credential_laundering
CLM_0021951,cred_3,credential_laundering
CLM_0021952,cred_3,credential_laundering
CLM_0021953,cred_3,credential_laundering
CLM_0021954,cred_3,credential_laundering
CLM_0021955,cred_3,credential_laundering
CLM_0021956,cred_3,credential_laundering
CLM_0021957,cred_3,credential_laundering
CLM_0021958,cred_3,credential_laundering
CLM_0021959,cred_3,credential_laundering
CLM_0021960,cred_3,credential_laundering
CLM_0021961,cred_3,credential_laundering
CLM_0021962,cred_3,credential_laundering
CLM_0021963,cred_3,credential_laundering
CLM_0021964,cred_3,credential_laundering
CLM_0021965,cred_3,credential_laundering
CLM_0021966,cred_3,credential_laundering
CLM_0021967,cred_3,credential_laundering
CLM_0021968,cred_3,credential_laundering
CLM_0021969,cred_3,credential_laundering
CLM_0021970,cred_3,credential_laundering
CLM_0021971,cred_3,credential_laundering
CLM_0021972,cred_3,credential_laundering
CLM_0021973,cred_3,credential_laundering
CLM_0021974,cred_3,credential_laundering
CLM_0021975,cred_3,credential_laundering
CLM_0021976,cred_3,credential_laundering
CLM_0021977,cred_3,credential_laundering
CLM_0021978,cred_3,credential_laundering
CLM_0021979,cred_3,credential_laundering
CLM_0021980,cred_3,credential_laundering
CLM_0021981,cred_3,credential_laundering
CLM_0021982,cred_3,credential_laundering
CLM_0021983,cred_3,credential_laundering
CLM_0021984,cred_3,credential_laundering
CLM_0021985,cred_3,credential_laundering
CLM_0021986,cred_3,credential_laundering
CLM_0021987,cred_3,credential_laundering
CLM_0021988,cred_3,credential_laundering
CLM_0021989,cred_3,credential_laundering
CLM_0021990,cred_3,credential_laundering
CLM_0021991,cred_3,credential_laundering
CLM_0021992,cred_3,credential_laundering
CLM_0021993,cred_3,credential_laundering
CLM_0021994,cred_3,credential_laundering
CLM_0021995,cred_3,credential_laundering
CLM_0021996,cred_3,credential_laundering
CLM_0021997,cred_3,credential_laundering
CLM_0021998,cred_3,credential_laundering
CLM_0021999,cred_3,credential_laundering
CLM_0022000,cred_3,credential_laundering
CLM_0022001,cred_3,credential_laundering
CLM_0022002,cred_3,credential_laundering
CLM_0022003,cred_3,credential_laundering
CLM_0022004,cred_3,credential_laundering
CLM_0022005,cred_3,credential_laundering
CLM_0022006,cred_3,credential_laundering
CLM_0022007,cred_3,credential_laundering
CLM_0022008,cred_3,credential_laundering
CLM_0022009,cred_3,credential_laundering
CLM_0022010,cred_3,credential_laundering
CLM_0022011,cred_3,credential_laundering
CLM_0022012,cred_3,credential_laundering
CLM_0022013,cred_3,credential_laundering
CLM_0022014,cred_3,credential_laundering
CLM_0022015,cred_3,credential_laundering
CLM_0022016,cred_3,credential_laundering
CLM_0022017,cred_3,credential_laundering
CLM_0022018,cred_3,credential_laundering
CLM_0022019,cred_3,credential_laundering
CLM_0022020,cred_3,credential_laundering
CLM_0022021,cred_3,credential_laundering
CLM_0022022,cred_3,credential_laundering
CLM_0022023,cred_3,credential_laundering
CLM_0022024,cred_3,credential_laundering
CLM_0022025,cred_3,credential_laundering
CLM_0022026,cred_3,credential_laundering
CLM_0022027,cred_3,credential_laundering
CLM_0022028,cred_3,credential_laundering
CLM_0022029,cred_3,credential_laundering
CLM_0022030,cred_3,credential_laundering
CLM_0022031,cred_3,credential_laundering
CRD_002233,ghost_1,ghost_clinic
CRD_002234,ghost_2,ghost_clinic
CRD_002235,ghost_3,ghost_clinic
CRD_002236,cred_1,credential_laundering
CRD_002237,cred_1,credential_laundering
CRD_002238,cred_1,credential_laundering
CRD_002239,cred_2,credential_laundering
CRD_002240,cred_2,credential_laundering
CRD_002241,cred_2,credential_laundering
CRD_002242,cred_3,credential_laundering
CRD_002243,cred_3,credential_laundering
CRD_002244,cred_3,credential_laundering
CRD_002245,cred_3,credential_laundering
DOC_001501,ghost_1,ghost_clinic
DOC_001502,ghost_2,ghost_clinic
DOC_001503,ghost_3,ghost_clinic
DOC_001504,cred_1,credential_laundering
DOC_001505,cred_1,credential_laundering
DOC_001506,cred_1,credential_laundering
DOC_001507,cred_2,credential_laundering
DOC_001508,cred_2,credential_laundering
DOC_001509,cred_2,credential_laundering
DOC_001510,cred_3,credential_laundering
DOC_001511,cred_3,credential_laundering
DOC_001512,cred_3,credential_laundering
DOC_001513,cred_3,credential_laundering
PAT_010012,ghost_1,ghost_clinic
PAT_010013,ghost_1,ghost_clinic
PAT_010014,ghost_1,ghost_clinic
PAT_010015,ghost_1,ghost_clinic
PAT_010016,ghost_1,ghost_clinic
PAT_010017,ghost_1,ghost_clinic
PAT_010018,ghost_1,ghost_clinic
PAT_010019,ghost_1,ghost_clinic
PAT_010020,ghost_1,ghost_clinic
PAT_010021,ghost_1,ghost_clinic
PAT_010022,ghost_1,ghost_clinic
PAT_010023,ghost_1,ghost_clinic
PAT_010024,ghost_1,ghost_clinic
PAT_010025,ghost_1,ghost_clinic
PAT_010026,ghost_1,ghost_clinic
PAT_010027,ghost_1,ghost_clinic
PAT_010028,ghost_1,ghost_clinic
PAT_010029,ghost_1,ghost_clinic
PAT_010030,ghost_1,ghost_clinic
PAT_010031,ghost_1,ghost_clinic
PAT_010032,ghost_1,ghost_clinic
PAT_010033,ghost_1,ghost_clinic
PAT_010034,ghost_1,ghost_clinic
PAT_010035,ghost_1,ghost_clinic
PAT_010036,ghost_1,ghost_clinic
PAT_010037,ghost_2,ghost_clinic
PAT_010038,ghost_2,ghost_clinic
PAT_010039,ghost_2,ghost_clinic
PAT_010040,ghost_2,ghost_clinic
PAT_010041,ghost_2,ghost_clinic
PAT_010042,ghost_2,ghost_clinic
PAT_010043,ghost_2,ghost_clinic
PAT_010044,ghost_2,ghost_clinic
PAT_010045,ghost_2,ghost_clinic
PAT_010046,ghost_2,ghost_clinic
PAT_010047,ghost_2,ghost_clinic
PAT_010048,ghost_2,ghost_clinic
PAT_010049,ghost_2,ghost_clinic
PAT_010050,ghost_2,ghost_clinic
PAT_010051,ghost_2,ghost_clinic
PAT_010052,ghost_2,ghost_clinic
PAT_010053,ghost_2,ghost_clinic
PAT_010054,ghost_2,ghost_clinic
PAT_010055,ghost_2,ghost_clinic
PAT_010056,ghost_2,ghost_clinic
PAT_010057,ghost_2,ghost_clinic
PAT_010058,ghost_2,ghost_clinic
PAT_010059,ghost_2,ghost_clinic
PAT_010060,ghost_2,ghost_clinic
PAT_010061,ghost_2,ghost_clinic
PAT_010062,ghost_2,ghost_clinic
PAT_010063,ghost_2,ghost_clinic
PAT_010064,ghost_3,ghost_clinic
PAT_010065,ghost_3,ghost_clinic
PAT_010066,ghost_3,ghost_clinic
PAT_010067,ghost_3,ghost_clinic
PAT_010068,ghost_3,ghost_clinic
PAT_010069,ghost_3,ghost_clinic
PAT_010070,ghost_3,ghost_clinic
PAT_010071,ghost_3,ghost_clinic
PAT_010072,ghost_3,ghost_clinic
PAT_010073,ghost_3,ghost_clinic
PAT_010074,ghost_3,ghost_clinic
PAT_010075,ghost_3,ghost_clinic
PAT_010076,ghost_3,ghost_clinic
PAT_010077,ghost_3,ghost_clinic
PAT_010078,ghost_3,ghost_clinic
PAT_010079,ghost_3,ghost_clinic
PAT_010080,ghost_3,ghost_clinic
PAT_010081,ghost_3,ghost_clinic
PAT_010082,ghost_3,ghost_clinic
PAT_010083,ghost_3,ghost_clinic
PAT_010084,ghost_3,ghost_clinic
PAT_010085,ghost_3,ghost_clinic
PAT_010086,ghost_3,ghost_clinic
PAT_010087,ghost_3,ghost_clinic
PAT_010088,ghost_3,ghost_clinic
PAT_010089,ghost_3,ghost_clinic
PAT_010090,ghost_3,ghost_clinic
PAT_010091,ghost_3,ghost_clinic
PAT_010092,ghost_3,ghost_clinic
